,Transaction ID,Item,Quantity,Price Per Unit,Total Spent,Payment Method,Location,Transaction Date
0,TXN_1961373,Coffee,2.0,2.0,4.0,Credit Card,Takeaway,2023-09-08
1,TXN_4977031,Cake,4.0,3.0,12.0,Cash,In-store,2023-05-16
2,TXN_4271903,Cookie,4.0,1.0,4.0,Credit Card,In-store,2023-07-19
3,TXN_7034554,Salad,2.0,5.0,10.0,UNKNOWN,UNKNOWN,2023-04-27
4,TXN_3160411,Coffee,2.0,2.0,4.0,Digital Wallet,In-store,2023-06-11
5,TXN_2602893,Smoothie,5.0,4.0,20.0,Credit Card,,2023-03-31
7,TXN_6699534,Sandwich,4.0,4.0,16.0,Cash,UNKNOWN,2023-10-28
10,TXN_2548360,Salad,5.0,5.0,25.0,Cash,Takeaway,2023-11-07
11,TXN_3051279,Sandwich,2.0,4.0,8.0,Credit Card,Takeaway,
12,TXN_7619095,Sandwich,2.0,4.0,8.0,Cash,In-store,2023-05-03
15,TXN_2847255,Salad,3.0,5.0,15.0,Credit Card,In-store,2023-11-15
17,TXN_6769710,Juice,2.0,3.0,6.0,Cash,In-store,2023-02-24
18,TXN_8876618,Cake,5.0,3.0,15.0,Cash,ERROR,2023-03-25
19,TXN_3709394,Juice,4.0,3.0,12.0,Cash,Takeaway,2023-01-15
21,TXN_3567645,Smoothie,4.0,4.0,16.0,Credit Card,Takeaway,2023-03-30
22,TXN_5132361,Sandwich,3.0,4.0,12.0,Digital Wallet,Takeaway,2023-12-01
24,TXN_9400181,Sandwich,5.0,4.0,20.0,Cash,In-store,2023-06-03
25,TXN_7958992,Smoothie,3.0,4.0,12.0,UNKNOWN,UNKNOWN,2023-12-13
26,TXN_5183041,Cookie,5.0,1.0,5.0,Credit Card,In-store,2023-04-20
27,TXN_5695074,Juice,4.0,3.0,12.0,Credit Card,Takeaway,2023-04-10
28,TXN_8467949,Smoothie,5.0,4.0,20.0,Credit Card,,2023-03-11
29,TXN_7640952,Cake,4.0,3.0,12.0,Digital Wallet,Takeaway,
34,TXN_8853997,Smoothie,2.0,4.0,8.0,Digital Wallet,Takeaway,2023-10-09
35,TXN_9130559,Sandwich,1.0,4.0,4.0,Credit Card,UNKNOWN,2023-05-28
37,TXN_1080432,Salad,2.0,5.0,10.0,Credit Card,In-store,2023-04-29
45,TXN_5455792,Salad,3.0,5.0,15.0,Cash,,2023-03-22
46,TXN_8078640,Juice,4.0,3.0,12.0,Digital Wallet,In-store,2023-11-03
48,TXN_8201146,Juice,5.0,3.0,15.0,Cash,,2023-06-26
53,TXN_3363746,Smoothie,3.0,4.0,12.0,Credit Card,,2023-11-25
54,TXN_8614868,Smoothie,5.0,4.0,20.0,Digital Wallet,Takeaway,2023-12-05
58,TXN_6421134,Sandwich,4.0,4.0,16.0,Cash,Takeaway,2023-11-03
62,TXN_2537617,Sandwich,1.0,4.0,4.0,Cash,,2023-05-27
64,TXN_9230615,Smoothie,4.0,4.0,16.0,Digital Wallet,,2023-06-01
67,TXN_3068204,Cookie,1.0,1.0,1.0,Credit Card,Takeaway,2023-10-03
70,TXN_2621580,Tea,2.0,1.5,3.0,Cash,In-store,2023-03-22
71,TXN_4726376,Cake,2.0,3.0,6.0,Credit Card,In-store,2023-01-31
74,TXN_1900620,Smoothie,2.0,4.0,8.0,Credit Card,ERROR,2023-12-14
75,TXN_6420335,Coffee,1.0,2.0,2.0,Cash,Takeaway,2023-07-16
76,TXN_3858209,Sandwich,4.0,4.0,16.0,Cash,,2023-02-22
78,TXN_8735480,Tea,5.0,1.5,7.5,Cash,,2023-06-02
79,TXN_3829165,Juice,4.0,3.0,12.0,Cash,In-store,2023-06-15
80,TXN_3748616,Coffee,2.0,2.0,4.0,Credit Card,In-store,2023-12-09
83,TXN_5266394,Cake,3.0,3.0,9.0,Cash,In-store,2023-10-28
84,TXN_5107946,Cake,4.0,3.0,12.0,Credit Card,,2023-12-22
86,TXN_8718498,Cake,5.0,3.0,15.0,Credit Card,ERROR,2023-04-30
90,TXN_8976658,Tea,2.0,1.5,3.0,Credit Card,In-store,2023-08-16
92,TXN_2725602,Juice,5.0,3.0,15.0,Credit Card,,2023-09-10
93,TXN_3011323,Coffee,3.0,2.0,6.0,Credit Card,,2023-03-07
94,TXN_6289610,Juice,3.0,3.0,9.0,Cash,Takeaway,2023-08-07
96,TXN_5220895,Salad,5.0,5.0,25.0,Cash,In-store,2023-06-10
97,TXN_3085509,Coffee,4.0,2.0,8.0,Digital Wallet,In-store,2023-04-15
98,TXN_9999113,Juice,4.0,3.0,12.0,Cash,Takeaway,2023-05-27
99,TXN_8779771,Coffee,4.0,2.0,8.0,Cash,In-store,2023-07-25
102,TXN_3808639,Juice,2.0,3.0,6.0,Digital Wallet,Takeaway,2023-12-15
106,TXN_3775339,Cookie,3.0,1.0,3.0,Credit Card,UNKNOWN,2023-04-03
107,TXN_9547091,Cookie,3.0,1.0,3.0,Credit Card,,2023-10-08
108,TXN_4358673,Cookie,5.0,1.0,5.0,Digital Wallet,Takeaway,2023-12-28
109,TXN_4174591,Tea,4.0,1.5,6.0,Digital Wallet,,2023-08-30
111,TXN_6171384,Smoothie,2.0,4.0,8.0,Credit Card,,2023-09-12
113,TXN_3314971,Juice,3.0,3.0,9.0,Digital Wallet,,2023-05-04
114,TXN_3092382,Coffee,5.0,2.0,10.0,Digital Wallet,,2023-02-21
115,TXN_1001832,Salad,2.0,5.0,10.0,Cash,Takeaway,
116,TXN_1535311,Juice,3.0,3.0,9.0,Cash,,2023-03-16
119,TXN_4368416,Salad,2.0,5.0,10.0,Credit Card,Takeaway,2023-02-24
120,TXN_9790731,Cake,2.0,3.0,6.0,UNKNOWN,,2023-06-02
123,TXN_6258471,Coffee,5.0,2.0,10.0,Digital Wallet,In-store,2023-09-23
125,TXN_4685453,Tea,4.0,1.5,6.0,Cash,In-store,2023-09-14
126,TXN_9646452,Juice,5.0,3.0,15.0,Credit Card,,2023-09-16
127,TXN_9096052,Smoothie,4.0,4.0,16.0,Credit Card,Takeaway,2023-12-28
128,TXN_5916991,Juice,2.0,3.0,6.0,Digital Wallet,Takeaway,2023-02-06
129,TXN_3407169,Sandwich,2.0,4.0,8.0,Cash,In-store,2023-03-11
130,TXN_2277042,Tea,1.0,1.5,1.5,Cash,,2023-04-08
132,TXN_2181545,Juice,4.0,3.0,12.0,Credit Card,Takeaway,2023-07-14
133,TXN_1150033,Juice,5.0,3.0,15.0,Cash,In-store,2023-04-18
135,TXN_8700451,Tea,5.0,1.5,7.5,Credit Card,Takeaway,2023-12-12
136,TXN_6380550,Coffee,5.0,2.0,10.0,Cash,In-store,2023-01-05
137,TXN_4885518,Salad,3.0,5.0,15.0,Credit Card,In-store,2023-06-10
139,TXN_4878378,Tea,1.0,1.5,1.5,Credit Card,,2023-02-20
142,TXN_7943008,Coffee,1.0,2.0,2.0,Credit Card,,
143,TXN_8495063,Juice,1.0,3.0,3.0,Cash,,2023-05-31
144,TXN_4811133,Salad,2.0,5.0,10.0,Cash,,2023-08-11
145,TXN_8729570,Tea,5.0,1.5,7.5,UNKNOWN,In-store,2023-09-03
146,TXN_7623634,Cake,2.0,3.0,6.0,Credit Card,In-store,2023-07-11
149,TXN_5072031,Cake,2.0,3.0,6.0,Cash,Takeaway,2023-03-23
150,TXN_8687151,Salad,5.0,5.0,25.0,Cash,,2023-06-10
154,TXN_4108138,Coffee,5.0,2.0,10.0,Cash,,2023-08-03
156,TXN_1928241,Coffee,3.0,2.0,6.0,Cash,In-store,2023-04-30
157,TXN_4283157,Salad,5.0,5.0,25.0,Digital Wallet,In-store,2023-11-25
158,TXN_8013032,Coffee,2.0,2.0,4.0,Credit Card,,2023-03-07
160,TXN_1093800,Sandwich,3.0,4.0,12.0,Cash,Takeaway,
166,TXN_1648671,Sandwich,3.0,4.0,12.0,Cash,Takeaway,2023-05-21
167,TXN_4062737,Cake,3.0,3.0,9.0,Cash,In-store,2023-07-02
169,TXN_9249507,Cookie,4.0,1.0,4.0,Credit Card,In-store,2023-11-21
173,TXN_9836934,Cookie,3.0,1.0,3.0,Digital Wallet,In-store,2023-03-13
175,TXN_6463132,Cookie,5.0,1.0,5.0,Credit Card,Takeaway,
176,TXN_3925836,Cookie,3.0,1.0,3.0,Digital Wallet,In-store,2023-02-16
179,TXN_3978874,Smoothie,5.0,4.0,20.0,Credit Card,In-store,2023-03-13
181,TXN_1136554,Smoothie,3.0,4.0,12.0,UNKNOWN,Takeaway,2023-03-26
182,TXN_8007337,Cake,2.0,3.0,6.0,Digital Wallet,Takeaway,2023-11-01
183,TXN_8129834,Salad,1.0,5.0,5.0,Cash,,2023-07-22
185,TXN_5365809,Cake,3.0,3.0,9.0,Cash,In-store,2023-09-14
187,TXN_6629480,Smoothie,5.0,4.0,20.0,Credit Card,In-store,2023-02-28
188,TXN_3833797,Coffee,4.0,2.0,8.0,UNKNOWN,In-store,2023-01-27
190,TXN_2996519,Cake,5.0,3.0,15.0,Cash,,2023-01-19
192,TXN_7412722,Juice,4.0,3.0,12.0,Cash,In-store,2023-04-07
194,TXN_6000201,Cookie,3.0,1.0,3.0,Cash,Takeaway,2023-02-16
199,TXN_6311602,Juice,3.0,3.0,9.0,Credit Card,,2023-05-15
200,TXN_2950680,Coffee,2.0,2.0,4.0,Credit Card,Takeaway,2023-12-10
201,TXN_6749847,Cake,2.0,3.0,6.0,Credit Card,,2023-08-15
204,TXN_4088917,Coffee,3.0,2.0,6.0,Cash,Takeaway,2023-02-04
205,TXN_3779366,Cookie,1.0,1.0,1.0,Digital Wallet,In-store,2023-04-15
208,TXN_3171373,Smoothie,3.0,4.0,12.0,Credit Card,In-store,2023-05-10
209,TXN_4129248,Sandwich,2.0,4.0,8.0,Credit Card,,
215,TXN_3857960,Salad,4.0,5.0,20.0,Cash,In-store,2023-04-26
217,TXN_9250710,Salad,1.0,5.0,5.0,Cash,In-store,2023-05-28
220,TXN_9879996,Coffee,4.0,2.0,8.0,Digital Wallet,In-store,2023-03-01
221,TXN_4291940,Cake,3.0,3.0,9.0,Credit Card,In-store,2023-11-13
222,TXN_7433461,Cookie,2.0,1.0,2.0,Digital Wallet,,2023-07-09
223,TXN_4068262,Salad,2.0,5.0,10.0,Credit Card,,2023-05-13
224,TXN_5761073,Cookie,1.0,1.0,1.0,Cash,In-store,
225,TXN_5047447,Salad,1.0,5.0,5.0,Digital Wallet,Takeaway,2023-12-27
226,TXN_6623508,Cookie,5.0,1.0,5.0,Digital Wallet,Takeaway,2023-05-18
230,TXN_7031118,Salad,1.0,5.0,5.0,Credit Card,ERROR,2023-03-29
231,TXN_2230167,Cake,4.0,3.0,12.0,Digital Wallet,Takeaway,2023-09-22
233,TXN_1721827,Cake,4.0,3.0,12.0,Digital Wallet,ERROR,2023-08-22
234,TXN_6334895,Smoothie,1.0,4.0,4.0,Credit Card,ERROR,2023-07-27
238,TXN_5526852,Sandwich,5.0,4.0,20.0,Digital Wallet,In-store,2023-09-28
242,TXN_3786188,Tea,3.0,1.5,4.5,Credit Card,In-store,2023-10-20
244,TXN_9642066,Sandwich,3.0,4.0,12.0,Credit Card,In-store,2023-08-31
245,TXN_7328294,Juice,2.0,3.0,6.0,Cash,,2023-07-07
248,TXN_5415901,Cake,2.0,3.0,6.0,Digital Wallet,,2023-10-21
250,TXN_6616971,Juice,2.0,3.0,6.0,Digital Wallet,Takeaway,2023-09-02
251,TXN_7803615,Salad,3.0,5.0,15.0,Cash,In-store,2023-12-13
253,TXN_3544789,Tea,4.0,1.5,6.0,UNKNOWN,In-store,2023-07-14
254,TXN_1583597,Salad,1.0,5.0,5.0,Cash,In-store,2023-05-10
255,TXN_8472308,Cookie,2.0,1.0,2.0,Digital Wallet,Takeaway,2023-08-19
256,TXN_1967565,Smoothie,5.0,4.0,20.0,Credit Card,Takeaway,2023-03-31
257,TXN_2029497,Sandwich,2.0,4.0,8.0,Cash,Takeaway,2023-01-06
259,TXN_5003018,Cookie,4.0,1.0,4.0,Digital Wallet,,
260,TXN_7852990,Sandwich,5.0,4.0,20.0,Digital Wallet,Takeaway,2023-07-10
261,TXN_2534066,Salad,2.0,5.0,10.0,Cash,,2023-10-13
262,TXN_2059647,Tea,1.0,1.5,1.5,Digital Wallet,In-store,2023-05-29
263,TXN_2485183,Smoothie,5.0,4.0,20.0,Cash,In-store,2023-07-07
264,TXN_7374846,Sandwich,1.0,4.0,4.0,Credit Card,UNKNOWN,2023-05-29
265,TXN_9401522,Sandwich,4.0,4.0,16.0,Digital Wallet,In-store,2023-11-16
266,TXN_8250651,Sandwich,4.0,4.0,16.0,Digital Wallet,In-store,2023-03-13
268,TXN_8982764,Cake,5.0,3.0,15.0,Digital Wallet,Takeaway,2023-11-23
270,TXN_1153869,Smoothie,5.0,4.0,20.0,Credit Card,Takeaway,2023-11-03
271,TXN_5043774,Sandwich,3.0,4.0,12.0,Cash,,2023-06-08
272,TXN_1746320,Salad,1.0,5.0,5.0,Cash,,2023-11-14
277,TXN_2130245,Smoothie,5.0,4.0,20.0,Credit Card,,2023-11-13
279,TXN_9076216,Cake,1.0,3.0,3.0,Cash,,2023-12-17
280,TXN_6371987,Tea,5.0,1.5,7.5,UNKNOWN,Takeaway,2023-03-13
282,TXN_2084377,Smoothie,1.0,4.0,4.0,Credit Card,ERROR,2023-10-22
290,TXN_7557340,Tea,5.0,1.5,7.5,Credit Card,In-store,2023-12-11
291,TXN_1157817,Smoothie,1.0,4.0,4.0,Digital Wallet,In-store,2023-04-25
292,TXN_2020318,Tea,3.0,1.5,4.5,Digital Wallet,In-store,2023-10-12
294,TXN_5307411,Cake,3.0,3.0,9.0,Digital Wallet,Takeaway,2023-10-21
295,TXN_9703120,Coffee,3.0,2.0,6.0,Credit Card,,2023-11-02
296,TXN_1289133,Juice,1.0,3.0,3.0,Cash,UNKNOWN,2023-09-19
297,TXN_2031459,Cake,3.0,3.0,9.0,Cash,Takeaway,2023-07-04
298,TXN_1333682,Smoothie,1.0,4.0,4.0,Digital Wallet,,2023-01-28
300,TXN_1623966,Tea,2.0,1.5,3.0,Cash,Takeaway,
301,TXN_4912930,Smoothie,3.0,4.0,12.0,Credit Card,In-store,2023-02-26
303,TXN_3723007,Tea,3.0,1.5,4.5,Digital Wallet,In-store,2023-05-18
305,TXN_7498727,Salad,3.0,5.0,15.0,Cash,,2023-11-06
307,TXN_6878866,Smoothie,3.0,4.0,12.0,Credit Card,,2023-02-25
308,TXN_1260335,Cookie,4.0,1.0,4.0,Digital Wallet,In-store,
317,TXN_1726858,Smoothie,3.0,4.0,12.0,Cash,In-store,
318,TXN_7559388,Salad,4.0,5.0,20.0,Digital Wallet,Takeaway,2023-02-26
319,TXN_8540499,Cookie,3.0,1.0,3.0,Cash,In-store,2023-01-22
321,TXN_6795640,Cookie,4.0,1.0,4.0,Digital Wallet,Takeaway,2023-01-28
322,TXN_6702428,Coffee,5.0,2.0,10.0,Cash,Takeaway,2023-08-11
324,TXN_4639319,Coffee,5.0,2.0,10.0,Cash,,2023-01-09
328,TXN_8319993,Juice,1.0,3.0,3.0,Digital Wallet,,2023-08-06
329,TXN_8894157,Sandwich,4.0,4.0,16.0,Credit Card,,
330,TXN_5523450,Salad,5.0,5.0,25.0,Credit Card,Takeaway,2023-07-02
331,TXN_7838964,Sandwich,3.0,4.0,12.0,Credit Card,In-store,2023-06-15
337,TXN_1524626,Smoothie,2.0,4.0,8.0,Digital Wallet,,2023-12-29
338,TXN_7275407,Smoothie,2.0,4.0,8.0,Digital Wallet,In-store,2023-10-20
339,TXN_2889622,Juice,4.0,3.0,12.0,Credit Card,,2023-11-01
342,TXN_9472241,Salad,3.0,5.0,15.0,Cash,Takeaway,2023-06-30
344,TXN_4473352,Cake,1.0,3.0,3.0,UNKNOWN,In-store,2023-11-16
346,TXN_1846004,Juice,3.0,3.0,9.0,Cash,In-store,2023-05-21
347,TXN_7140471,Cake,1.0,3.0,3.0,Credit Card,,2023-05-25
348,TXN_3119542,Smoothie,1.0,4.0,4.0,Credit Card,,2023-10-31
349,TXN_7773968,Sandwich,5.0,4.0,20.0,Digital Wallet,Takeaway,2023-02-24
350,TXN_9081088,Tea,2.0,1.5,3.0,Cash,Takeaway,2023-02-27
351,TXN_8559167,Sandwich,5.0,4.0,20.0,UNKNOWN,Takeaway,2023-12-09
352,TXN_1130191,Smoothie,2.0,4.0,8.0,Cash,In-store,2023-04-06
353,TXN_5215451,Sandwich,5.0,4.0,20.0,Digital Wallet,,2023-11-02
354,TXN_1040764,Coffee,3.0,2.0,6.0,Cash,Takeaway,2023-07-27
357,TXN_2100697,Coffee,3.0,2.0,6.0,Digital Wallet,Takeaway,2023-09-19
358,TXN_7676968,Smoothie,4.0,4.0,16.0,UNKNOWN,In-store,2023-02-21
359,TXN_5726998,Cake,3.0,3.0,9.0,Credit Card,,2023-08-12
360,TXN_4134594,Sandwich,3.0,4.0,12.0,Digital Wallet,In-store,2023-09-27
361,TXN_5079340,Cookie,4.0,1.0,4.0,Cash,In-store,2023-08-18
363,TXN_1380601,Tea,4.0,1.5,6.0,Digital Wallet,In-store,2023-03-11
368,TXN_2052395,Smoothie,3.0,4.0,12.0,Credit Card,In-store,2023-07-06
373,TXN_8256593,Salad,2.0,5.0,10.0,Digital Wallet,Takeaway,2023-08-09
374,TXN_9271457,Cake,3.0,3.0,9.0,Digital Wallet,In-store,2023-02-27
375,TXN_5392603,Coffee,1.0,2.0,2.0,Cash,In-store,2023-05-14
377,TXN_9263299,Cookie,2.0,1.0,2.0,Credit Card,Takeaway,2023-10-08
378,TXN_2301505,Cake,5.0,3.0,15.0,Digital Wallet,,2023-03-21
380,TXN_8751516,Tea,3.0,1.5,4.5,Cash,Takeaway,
382,TXN_1436343,Cookie,1.0,1.0,1.0,Credit Card,In-store,2023-11-26
383,TXN_2214698,Salad,4.0,5.0,20.0,Credit Card,,2023-10-10
384,TXN_7480234,Salad,1.0,5.0,5.0,Cash,Takeaway,2023-05-10
387,TXN_3093219,Juice,5.0,3.0,15.0,Cash,,2023-01-28
389,TXN_3665733,Coffee,5.0,2.0,10.0,Cash,Takeaway,
391,TXN_1454467,Juice,3.0,3.0,9.0,Cash,In-store,2023-03-15
392,TXN_2598728,Cake,2.0,3.0,6.0,Credit Card,,2023-01-13
394,TXN_8224079,Cookie,5.0,1.0,5.0,Cash,In-store,2023-10-16
395,TXN_1916339,Cake,1.0,3.0,3.0,Cash,In-store,2023-07-15
396,TXN_8611035,Sandwich,5.0,4.0,20.0,Digital Wallet,In-store,2023-05-28
397,TXN_3595735,Tea,4.0,1.5,6.0,Digital Wallet,Takeaway,2023-03-26
398,TXN_4884822,Cookie,1.0,1.0,1.0,Credit Card,,2023-04-23
399,TXN_3668051,Cake,1.0,3.0,3.0,UNKNOWN,UNKNOWN,2023-11-17
400,TXN_6169633,Salad,4.0,5.0,20.0,Credit Card,Takeaway,2023-12-20
401,TXN_3884811,Coffee,4.0,2.0,8.0,Credit Card,,2023-06-10
404,TXN_4518102,Tea,5.0,1.5,7.5,Credit Card,In-store,2023-02-08
408,TXN_8158496,Tea,4.0,1.5,6.0,Cash,,2023-06-19
409,TXN_2726848,Cake,5.0,3.0,15.0,Credit Card,,2023-09-11
410,TXN_3666858,Cake,4.0,3.0,12.0,Credit Card,In-store,2023-12-27
411,TXN_5499915,Cookie,2.0,1.0,2.0,Digital Wallet,Takeaway,2023-02-01
414,TXN_1564754,Salad,3.0,5.0,15.0,Digital Wallet,In-store,2023-03-14
415,TXN_1824506,Cake,1.0,3.0,3.0,Cash,In-store,2023-03-02
416,TXN_3229758,Coffee,4.0,2.0,8.0,Cash,Takeaway,
417,TXN_3677592,Sandwich,2.0,4.0,8.0,Cash,,2023-05-29
418,TXN_1002457,Cookie,5.0,1.0,5.0,Digital Wallet,Takeaway,2023-09-29
420,TXN_4732351,Sandwich,1.0,4.0,4.0,Digital Wallet,In-store,2023-04-22
421,TXN_8049191,Cake,3.0,3.0,9.0,Credit Card,ERROR,2023-07-31
422,TXN_4980036,Cake,2.0,3.0,6.0,Cash,Takeaway,2023-01-05
423,TXN_3022839,Coffee,5.0,2.0,10.0,Digital Wallet,Takeaway,2023-08-25
424,TXN_7701070,Coffee,5.0,2.0,10.0,Credit Card,Takeaway,2023-07-28
425,TXN_8048037,Sandwich,2.0,4.0,8.0,Digital Wallet,Takeaway,2023-03-31
426,TXN_4619029,Sandwich,3.0,4.0,12.0,Credit Card,In-store,
428,TXN_1887522,Sandwich,4.0,4.0,16.0,Cash,In-store,2023-02-20
432,TXN_7555408,Salad,2.0,5.0,10.0,UNKNOWN,In-store,2023-06-06
435,TXN_9552845,Sandwich,3.0,4.0,12.0,Cash,ERROR,2023-02-18
436,TXN_6769465,Juice,5.0,3.0,15.0,Digital Wallet,In-store,2023-06-13
440,TXN_4980282,Cake,1.0,3.0,3.0,Digital Wallet,In-store,2023-10-22
443,TXN_2508476,Smoothie,5.0,4.0,20.0,Cash,ERROR,2023-04-14
445,TXN_8209125,Cookie,3.0,1.0,3.0,Credit Card,Takeaway,2023-01-30
446,TXN_1751164,Salad,2.0,5.0,10.0,Cash,,2023-09-11
447,TXN_3730415,Cake,4.0,3.0,12.0,Credit Card,Takeaway,2023-04-09
448,TXN_4134253,Tea,4.0,1.5,6.0,Cash,In-store,2023-10-07
449,TXN_3256497,Coffee,2.0,2.0,4.0,Cash,UNKNOWN,2023-08-20
453,TXN_7919440,Tea,4.0,1.5,6.0,Cash,UNKNOWN,2023-08-19
454,TXN_7558641,Coffee,1.0,2.0,2.0,Digital Wallet,In-store,2023-12-22
456,TXN_8805984,Juice,2.0,3.0,6.0,Credit Card,Takeaway,
457,TXN_2130483,Tea,4.0,1.5,6.0,Cash,,2023-11-25
458,TXN_1972584,Sandwich,5.0,4.0,20.0,Digital Wallet,,2023-07-10
459,TXN_3150792,Coffee,5.0,2.0,10.0,Cash,,2023-07-02
460,TXN_2980008,Cake,3.0,3.0,9.0,Digital Wallet,,2023-11-17
462,TXN_7292548,Cookie,4.0,1.0,4.0,Digital Wallet,,2023-03-24
463,TXN_2169664,Smoothie,1.0,4.0,4.0,Cash,,2023-07-23
464,TXN_3234877,Coffee,4.0,2.0,8.0,Cash,Takeaway,2023-07-29
465,TXN_6368719,Cake,4.0,3.0,12.0,Credit Card,Takeaway,2023-01-03
466,TXN_8852585,Sandwich,4.0,4.0,16.0,Credit Card,Takeaway,2023-01-05
467,TXN_9201010,Salad,1.0,5.0,5.0,Credit Card,Takeaway,2023-03-15
468,TXN_7817014,Cookie,1.0,1.0,1.0,Digital Wallet,Takeaway,
470,TXN_3088796,Sandwich,4.0,4.0,16.0,Credit Card,,2023-08-16
472,TXN_3607652,Salad,4.0,5.0,20.0,Digital Wallet,In-store,2023-06-05
473,TXN_8502094,Juice,5.0,3.0,15.0,Credit Card,In-store,2023-03-21
474,TXN_9068244,Sandwich,5.0,4.0,20.0,Digital Wallet,Takeaway,2023-10-19
477,TXN_7633490,Cookie,1.0,1.0,1.0,Cash,Takeaway,2023-10-27
478,TXN_9292230,Tea,4.0,1.5,6.0,Credit Card,In-store,2023-07-14
481,TXN_7314409,Smoothie,5.0,4.0,20.0,Credit Card,,2023-08-06
484,TXN_8006668,Tea,4.0,1.5,6.0,Credit Card,In-store,2023-12-22
486,TXN_4369043,Juice,2.0,3.0,6.0,Cash,,2023-03-25
487,TXN_3560062,Cookie,1.0,1.0,1.0,Cash,In-store,2023-03-20
488,TXN_4769307,Tea,5.0,1.5,7.5,Digital Wallet,,2023-12-24
490,TXN_4991815,Cake,5.0,3.0,15.0,Cash,,2023-11-06
491,TXN_6360132,Sandwich,4.0,4.0,16.0,Cash,Takeaway,2023-09-16
492,TXN_8199829,Cake,2.0,3.0,6.0,Credit Card,,2023-07-29
494,TXN_7864939,Sandwich,3.0,4.0,12.0,Digital Wallet,In-store,2023-08-19
496,TXN_3740963,Salad,2.0,5.0,10.0,Digital Wallet,Takeaway,2023-01-22
498,TXN_6063966,Juice,2.0,3.0,6.0,Digital Wallet,Takeaway,2023-10-24
499,TXN_3779640,Tea,1.0,1.5,1.5,Digital Wallet,In-store,2023-05-16
501,TXN_8778598,Sandwich,3.0,4.0,12.0,Cash,,2023-09-02
505,TXN_8136881,Salad,3.0,5.0,15.0,Cash,In-store,2023-08-28
506,TXN_3981449,Smoothie,2.0,4.0,8.0,Cash,In-store,2023-06-21
508,TXN_2641386,Sandwich,3.0,4.0,12.0,UNKNOWN,Takeaway,2023-03-25
509,TXN_1485417,Cookie,3.0,1.0,3.0,Cash,In-store,
510,TXN_4033802,Tea,3.0,1.5,4.5,Cash,Takeaway,2023-03-02
512,TXN_9762324,Cake,2.0,3.0,6.0,Cash,In-store,
515,TXN_4183823,Sandwich,4.0,4.0,16.0,Credit Card,ERROR,2023-03-28
517,TXN_4696439,Cookie,1.0,1.0,1.0,Cash,In-store,2023-05-27
518,TXN_8826983,Smoothie,5.0,4.0,20.0,Cash,In-store,2023-01-14
522,TXN_2947822,Cake,4.0,3.0,12.0,Digital Wallet,In-store,2023-10-27
524,TXN_2148838,Sandwich,2.0,4.0,8.0,Credit Card,,2023-08-05
525,TXN_1330506,Cookie,3.0,1.0,3.0,Digital Wallet,UNKNOWN,2023-11-10
527,TXN_8957369,Salad,4.0,5.0,20.0,Digital Wallet,,2023-10-18
528,TXN_9340653,Smoothie,1.0,4.0,4.0,Digital Wallet,,2023-10-19
529,TXN_2493446,Sandwich,1.0,4.0,4.0,Cash,Takeaway,2023-05-19
530,TXN_4538354,Juice,3.0,3.0,9.0,Cash,Takeaway,2023-04-21
531,TXN_7098730,Cake,2.0,3.0,6.0,Digital Wallet,,2023-11-10
533,TXN_2690314,Tea,5.0,1.5,7.5,Cash,In-store,2023-08-10
536,TXN_2968827,Salad,5.0,5.0,25.0,Digital Wallet,Takeaway,2023-09-14
538,TXN_1387401,Cookie,4.0,1.0,4.0,Cash,In-store,2023-10-19
540,TXN_3917193,Juice,5.0,3.0,15.0,Credit Card,Takeaway,2023-11-17
542,TXN_2062854,Sandwich,4.0,4.0,16.0,Digital Wallet,Takeaway,2023-12-01
543,TXN_4075863,Smoothie,3.0,4.0,12.0,Cash,Takeaway,2023-05-21
544,TXN_5624860,Tea,3.0,1.5,4.5,Credit Card,Takeaway,2023-08-22
548,TXN_1725926,Juice,5.0,3.0,15.0,Credit Card,,2023-12-23
553,TXN_3381656,Cake,5.0,3.0,15.0,Cash,Takeaway,2023-10-26
556,TXN_6250692,Sandwich,1.0,4.0,4.0,UNKNOWN,,2023-09-01
557,TXN_1183995,Salad,5.0,5.0,25.0,Digital Wallet,Takeaway,2023-03-28
560,TXN_5813015,Cookie,5.0,1.0,5.0,Digital Wallet,UNKNOWN,2023-10-07
563,TXN_7578769,Sandwich,5.0,4.0,20.0,Digital Wallet,Takeaway,2023-01-30
564,TXN_3515664,Coffee,2.0,2.0,4.0,Cash,Takeaway,2023-09-25
565,TXN_6209258,Juice,1.0,3.0,3.0,Credit Card,,2023-03-06
566,TXN_8594004,Cookie,4.0,1.0,4.0,Credit Card,,2023-02-25
567,TXN_6422433,Sandwich,5.0,4.0,20.0,Digital Wallet,Takeaway,2023-05-09
568,TXN_2865033,Coffee,2.0,2.0,4.0,Cash,,2023-08-03
572,TXN_4669664,Cookie,1.0,1.0,1.0,Digital Wallet,In-store,2023-12-21
578,TXN_4498526,Smoothie,3.0,4.0,12.0,Credit Card,,2023-06-20
579,TXN_2744907,Salad,2.0,5.0,10.0,Digital Wallet,,
581,TXN_2213556,Coffee,1.0,2.0,2.0,Cash,In-store,2023-05-30
582,TXN_3826038,Salad,1.0,5.0,5.0,Cash,Takeaway,2023-10-20
583,TXN_7596587,Tea,3.0,1.5,4.5,Credit Card,,2023-02-08
584,TXN_7380277,Sandwich,4.0,4.0,16.0,Digital Wallet,Takeaway,2023-04-24
585,TXN_1353479,Smoothie,4.0,4.0,16.0,Cash,,2023-09-20
588,TXN_9266394,Cookie,2.0,1.0,2.0,Credit Card,In-store,2023-07-12
590,TXN_8298311,Tea,2.0,1.5,3.0,Digital Wallet,In-store,
592,TXN_6152588,Coffee,3.0,2.0,6.0,Cash,Takeaway,2023-11-21
596,TXN_5739806,Smoothie,3.0,4.0,12.0,Credit Card,In-store,2023-09-18
597,TXN_9228978,Coffee,5.0,2.0,10.0,Digital Wallet,In-store,2023-02-09
599,TXN_1556652,Cake,5.0,3.0,15.0,Digital Wallet,ERROR,2023-04-06
600,TXN_8608765,Salad,4.0,5.0,20.0,Credit Card,,2023-09-02
601,TXN_8764825,Smoothie,3.0,4.0,12.0,Cash,,
603,TXN_1124753,Salad,4.0,5.0,20.0,Digital Wallet,In-store,2023-10-19
606,TXN_7611120,Juice,2.0,3.0,6.0,Cash,Takeaway,2023-03-30
607,TXN_2106959,Sandwich,5.0,4.0,20.0,Digital Wallet,UNKNOWN,2023-09-05
610,TXN_6316959,Tea,2.0,1.5,3.0,Cash,In-store,2023-11-10
611,TXN_2265984,Cookie,5.0,1.0,5.0,Credit Card,Takeaway,2023-10-18
612,TXN_6352917,Salad,5.0,5.0,25.0,Cash,UNKNOWN,2023-05-05
613,TXN_9564123,Cake,4.0,3.0,12.0,Credit Card,,2023-03-23
614,TXN_3946544,Cake,5.0,3.0,15.0,Credit Card,,
615,TXN_1123138,Salad,1.0,5.0,5.0,Cash,In-store,2023-02-10
616,TXN_9212503,Salad,2.0,5.0,10.0,Digital Wallet,Takeaway,2023-10-08
619,TXN_6868049,Juice,5.0,3.0,15.0,Digital Wallet,,
620,TXN_2806243,Salad,4.0,5.0,20.0,Digital Wallet,Takeaway,2023-01-14
622,TXN_7560807,Salad,2.0,5.0,10.0,Credit Card,,2023-04-16
623,TXN_3286932,Cookie,1.0,1.0,1.0,Digital Wallet,Takeaway,2023-07-11
624,TXN_3481470,Salad,4.0,5.0,20.0,Credit Card,In-store,2023-12-24
626,TXN_3469469,Cookie,1.0,1.0,1.0,Digital Wallet,In-store,2023-10-25
628,TXN_3179966,Tea,2.0,1.5,3.0,Digital Wallet,,2023-05-27
630,TXN_3629351,Cake,1.0,3.0,3.0,Digital Wallet,,2023-07-21
631,TXN_3142836,Cake,2.0,3.0,6.0,Cash,,2023-11-01
632,TXN_4998786,Cake,5.0,3.0,15.0,Credit Card,Takeaway,2023-10-25
634,TXN_6904590,Coffee,4.0,2.0,8.0,Credit Card,,2023-02-19
635,TXN_2126408,Cookie,3.0,1.0,3.0,Cash,Takeaway,2023-10-19
636,TXN_8664315,Salad,2.0,5.0,10.0,Cash,,2023-08-14
637,TXN_8958593,Juice,5.0,3.0,15.0,Digital Wallet,In-store,2023-07-08
638,TXN_2383598,Sandwich,2.0,4.0,8.0,Digital Wallet,In-store,2023-09-19
639,TXN_2211685,Smoothie,1.0,4.0,4.0,Credit Card,In-store,2023-06-06
640,TXN_1503602,Tea,5.0,1.5,7.5,Digital Wallet,,2023-12-16
644,TXN_5933480,Sandwich,3.0,4.0,12.0,Digital Wallet,In-store,2023-09-04
650,TXN_5447508,Sandwich,3.0,4.0,12.0,Digital Wallet,Takeaway,2023-06-28
651,TXN_5686113,Sandwich,5.0,4.0,20.0,Digital Wallet,In-store,2023-09-09
652,TXN_9239779,Salad,1.0,5.0,5.0,Cash,UNKNOWN,2023-01-09
653,TXN_9265319,Salad,3.0,5.0,15.0,Cash,,2023-11-15
655,TXN_3397609,Smoothie,2.0,4.0,8.0,Digital Wallet,In-store,2023-07-22
656,TXN_9347203,Sandwich,5.0,4.0,20.0,Cash,In-store,2023-04-15
657,TXN_2132186,Salad,1.0,5.0,5.0,Credit Card,,2023-02-01
658,TXN_3383926,Cake,3.0,3.0,9.0,Cash,Takeaway,2023-07-08
659,TXN_6905718,Salad,5.0,5.0,25.0,Credit Card,In-store,2023-02-20
662,TXN_7993951,Tea,2.0,1.5,3.0,Digital Wallet,Takeaway,2023-12-14
666,TXN_9097641,Cake,4.0,3.0,12.0,Cash,Takeaway,2023-12-16
667,TXN_1775884,Juice,4.0,3.0,12.0,Cash,,2023-10-08
668,TXN_8536115,Cake,1.0,3.0,3.0,Credit Card,Takeaway,2023-07-11
669,TXN_8032010,Tea,1.0,1.5,1.5,Cash,,2023-06-14
670,TXN_2915281,Cookie,1.0,1.0,1.0,Digital Wallet,In-store,2023-07-01
671,TXN_3468006,Smoothie,3.0,4.0,12.0,Credit Card,Takeaway,2023-07-28
672,TXN_7604541,Juice,4.0,3.0,12.0,Credit Card,In-store,2023-04-16
674,TXN_9238689,Cake,1.0,3.0,3.0,Digital Wallet,In-store,2023-03-09
675,TXN_2601689,Salad,4.0,5.0,20.0,Digital Wallet,Takeaway,2023-01-14
676,TXN_6428182,Cake,5.0,3.0,15.0,Cash,In-store,2023-11-10
677,TXN_6830557,Coffee,3.0,2.0,6.0,Digital Wallet,Takeaway,2023-11-08
678,TXN_6371264,Smoothie,5.0,4.0,20.0,Cash,Takeaway,2023-02-27
680,TXN_9236713,Cookie,5.0,1.0,5.0,Cash,In-store,2023-09-13
682,TXN_4690833,Cake,1.0,3.0,3.0,Cash,Takeaway,2023-05-23
683,TXN_7946489,Juice,1.0,3.0,3.0,Cash,Takeaway,2023-09-11
684,TXN_8661288,Salad,2.0,5.0,10.0,Digital Wallet,Takeaway,2023-01-27
685,TXN_7187207,Coffee,5.0,2.0,10.0,Cash,,2023-02-18
687,TXN_2866147,Juice,2.0,3.0,6.0,UNKNOWN,Takeaway,2023-08-28
689,TXN_7444541,Salad,2.0,5.0,10.0,Cash,,2023-11-29
690,TXN_6046604,Cookie,5.0,1.0,5.0,Credit Card,,2023-06-29
691,TXN_6111710,Salad,3.0,5.0,15.0,Credit Card,In-store,2023-06-18
693,TXN_1773873,Salad,5.0,5.0,25.0,Credit Card,Takeaway,2023-06-10
695,TXN_4570711,Sandwich,4.0,4.0,16.0,Credit Card,In-store,2023-12-11
696,TXN_5242469,Coffee,4.0,2.0,8.0,Credit Card,Takeaway,2023-04-01
697,TXN_2977414,Cake,4.0,3.0,12.0,UNKNOWN,,2023-06-09
698,TXN_8938144,Coffee,2.0,2.0,4.0,Credit Card,,2023-01-27
700,TXN_1655100,Cake,4.0,3.0,12.0,Credit Card,Takeaway,2023-12-20
701,TXN_1526864,Smoothie,3.0,4.0,12.0,Digital Wallet,In-store,2023-01-27
702,TXN_1279428,Salad,1.0,5.0,5.0,Digital Wallet,,2023-03-02
703,TXN_9866728,Juice,1.0,3.0,3.0,Cash,In-store,2023-10-26
704,TXN_1706201,Coffee,3.0,2.0,6.0,Credit Card,In-store,2023-08-23
705,TXN_2498488,Smoothie,2.0,4.0,8.0,Digital Wallet,Takeaway,2023-12-06
706,TXN_5387067,Salad,3.0,5.0,15.0,Credit Card,UNKNOWN,2023-06-11
707,TXN_4431179,Sandwich,3.0,4.0,12.0,Digital Wallet,Takeaway,2023-08-13
713,TXN_2108894,Sandwich,4.0,4.0,16.0,Credit Card,In-store,2023-10-30
714,TXN_6347472,Tea,1.0,1.5,1.5,Digital Wallet,In-store,2023-03-22
719,TXN_8345723,Sandwich,1.0,4.0,4.0,Digital Wallet,Takeaway,2023-08-27
721,TXN_4476634,Tea,2.0,1.5,3.0,Credit Card,,2023-06-16
723,TXN_2178964,Tea,4.0,1.5,6.0,Cash,Takeaway,2023-12-25
728,TXN_6581437,Coffee,5.0,2.0,10.0,Digital Wallet,Takeaway,2023-10-23
729,TXN_1347965,Cookie,5.0,1.0,5.0,UNKNOWN,In-store,2023-02-19
730,TXN_6128621,Salad,3.0,5.0,15.0,Digital Wallet,In-store,2023-11-10
731,TXN_5758199,Coffee,4.0,2.0,8.0,Credit Card,,2023-06-11
733,TXN_9960577,Sandwich,1.0,4.0,4.0,Cash,,2023-06-24
734,TXN_1349738,Sandwich,3.0,4.0,12.0,Cash,ERROR,2023-03-26
735,TXN_4512118,Coffee,2.0,2.0,4.0,Digital Wallet,Takeaway,2023-04-20
740,TXN_4961655,Juice,5.0,3.0,15.0,Cash,Takeaway,2023-05-06
741,TXN_5595352,Juice,1.0,3.0,3.0,Cash,In-store,2023-02-20
742,TXN_2070818,Smoothie,5.0,4.0,20.0,UNKNOWN,Takeaway,2023-06-05
744,TXN_2004851,Salad,5.0,5.0,25.0,Credit Card,,
745,TXN_1869814,Tea,1.0,1.5,1.5,Digital Wallet,Takeaway,2023-05-24
747,TXN_6910915,Tea,4.0,1.5,6.0,Digital Wallet,Takeaway,2023-05-06
748,TXN_3183527,Coffee,3.0,2.0,6.0,Digital Wallet,,2023-10-26
749,TXN_6916047,Coffee,2.0,2.0,4.0,Digital Wallet,In-store,
751,TXN_2611960,Sandwich,3.0,4.0,12.0,Credit Card,,2023-09-11
752,TXN_7923140,Coffee,2.0,2.0,4.0,Digital Wallet,,2023-04-02
753,TXN_5229169,Juice,2.0,3.0,6.0,Credit Card,Takeaway,2023-09-08
754,TXN_1018880,Smoothie,5.0,4.0,20.0,Digital Wallet,,2023-07-15
758,TXN_5576265,Smoothie,4.0,4.0,16.0,Credit Card,Takeaway,2023-04-08
763,TXN_5408625,Cookie,5.0,1.0,5.0,Cash,ERROR,2023-08-14
766,TXN_4809497,Tea,4.0,1.5,6.0,Cash,In-store,
770,TXN_1046394,Smoothie,1.0,4.0,4.0,Cash,In-store,2023-04-29
772,TXN_2269396,Coffee,3.0,2.0,6.0,Digital Wallet,In-store,2023-10-26
773,TXN_9263967,Cookie,3.0,1.0,3.0,Credit Card,In-store,2023-09-14
774,TXN_6540946,Juice,4.0,3.0,12.0,Digital Wallet,,2023-10-08
775,TXN_2914088,Salad,5.0,5.0,25.0,Cash,In-store,2023-03-22
776,TXN_6571898,Juice,3.0,3.0,9.0,Digital Wallet,Takeaway,2023-02-02
781,TXN_2108486,Juice,4.0,3.0,12.0,Digital Wallet,Takeaway,2023-12-28
785,TXN_4637016,Salad,3.0,5.0,15.0,Credit Card,In-store,
789,TXN_8250731,Cookie,2.0,1.0,2.0,Cash,,2023-08-24
790,TXN_3605929,Smoothie,2.0,4.0,8.0,Credit Card,,2023-04-26
792,TXN_5315441,Smoothie,5.0,4.0,20.0,Digital Wallet,In-store,2023-10-31
793,TXN_9196322,Cookie,4.0,1.0,4.0,Digital Wallet,In-store,2023-08-12
794,TXN_4009547,Juice,4.0,3.0,12.0,Credit Card,,2023-05-13
802,TXN_9738758,Coffee,1.0,2.0,2.0,Cash,In-store,2023-12-31
803,TXN_7838465,Sandwich,3.0,4.0,12.0,Credit Card,Takeaway,2023-06-15
804,TXN_2447261,Cookie,3.0,1.0,3.0,Credit Card,Takeaway,2023-10-15
808,TXN_1460963,Coffee,3.0,2.0,6.0,Cash,In-store,2023-02-10
809,TXN_1713128,Smoothie,3.0,4.0,12.0,Credit Card,,2023-05-01
811,TXN_2840323,Tea,4.0,1.5,6.0,Credit Card,ERROR,2023-05-07
812,TXN_6691767,Salad,2.0,5.0,10.0,Cash,Takeaway,2023-02-05
814,TXN_6932070,Tea,4.0,1.5,6.0,Credit Card,In-store,2023-06-10
816,TXN_2815335,Juice,5.0,3.0,15.0,Cash,,2023-03-30
819,TXN_5489408,Cookie,1.0,1.0,1.0,UNKNOWN,In-store,2023-05-02
820,TXN_4640977,Cookie,3.0,1.0,3.0,Credit Card,In-store,2023-02-11
822,TXN_3172751,Juice,5.0,3.0,15.0,Credit Card,,
823,TXN_7896721,Cake,3.0,3.0,9.0,Credit Card,Takeaway,2023-04-22
826,TXN_1559313,Smoothie,2.0,4.0,8.0,Credit Card,,2023-12-02
828,TXN_7906197,Sandwich,5.0,4.0,20.0,Credit Card,In-store,2023-01-02
831,TXN_8066743,Tea,3.0,1.5,4.5,Cash,Takeaway,2023-11-13
837,TXN_7982985,Cookie,1.0,1.0,1.0,Credit Card,,2023-01-27
838,TXN_2855581,Coffee,4.0,2.0,8.0,Credit Card,UNKNOWN,2023-10-23
839,TXN_7585348,Cake,3.0,3.0,9.0,Credit Card,Takeaway,2023-03-16
841,TXN_4005014,Sandwich,1.0,4.0,4.0,Digital Wallet,Takeaway,2023-07-10
843,TXN_4478185,Cake,2.0,3.0,6.0,Cash,In-store,2023-08-25
845,TXN_3461209,Juice,4.0,3.0,12.0,Credit Card,In-store,2023-04-26
847,TXN_1026827,Cookie,4.0,1.0,4.0,Digital Wallet,In-store,2023-01-02
849,TXN_7269513,Salad,3.0,5.0,15.0,Cash,,2023-05-12
850,TXN_5134545,Tea,5.0,1.5,7.5,Digital Wallet,,2023-10-17
851,TXN_7997144,Juice,4.0,3.0,12.0,Credit Card,,2023-02-25
854,TXN_3363831,Juice,3.0,3.0,9.0,Digital Wallet,,2023-05-10
855,TXN_5369555,Juice,4.0,3.0,12.0,Cash,Takeaway,2023-02-24
856,TXN_6208034,Cake,1.0,3.0,3.0,Digital Wallet,,2023-08-29
857,TXN_8187656,Tea,4.0,1.5,6.0,Credit Card,Takeaway,2023-05-01
858,TXN_6463415,Coffee,3.0,2.0,6.0,Digital Wallet,In-store,2023-04-12
861,TXN_3112175,Coffee,4.0,2.0,8.0,Cash,,2023-03-16
862,TXN_6439579,Tea,5.0,1.5,7.5,Credit Card,,2023-03-23
865,TXN_4634772,Juice,3.0,3.0,9.0,Credit Card,In-store,2023-01-12
867,TXN_8034156,Sandwich,1.0,4.0,4.0,Cash,In-store,2023-07-22
868,TXN_2163229,Cookie,4.0,1.0,4.0,Cash,Takeaway,2023-12-21
869,TXN_4109764,Juice,3.0,3.0,9.0,Credit Card,UNKNOWN,2023-07-12
870,TXN_1343750,Cookie,2.0,1.0,2.0,Digital Wallet,Takeaway,2023-02-15
871,TXN_6387964,Tea,5.0,1.5,7.5,Digital Wallet,,2023-08-07
872,TXN_2743397,Cake,2.0,3.0,6.0,Digital Wallet,,2023-10-03
873,TXN_8022689,Tea,1.0,1.5,1.5,Cash,Takeaway,2023-06-15
876,TXN_9101792,Coffee,5.0,2.0,10.0,Cash,,2023-06-13
878,TXN_8503406,Smoothie,2.0,4.0,8.0,Digital Wallet,UNKNOWN,2023-02-15
883,TXN_1964555,Smoothie,2.0,4.0,8.0,Digital Wallet,,2023-04-11
886,TXN_1794862,Cake,2.0,3.0,6.0,Cash,,2023-07-16
887,TXN_5780615,Smoothie,3.0,4.0,12.0,Cash,,2023-12-24
888,TXN_2416816,Smoothie,5.0,4.0,20.0,Digital Wallet,In-store,2023-10-19
889,TXN_8005682,Coffee,2.0,2.0,4.0,Credit Card,,2023-03-16
890,TXN_1778707,Salad,5.0,5.0,25.0,Credit Card,Takeaway,2023-03-26
891,TXN_9959813,Sandwich,4.0,4.0,16.0,Digital Wallet,,2023-09-05
894,TXN_7913451,Sandwich,5.0,4.0,20.0,Credit Card,,2023-12-05
897,TXN_8717428,Salad,3.0,5.0,15.0,Digital Wallet,,
906,TXN_3746260,Smoothie,5.0,4.0,20.0,Digital Wallet,Takeaway,2023-08-26
910,TXN_3725837,Coffee,5.0,2.0,10.0,Cash,In-store,2023-10-22
913,TXN_4594922,Salad,2.0,5.0,10.0,Credit Card,Takeaway,2023-06-19
914,TXN_5163686,Salad,5.0,5.0,25.0,Credit Card,In-store,2023-05-29
915,TXN_5445318,Cookie,1.0,1.0,1.0,Digital Wallet,,2023-02-16
917,TXN_2826603,Salad,2.0,5.0,10.0,Digital Wallet,Takeaway,2023-06-22
920,TXN_3760598,Cake,3.0,3.0,9.0,Digital Wallet,In-store,2023-10-24
921,TXN_7679707,Tea,1.0,1.5,1.5,Credit Card,In-store,2023-07-22
922,TXN_3831364,Tea,1.0,1.5,1.5,Digital Wallet,UNKNOWN,2023-03-03
924,TXN_5007619,Cake,5.0,3.0,15.0,Credit Card,In-store,2023-07-05
925,TXN_5124870,Tea,1.0,1.5,1.5,Digital Wallet,,2023-08-11
926,TXN_8229546,Smoothie,2.0,4.0,8.0,Cash,,2023-10-16
927,TXN_3173923,Cookie,2.0,1.0,2.0,Digital Wallet,,2023-06-29
928,TXN_8460786,Coffee,1.0,2.0,2.0,Cash,ERROR,2023-05-17
931,TXN_9625287,Juice,2.0,3.0,6.0,Cash,In-store,2023-07-08
932,TXN_3135132,Sandwich,4.0,4.0,16.0,Credit Card,Takeaway,
934,TXN_7337979,Coffee,1.0,2.0,2.0,Digital Wallet,In-store,2023-05-27
936,TXN_5325729,Coffee,5.0,2.0,10.0,Digital Wallet,,2023-05-04
937,TXN_5630457,Smoothie,1.0,4.0,4.0,Credit Card,Takeaway,2023-03-01
939,TXN_4487966,Juice,3.0,3.0,9.0,Cash,In-store,2023-08-10
940,TXN_1122140,Sandwich,4.0,4.0,16.0,Cash,,2023-06-19
941,TXN_7484682,Juice,1.0,3.0,3.0,Cash,,2023-12-28
945,TXN_3663712,Tea,4.0,1.5,6.0,Digital Wallet,Takeaway,2023-09-22
946,TXN_9140598,Juice,1.0,3.0,3.0,Digital Wallet,Takeaway,2023-07-10
948,TXN_4316299,Tea,2.0,1.5,3.0,Credit Card,In-store,
949,TXN_5601300,Coffee,2.0,2.0,4.0,Digital Wallet,,2023-02-24
951,TXN_3696194,Salad,2.0,5.0,10.0,Credit Card,In-store,2023-11-27
952,TXN_2964638,Salad,2.0,5.0,10.0,Digital Wallet,In-store,2023-09-28
953,TXN_8336656,Salad,5.0,5.0,25.0,Cash,Takeaway,2023-12-02
954,TXN_2024121,Juice,5.0,3.0,15.0,Digital Wallet,In-store,2023-11-06
955,TXN_6287890,Tea,5.0,1.5,7.5,Credit Card,Takeaway,2023-02-07
956,TXN_4712887,Tea,5.0,1.5,7.5,Credit Card,ERROR,2023-01-04
958,TXN_5447694,Smoothie,1.0,4.0,4.0,Digital Wallet,In-store,2023-11-18
959,TXN_2492058,Smoothie,5.0,4.0,20.0,Cash,,2023-09-22
961,TXN_5350401,Sandwich,2.0,4.0,8.0,Digital Wallet,In-store,2023-10-28
962,TXN_8999006,Smoothie,1.0,4.0,4.0,Cash,,2023-02-07
964,TXN_1866028,Tea,5.0,1.5,7.5,Credit Card,Takeaway,2023-06-12
966,TXN_9152264,Cake,1.0,3.0,3.0,Digital Wallet,Takeaway,2023-03-15
968,TXN_3794585,Sandwich,1.0,4.0,4.0,Credit Card,In-store,2023-02-10
970,TXN_9890874,Sandwich,5.0,4.0,20.0,Cash,In-store,2023-09-02
976,TXN_6024625,Coffee,5.0,2.0,10.0,Digital Wallet,Takeaway,2023-09-13
977,TXN_7470910,Salad,2.0,5.0,10.0,Cash,In-store,2023-11-22
979,TXN_1116119,Smoothie,4.0,4.0,16.0,Digital Wallet,In-store,2023-08-07
980,TXN_3471223,Coffee,1.0,2.0,2.0,Digital Wallet,In-store,2023-10-08
981,TXN_4491072,Smoothie,4.0,4.0,16.0,Credit Card,,2023-12-03
986,TXN_5021925,Tea,4.0,1.5,6.0,Cash,In-store,2023-05-07
989,TXN_7764154,Salad,2.0,5.0,10.0,Credit Card,Takeaway,2023-12-09
992,TXN_2178735,Juice,3.0,3.0,9.0,Credit Card,Takeaway,2023-07-24
993,TXN_4125165,Coffee,5.0,2.0,10.0,Cash,,2023-04-16
994,TXN_5014959,Cookie,2.0,1.0,2.0,Credit Card,In-store,2023-11-28
995,TXN_8811565,Juice,5.0,3.0,15.0,Credit Card,,2023-10-01
996,TXN_9868382,Coffee,2.0,2.0,4.0,Digital Wallet,,2023-06-02
997,TXN_2924611,Juice,3.0,3.0,9.0,Cash,,2023-04-19
1000,TXN_5348445,Salad,5.0,5.0,25.0,Digital Wallet,In-store,2023-11-15
1002,TXN_7215985,Tea,4.0,1.5,6.0,Credit Card,In-store,2023-08-07
1003,TXN_7448296,Cookie,1.0,1.0,1.0,Credit Card,In-store,2023-11-15
1006,TXN_1494608,Tea,3.0,1.5,4.5,Credit Card,In-store,2023-05-07
1007,TXN_7615147,Sandwich,4.0,4.0,16.0,Cash,In-store,2023-05-19
1009,TXN_3426892,Salad,4.0,5.0,20.0,Credit Card,,2023-05-23
1010,TXN_5892508,Smoothie,1.0,4.0,4.0,Credit Card,Takeaway,2023-03-21
1011,TXN_5546684,Coffee,1.0,2.0,2.0,Credit Card,In-store,2023-10-02
1014,TXN_6402128,Sandwich,4.0,4.0,16.0,Digital Wallet,In-store,2023-11-09
1015,TXN_5009706,Sandwich,2.0,4.0,8.0,Digital Wallet,In-store,2023-09-20
1018,TXN_3380698,Coffee,3.0,2.0,6.0,Credit Card,Takeaway,2023-12-15
1022,TXN_2078577,Tea,4.0,1.5,6.0,Credit Card,,2023-01-31
1023,TXN_4007285,Sandwich,5.0,4.0,20.0,Digital Wallet,,2023-01-16
1025,TXN_1512118,Salad,4.0,5.0,20.0,Cash,In-store,2023-03-01
1026,TXN_6077816,Cake,3.0,3.0,9.0,Credit Card,UNKNOWN,2023-09-26
1027,TXN_5136936,Cake,3.0,3.0,9.0,Cash,,2023-08-24
1029,TXN_5654490,Tea,4.0,1.5,6.0,Credit Card,,2023-05-22
1030,TXN_4033888,Sandwich,2.0,4.0,8.0,Cash,In-store,2023-02-04
1032,TXN_6886495,Cookie,4.0,1.0,4.0,Cash,,2023-08-07
1033,TXN_9218683,Cake,2.0,3.0,6.0,Digital Wallet,In-store,
1034,TXN_2153529,Cookie,1.0,1.0,1.0,Credit Card,UNKNOWN,2023-09-11
1035,TXN_7880148,Cake,3.0,3.0,9.0,Credit Card,Takeaway,2023-12-12
1037,TXN_2482129,Juice,1.0,3.0,3.0,Cash,ERROR,2023-12-12
1038,TXN_4187420,Cake,3.0,3.0,9.0,Digital Wallet,In-store,2023-01-31
1040,TXN_9553579,Cake,2.0,3.0,6.0,Credit Card,In-store,2023-10-03
1041,TXN_3854285,Salad,3.0,5.0,15.0,Cash,Takeaway,2023-07-18
1042,TXN_5614488,Sandwich,1.0,4.0,4.0,Credit Card,Takeaway,2023-07-22
1043,TXN_6187083,Cake,5.0,3.0,15.0,UNKNOWN,In-store,2023-06-02
1046,TXN_6035534,Salad,4.0,5.0,20.0,Credit Card,In-store,2023-12-18
1047,TXN_8781128,Sandwich,5.0,4.0,20.0,Digital Wallet,Takeaway,
1049,TXN_7201724,Salad,1.0,5.0,5.0,Cash,Takeaway,2023-03-20
1051,TXN_3616362,Smoothie,5.0,4.0,20.0,Digital Wallet,In-store,2023-12-02
1052,TXN_6113876,Cake,3.0,3.0,9.0,Cash,In-store,2023-03-01
1058,TXN_6450138,Cake,1.0,3.0,3.0,Credit Card,Takeaway,2023-04-13
1059,TXN_9874588,Sandwich,2.0,4.0,8.0,UNKNOWN,Takeaway,2023-06-04
1060,TXN_6732989,Salad,2.0,5.0,10.0,Credit Card,,2023-04-29
1064,TXN_9328595,Tea,2.0,1.5,3.0,Cash,,2023-10-24
1065,TXN_1324930,Sandwich,5.0,4.0,20.0,Credit Card,Takeaway,2023-01-11
1068,TXN_7085875,Juice,3.0,3.0,9.0,Digital Wallet,In-store,2023-08-23
1069,TXN_3857768,Coffee,2.0,2.0,4.0,Credit Card,,2023-01-04
1070,TXN_5474440,Cake,2.0,3.0,6.0,Credit Card,,2023-11-08
1071,TXN_6057379,Salad,5.0,5.0,25.0,Credit Card,Takeaway,2023-03-18
1072,TXN_4637070,Tea,3.0,1.5,4.5,Credit Card,,2023-06-13
1073,TXN_9313535,Cookie,1.0,1.0,1.0,Digital Wallet,Takeaway,2023-06-04
1076,TXN_9626053,Salad,1.0,5.0,5.0,Cash,Takeaway,2023-08-11
1080,TXN_5509088,Sandwich,3.0,4.0,12.0,Digital Wallet,,2023-08-28
1081,TXN_5583534,Cookie,2.0,1.0,2.0,Cash,Takeaway,2023-10-31
1082,TXN_1438257,Salad,4.0,5.0,20.0,Credit Card,Takeaway,2023-06-13
1084,TXN_4257830,Cookie,5.0,1.0,5.0,UNKNOWN,In-store,2023-08-04
1085,TXN_8780340,Cake,5.0,3.0,15.0,Credit Card,,2023-08-29
1088,TXN_3963927,Sandwich,4.0,4.0,16.0,Credit Card,In-store,2023-01-03
1091,TXN_7023528,Tea,5.0,1.5,7.5,Cash,In-store,2023-10-28
1092,TXN_5419862,Juice,5.0,3.0,15.0,Digital Wallet,,2023-05-29
1093,TXN_9124680,Cookie,2.0,1.0,2.0,Cash,Takeaway,2023-10-03
1094,TXN_7853635,Salad,3.0,5.0,15.0,Digital Wallet,Takeaway,2023-02-16
1096,TXN_3516263,Cake,2.0,3.0,6.0,Digital Wallet,In-store,2023-09-23
1097,TXN_1591640,Cake,2.0,3.0,6.0,Cash,In-store,2023-05-26
1100,TXN_7401710,Sandwich,5.0,4.0,20.0,Cash,UNKNOWN,2023-10-24
1103,TXN_1697018,Juice,4.0,3.0,12.0,Digital Wallet,In-store,2023-07-02
1105,TXN_2667225,Salad,2.0,5.0,10.0,Cash,In-store,2023-11-21
1106,TXN_3152531,Coffee,3.0,2.0,6.0,Credit Card,UNKNOWN,2023-11-24
1108,TXN_5033045,Salad,3.0,5.0,15.0,Digital Wallet,,2023-04-21
1109,TXN_7527249,Tea,3.0,1.5,4.5,UNKNOWN,Takeaway,2023-03-29
1110,TXN_9159212,Smoothie,3.0,4.0,12.0,Digital Wallet,Takeaway,2023-01-12
1113,TXN_3282436,Salad,5.0,5.0,25.0,Credit Card,In-store,2023-12-14
1115,TXN_8465274,Cake,3.0,3.0,9.0,Digital Wallet,Takeaway,2023-02-01
1117,TXN_7216922,Juice,5.0,3.0,15.0,UNKNOWN,,2023-06-26
1118,TXN_8330446,Smoothie,3.0,4.0,12.0,Credit Card,In-store,2023-08-06
1119,TXN_1282260,Sandwich,5.0,4.0,20.0,Digital Wallet,UNKNOWN,2023-07-21
1120,TXN_9582716,Cake,2.0,3.0,6.0,UNKNOWN,UNKNOWN,
1121,TXN_9769410,Salad,1.0,5.0,5.0,Cash,In-store,2023-07-22
1122,TXN_7482583,Tea,5.0,1.5,7.5,Credit Card,,
1126,TXN_1437083,Smoothie,2.0,4.0,8.0,Credit Card,In-store,2023-03-15
1128,TXN_2413626,Cake,1.0,3.0,3.0,Credit Card,Takeaway,2023-11-06
1130,TXN_3392848,Cake,2.0,3.0,6.0,Cash,In-store,2023-04-03
1131,TXN_7027905,Sandwich,1.0,4.0,4.0,Credit Card,In-store,2023-07-17
1132,TXN_8808034,Smoothie,2.0,4.0,8.0,Cash,In-store,2023-08-09
1133,TXN_1663113,Smoothie,4.0,4.0,16.0,Credit Card,Takeaway,2023-12-24
1134,TXN_1544070,Coffee,5.0,2.0,10.0,UNKNOWN,Takeaway,2023-09-05
1135,TXN_6189334,Sandwich,1.0,4.0,4.0,Cash,In-store,2023-01-12
1136,TXN_3412490,Cake,2.0,3.0,6.0,Cash,In-store,
1141,TXN_6908287,Cookie,1.0,1.0,1.0,Cash,In-store,2023-08-04
1144,TXN_6829707,Sandwich,1.0,4.0,4.0,Cash,Takeaway,2023-08-17
1145,TXN_7303706,Coffee,2.0,2.0,4.0,Cash,In-store,2023-12-14
1146,TXN_1730647,Juice,5.0,3.0,15.0,Digital Wallet,In-store,2023-01-18
1147,TXN_9691018,Sandwich,2.0,4.0,8.0,Digital Wallet,UNKNOWN,2023-07-21
1150,TXN_9138791,Cake,1.0,3.0,3.0,Digital Wallet,In-store,2023-03-22
1152,TXN_4936135,Coffee,4.0,2.0,8.0,Cash,In-store,2023-12-08
1157,TXN_7732920,Sandwich,5.0,4.0,20.0,Cash,,2023-02-11
1158,TXN_4496665,Sandwich,2.0,4.0,8.0,Digital Wallet,Takeaway,2023-12-10
1161,TXN_8209794,Coffee,5.0,2.0,10.0,Credit Card,Takeaway,2023-10-25
1163,TXN_3942164,Coffee,4.0,2.0,8.0,Credit Card,,
1166,TXN_3330687,Cake,5.0,3.0,15.0,Cash,In-store,2023-12-26
1169,TXN_9296807,Coffee,3.0,2.0,6.0,Credit Card,,2023-12-20
1171,TXN_5354746,Coffee,4.0,2.0,8.0,Digital Wallet,Takeaway,2023-03-06
1172,TXN_1235969,Cookie,1.0,1.0,1.0,Digital Wallet,,2023-07-08
1174,TXN_3736798,Coffee,4.0,2.0,8.0,Digital Wallet,In-store,2023-07-01
1175,TXN_9102030,Smoothie,4.0,4.0,16.0,Digital Wallet,In-store,
1177,TXN_3089814,Cake,5.0,3.0,15.0,Digital Wallet,,2023-03-25
1178,TXN_6719521,Salad,5.0,5.0,25.0,Cash,In-store,2023-08-03
1179,TXN_6530795,Cookie,1.0,1.0,1.0,Credit Card,,2023-04-30
1180,TXN_4176373,Cookie,3.0,1.0,3.0,Cash,,2023-03-28
1181,TXN_7230500,Juice,3.0,3.0,9.0,Credit Card,,2023-12-12
1183,TXN_2400518,Juice,3.0,3.0,9.0,Credit Card,,2023-02-04
1184,TXN_5349288,Coffee,4.0,2.0,8.0,Digital Wallet,,2023-11-20
1185,TXN_6806290,Salad,3.0,5.0,15.0,UNKNOWN,,2023-05-02
1187,TXN_5386752,Salad,4.0,5.0,20.0,Digital Wallet,In-store,2023-12-07
1188,TXN_1022523,Salad,4.0,5.0,20.0,Cash,In-store,2023-11-25
1191,TXN_6202015,Cookie,2.0,1.0,2.0,Credit Card,Takeaway,2023-08-22
1192,TXN_6928137,Cake,3.0,3.0,9.0,Digital Wallet,In-store,2023-10-11
1193,TXN_3003809,Coffee,4.0,2.0,8.0,Cash,,2023-04-21
1194,TXN_5913013,Cookie,2.0,1.0,2.0,Credit Card,Takeaway,2023-11-29
1195,TXN_7433269,Tea,1.0,1.5,1.5,Cash,In-store,2023-05-18
1199,TXN_2633600,Salad,5.0,5.0,25.0,Cash,Takeaway,2023-11-28
1200,TXN_4631695,Cookie,5.0,1.0,5.0,UNKNOWN,In-store,2023-11-18
1201,TXN_3121271,Smoothie,2.0,4.0,8.0,Credit Card,,2023-08-13
1202,TXN_4613883,Tea,1.0,1.5,1.5,Cash,,2023-05-21
1205,TXN_4617771,Smoothie,4.0,4.0,16.0,Digital Wallet,Takeaway,2023-09-10
1208,TXN_1741325,Tea,2.0,1.5,3.0,Credit Card,In-store,2023-03-31
1209,TXN_9370294,Cake,2.0,3.0,6.0,Credit Card,,2023-04-23
1210,TXN_9983356,Sandwich,2.0,4.0,8.0,Digital Wallet,Takeaway,2023-09-20
1211,TXN_8964527,Sandwich,4.0,4.0,16.0,Digital Wallet,Takeaway,2023-02-22
1215,TXN_9497634,Juice,3.0,3.0,9.0,Cash,,2023-07-20
1216,TXN_9408993,Sandwich,1.0,4.0,4.0,Digital Wallet,In-store,2023-08-19
1217,TXN_7810285,Cake,4.0,3.0,12.0,Cash,Takeaway,2023-10-25
1219,TXN_1961595,Smoothie,5.0,4.0,20.0,Digital Wallet,In-store,2023-07-02
1223,TXN_4179561,Cookie,2.0,1.0,2.0,Digital Wallet,In-store,2023-11-12
1226,TXN_9056301,Cookie,2.0,1.0,2.0,Credit Card,Takeaway,2023-03-02
1227,TXN_8530924,Sandwich,2.0,4.0,8.0,Credit Card,ERROR,2023-08-05
1230,TXN_5965422,Coffee,2.0,2.0,4.0,Credit Card,,2023-06-20
1231,TXN_6910030,Coffee,4.0,2.0,8.0,Digital Wallet,Takeaway,2023-07-09
1232,TXN_3713626,Sandwich,2.0,4.0,8.0,Cash,,2023-12-24
1235,TXN_7609781,Smoothie,3.0,4.0,12.0,Cash,In-store,2023-03-13
1236,TXN_8398059,Cake,1.0,3.0,3.0,Cash,Takeaway,2023-10-15
1239,TXN_1792573,Smoothie,5.0,4.0,20.0,Cash,Takeaway,2023-12-07
1240,TXN_4812472,Cake,2.0,3.0,6.0,Cash,,2023-09-16
1242,TXN_1789644,Coffee,4.0,2.0,8.0,Credit Card,In-store,
1244,TXN_9991225,Cake,5.0,3.0,15.0,Credit Card,Takeaway,2023-02-03
1245,TXN_8734476,Tea,1.0,1.5,1.5,Cash,Takeaway,2023-09-12
1246,TXN_6471962,Sandwich,4.0,4.0,16.0,Cash,Takeaway,2023-09-21
1247,TXN_1981602,Sandwich,4.0,4.0,16.0,Cash,,2023-09-04
1248,TXN_4792702,Sandwich,1.0,4.0,4.0,Cash,Takeaway,2023-06-28
1249,TXN_3572190,Coffee,5.0,2.0,10.0,Credit Card,Takeaway,2023-03-05
1250,TXN_6791398,Coffee,1.0,2.0,2.0,Credit Card,Takeaway,2023-12-17
1251,TXN_8361255,Cake,3.0,3.0,9.0,Cash,Takeaway,2023-07-29
1252,TXN_1096690,Smoothie,5.0,4.0,20.0,Credit Card,,2023-10-09
1258,TXN_6078834,Smoothie,1.0,4.0,4.0,Digital Wallet,Takeaway,2023-04-28
1259,TXN_7812601,Tea,2.0,1.5,3.0,Credit Card,,2023-11-15
1260,TXN_8186625,Cookie,1.0,1.0,1.0,Digital Wallet,Takeaway,2023-07-21
1262,TXN_2946829,Cookie,2.0,1.0,2.0,Digital Wallet,Takeaway,2023-02-08
1264,TXN_8750849,Cake,2.0,3.0,6.0,Credit Card,Takeaway,2023-03-03
1266,TXN_4067814,Tea,5.0,1.5,7.5,Cash,,2023-12-20
1268,TXN_1973716,Salad,4.0,5.0,20.0,Credit Card,In-store,2023-01-21
1269,TXN_1105589,Coffee,5.0,2.0,10.0,Cash,Takeaway,2023-07-04
1276,TXN_6206171,Cake,1.0,3.0,3.0,Digital Wallet,,2023-03-19
1278,TXN_6915192,Coffee,4.0,2.0,8.0,UNKNOWN,In-store,2023-12-09
1280,TXN_4988665,Cake,1.0,3.0,3.0,Digital Wallet,Takeaway,2023-12-16
1283,TXN_5019407,Juice,4.0,3.0,12.0,Credit Card,,2023-04-17
1284,TXN_2482363,Tea,3.0,1.5,4.5,Cash,UNKNOWN,2023-08-06
1285,TXN_5412834,Smoothie,4.0,4.0,16.0,Cash,Takeaway,2023-07-13
1286,TXN_1389258,Salad,1.0,5.0,5.0,Cash,Takeaway,2023-12-31
1287,TXN_3223187,Coffee,2.0,2.0,4.0,Credit Card,,2023-08-21
1289,TXN_8300706,Salad,2.0,5.0,10.0,Digital Wallet,UNKNOWN,2023-12-23
1290,TXN_8076559,Cake,5.0,3.0,15.0,Cash,Takeaway,2023-11-02
1292,TXN_4310310,Cake,3.0,3.0,9.0,Cash,Takeaway,2023-03-08
1295,TXN_9143440,Coffee,4.0,2.0,8.0,Digital Wallet,,2023-03-31
1298,TXN_6411716,Cake,4.0,3.0,12.0,Credit Card,In-store,2023-02-25
1299,TXN_7759607,Sandwich,1.0,4.0,4.0,Digital Wallet,,2023-08-11
1300,TXN_8441057,Cake,4.0,3.0,12.0,Credit Card,,2023-11-04
1302,TXN_1154979,Coffee,3.0,2.0,6.0,Credit Card,In-store,2023-12-11
1304,TXN_6129205,Sandwich,5.0,4.0,20.0,Cash,In-store,2023-07-20
1306,TXN_6813508,Salad,1.0,5.0,5.0,Cash,,2023-10-26
1308,TXN_4832513,Cookie,5.0,1.0,5.0,Credit Card,In-store,2023-06-05
1312,TXN_5379385,Coffee,5.0,2.0,10.0,Credit Card,,2023-02-21
1313,TXN_6782228,Coffee,4.0,2.0,8.0,Credit Card,,2023-08-18
1315,TXN_1180969,Cookie,1.0,1.0,1.0,Digital Wallet,In-store,2023-01-06
1319,TXN_6492919,Juice,3.0,3.0,9.0,Digital Wallet,,2023-09-24
1320,TXN_4356223,Salad,3.0,5.0,15.0,Digital Wallet,Takeaway,2023-11-23
1322,TXN_7216161,Tea,4.0,1.5,6.0,Credit Card,UNKNOWN,2023-07-06
1324,TXN_3484520,Juice,3.0,3.0,9.0,Credit Card,,2023-08-15
1327,TXN_6717061,Salad,3.0,5.0,15.0,Credit Card,,2023-08-07
1331,TXN_2471972,Cookie,1.0,1.0,1.0,Cash,Takeaway,2023-04-08
1332,TXN_3060152,Juice,5.0,3.0,15.0,Digital Wallet,,2023-02-07
1333,TXN_4651514,Tea,2.0,1.5,3.0,Digital Wallet,In-store,2023-03-28
1334,TXN_6555617,Salad,2.0,5.0,10.0,Digital Wallet,Takeaway,2023-12-27
1336,TXN_6899834,Cake,3.0,3.0,9.0,Credit Card,Takeaway,2023-01-27
1341,TXN_7538570,Smoothie,4.0,4.0,16.0,Credit Card,Takeaway,2023-04-18
1342,TXN_8789116,Salad,5.0,5.0,25.0,Digital Wallet,Takeaway,2023-01-13
1343,TXN_8930109,Cookie,5.0,1.0,5.0,Digital Wallet,Takeaway,2023-05-17
1344,TXN_9799798,Coffee,5.0,2.0,10.0,Credit Card,Takeaway,2023-05-23
1347,TXN_5067373,Cookie,3.0,1.0,3.0,Cash,ERROR,2023-10-18
1348,TXN_5755839,Sandwich,3.0,4.0,12.0,Credit Card,UNKNOWN,2023-12-19
1349,TXN_1681153,Juice,3.0,3.0,9.0,Cash,Takeaway,2023-02-09
1350,TXN_4255503,Coffee,3.0,2.0,6.0,Digital Wallet,Takeaway,2023-11-19
1352,TXN_2385697,Coffee,1.0,2.0,2.0,Cash,Takeaway,2023-09-10
1353,TXN_9151321,Sandwich,4.0,4.0,16.0,Cash,In-store,2023-01-05
1355,TXN_1602799,Cake,4.0,3.0,12.0,Digital Wallet,Takeaway,2023-03-23
1356,TXN_3336502,Sandwich,3.0,4.0,12.0,Credit Card,,2023-05-04
1357,TXN_9579181,Sandwich,1.0,4.0,4.0,Digital Wallet,In-store,2023-05-24
1359,TXN_1388606,Cake,3.0,3.0,9.0,Digital Wallet,Takeaway,2023-08-31
1360,TXN_2336857,Cake,3.0,3.0,9.0,Cash,In-store,2023-08-02
1361,TXN_9526867,Cookie,2.0,1.0,2.0,Digital Wallet,Takeaway,2023-10-21
1362,TXN_4427348,Cake,5.0,3.0,15.0,Cash,UNKNOWN,2023-12-22
1363,TXN_5901180,Cookie,3.0,1.0,3.0,Digital Wallet,,2023-12-20
1366,TXN_5792655,Juice,1.0,3.0,3.0,Digital Wallet,Takeaway,2023-12-21
1367,TXN_5566652,Juice,5.0,3.0,15.0,Credit Card,,2023-09-16
1368,TXN_7782538,Juice,2.0,3.0,6.0,Digital Wallet,Takeaway,2023-08-15
1369,TXN_7478389,Cookie,5.0,1.0,5.0,Digital Wallet,,2023-10-13
1370,TXN_6108428,Cake,3.0,3.0,9.0,Digital Wallet,,2023-05-08
1371,TXN_3615483,Sandwich,2.0,4.0,8.0,Digital Wallet,,2023-09-08
1372,TXN_6404763,Sandwich,5.0,4.0,20.0,Digital Wallet,Takeaway,2023-11-13
1380,TXN_4915908,Sandwich,5.0,4.0,20.0,Credit Card,In-store,2023-06-06
1381,TXN_7146613,Smoothie,1.0,4.0,4.0,Cash,ERROR,2023-08-01
1391,TXN_9121852,Cookie,1.0,1.0,1.0,Credit Card,,
1392,TXN_7043825,Juice,2.0,3.0,6.0,Cash,Takeaway,2023-02-07
1394,TXN_2539318,Sandwich,4.0,4.0,16.0,Digital Wallet,UNKNOWN,2023-01-15
1395,TXN_5788769,Juice,1.0,3.0,3.0,Cash,In-store,2023-07-19
1398,TXN_2424930,Tea,5.0,1.5,7.5,Digital Wallet,,2023-01-20
1399,TXN_5856820,Tea,2.0,1.5,3.0,Credit Card,Takeaway,2023-07-18
1400,TXN_3753993,Sandwich,5.0,4.0,20.0,Credit Card,,2023-04-01
1402,TXN_9354616,Tea,4.0,1.5,6.0,Digital Wallet,Takeaway,2023-01-27
1403,TXN_3749365,Cookie,3.0,1.0,3.0,Cash,,2023-01-19
1405,TXN_5775113,Salad,1.0,5.0,5.0,Digital Wallet,,2023-10-23
1406,TXN_5268203,Cake,1.0,3.0,3.0,Credit Card,Takeaway,2023-03-04
1409,TXN_5226635,Cookie,4.0,1.0,4.0,Credit Card,Takeaway,2023-02-01
1411,TXN_9278992,Smoothie,4.0,4.0,16.0,Cash,Takeaway,2023-12-15
1412,TXN_4369292,Cake,1.0,3.0,3.0,Credit Card,Takeaway,2023-10-09
1413,TXN_6011884,Tea,5.0,1.5,7.5,UNKNOWN,,2023-12-25
1414,TXN_2952715,Smoothie,3.0,4.0,12.0,Cash,In-store,
1415,TXN_3912727,Tea,5.0,1.5,7.5,Digital Wallet,Takeaway,2023-04-13
1416,TXN_1951569,Salad,2.0,5.0,10.0,Digital Wallet,,2023-02-27
1417,TXN_6983139,Salad,2.0,5.0,10.0,Credit Card,Takeaway,2023-12-18
1419,TXN_5977414,Cake,2.0,3.0,6.0,Credit Card,In-store,2023-08-06
1423,TXN_9074075,Juice,5.0,3.0,15.0,Credit Card,ERROR,2023-08-14
1426,TXN_5121322,Sandwich,3.0,4.0,12.0,UNKNOWN,In-store,2023-12-17
1428,TXN_8550184,Juice,3.0,3.0,9.0,Digital Wallet,Takeaway,2023-04-05
1431,TXN_2773491,Salad,5.0,5.0,25.0,Cash,,2023-11-14
1433,TXN_3712466,Cake,5.0,3.0,15.0,Digital Wallet,ERROR,2023-04-10
1437,TXN_6962242,Juice,1.0,3.0,3.0,Digital Wallet,Takeaway,2023-06-30
1438,TXN_5780931,Tea,4.0,1.5,6.0,Digital Wallet,ERROR,2023-10-06
1440,TXN_6290642,Coffee,4.0,2.0,8.0,UNKNOWN,Takeaway,2023-12-23
1441,TXN_6177865,Juice,5.0,3.0,15.0,Digital Wallet,ERROR,2023-01-30
1442,TXN_8115752,Smoothie,2.0,4.0,8.0,Digital Wallet,ERROR,2023-06-27
1444,TXN_3116227,Cake,1.0,3.0,3.0,Digital Wallet,,2023-05-30
1445,TXN_2494138,Cookie,3.0,1.0,3.0,Cash,,2023-01-10
1446,TXN_4889269,Cake,2.0,3.0,6.0,Cash,UNKNOWN,2023-02-19
1449,TXN_8808162,Smoothie,4.0,4.0,16.0,Digital Wallet,ERROR,2023-05-07
1450,TXN_4548466,Tea,4.0,1.5,6.0,Credit Card,Takeaway,2023-11-30
1452,TXN_9835676,Cookie,2.0,1.0,2.0,Digital Wallet,,2023-03-30
1453,TXN_9728454,Juice,4.0,3.0,12.0,Digital Wallet,Takeaway,2023-01-03
1455,TXN_8685846,Tea,5.0,1.5,7.5,Credit Card,,2023-12-27
1462,TXN_5944206,Cookie,5.0,1.0,5.0,Digital Wallet,Takeaway,2023-05-12
1463,TXN_9212178,Juice,1.0,3.0,3.0,Credit Card,Takeaway,2023-11-18
1466,TXN_9201212,Smoothie,4.0,4.0,16.0,Digital Wallet,Takeaway,2023-06-08
1468,TXN_7055260,Sandwich,4.0,4.0,16.0,Digital Wallet,In-store,2023-06-20
1469,TXN_4773465,Coffee,5.0,2.0,10.0,Digital Wallet,Takeaway,2023-11-28
1470,TXN_9087344,Tea,5.0,1.5,7.5,Cash,UNKNOWN,2023-07-29
1471,TXN_1757340,Cake,2.0,3.0,6.0,Credit Card,In-store,2023-12-29
1472,TXN_9975321,Salad,2.0,5.0,10.0,Digital Wallet,ERROR,2023-03-25
1474,TXN_1681216,Cake,3.0,3.0,9.0,UNKNOWN,,2023-03-23
1475,TXN_3835043,Juice,2.0,3.0,6.0,Cash,,2023-12-29
1476,TXN_8366002,Sandwich,2.0,4.0,8.0,Credit Card,,2023-12-26
1477,TXN_9390740,Cake,2.0,3.0,6.0,Cash,In-store,2023-12-06
1478,TXN_4928254,Cake,1.0,3.0,3.0,Credit Card,UNKNOWN,2023-12-22
1480,TXN_9117434,Cake,1.0,3.0,3.0,UNKNOWN,In-store,2023-07-18
1483,TXN_7531745,Cake,2.0,3.0,6.0,Cash,,2023-06-23
1484,TXN_1082421,Salad,1.0,5.0,5.0,Digital Wallet,In-store,2023-12-19
1485,TXN_2148444,Juice,2.0,3.0,6.0,Cash,,2023-11-27
1487,TXN_1494502,Salad,5.0,5.0,25.0,Digital Wallet,ERROR,
1488,TXN_9277146,Cake,5.0,3.0,15.0,Credit Card,,2023-07-11
1489,TXN_9333347,Smoothie,5.0,4.0,20.0,Cash,UNKNOWN,2023-09-10
1490,TXN_9127105,Juice,3.0,3.0,9.0,Cash,,2023-03-04
1491,TXN_1417724,Sandwich,2.0,4.0,8.0,Digital Wallet,,2023-06-07
1492,TXN_6451377,Salad,5.0,5.0,25.0,Credit Card,Takeaway,2023-03-19
1493,TXN_2142961,Coffee,5.0,2.0,10.0,Credit Card,Takeaway,2023-09-21
1495,TXN_8588335,Salad,4.0,5.0,20.0,Credit Card,,2023-09-04
1496,TXN_6738350,Juice,2.0,3.0,6.0,Digital Wallet,,2023-11-02
1497,TXN_5575561,Tea,4.0,1.5,6.0,Digital Wallet,Takeaway,2023-02-13
1498,TXN_1007347,Salad,4.0,5.0,20.0,Digital Wallet,In-store,2023-08-28
1501,TXN_7692628,Tea,2.0,1.5,3.0,Cash,,2023-05-01
1502,TXN_6731518,Cookie,1.0,1.0,1.0,Digital Wallet,Takeaway,2023-12-04
1503,TXN_3455702,Salad,1.0,5.0,5.0,Cash,Takeaway,2023-03-23
1504,TXN_7794561,Juice,4.0,3.0,12.0,Credit Card,In-store,2023-05-18
1505,TXN_8908193,Smoothie,5.0,4.0,20.0,Cash,UNKNOWN,2023-04-02
1506,TXN_7688625,Coffee,1.0,2.0,2.0,Credit Card,In-store,2023-12-15
1509,TXN_8831924,Coffee,3.0,2.0,6.0,Digital Wallet,In-store,2023-07-12
1511,TXN_1360998,Cookie,2.0,1.0,2.0,Cash,Takeaway,2023-07-30
1512,TXN_4125921,Juice,5.0,3.0,15.0,Credit Card,,2023-01-26
1514,TXN_8149585,Juice,1.0,3.0,3.0,Credit Card,ERROR,2023-02-21
1515,TXN_9047278,Tea,4.0,1.5,6.0,Credit Card,Takeaway,2023-06-20
1517,TXN_7606512,Cookie,5.0,1.0,5.0,Cash,,2023-12-03
1520,TXN_4516901,Tea,2.0,1.5,3.0,Credit Card,In-store,2023-09-05
1521,TXN_6817795,Tea,1.0,1.5,1.5,Cash,Takeaway,2023-09-12
1524,TXN_6809170,Smoothie,4.0,4.0,16.0,Cash,Takeaway,2023-08-10
1525,TXN_7365744,Cookie,4.0,1.0,4.0,Cash,In-store,2023-08-20
1526,TXN_9847116,Salad,3.0,5.0,15.0,Cash,Takeaway,2023-07-28
1527,TXN_8356338,Salad,5.0,5.0,25.0,Credit Card,In-store,2023-08-06
1528,TXN_4413506,Juice,4.0,3.0,12.0,Digital Wallet,In-store,2023-10-29
1530,TXN_9534685,Salad,1.0,5.0,5.0,UNKNOWN,Takeaway,2023-04-27
1533,TXN_2494194,Salad,5.0,5.0,25.0,Digital Wallet,,2023-02-11
1534,TXN_4549825,Salad,2.0,5.0,10.0,Digital Wallet,,
1535,TXN_4737392,Sandwich,2.0,4.0,8.0,Cash,In-store,2023-02-17
1536,TXN_9538738,Coffee,4.0,2.0,8.0,Cash,In-store,2023-09-25
1537,TXN_1854102,Coffee,2.0,2.0,4.0,Digital Wallet,Takeaway,2023-07-18
1538,TXN_3109692,Juice,4.0,3.0,12.0,Credit Card,In-store,2023-06-21
1539,TXN_5395229,Coffee,5.0,2.0,10.0,Cash,,2023-11-29
1541,TXN_8837375,Sandwich,2.0,4.0,8.0,Digital Wallet,Takeaway,2023-11-21
1544,TXN_7950226,Tea,1.0,1.5,1.5,Digital Wallet,In-store,2023-10-13
1545,TXN_9086541,Salad,3.0,5.0,15.0,Cash,In-store,2023-02-15
1546,TXN_1817596,Tea,2.0,1.5,3.0,UNKNOWN,In-store,2023-11-04
1547,TXN_7644786,Cookie,3.0,1.0,3.0,Credit Card,Takeaway,2023-01-20
1548,TXN_8017969,Juice,1.0,3.0,3.0,Cash,Takeaway,2023-03-26
1549,TXN_6667388,Cake,3.0,3.0,9.0,Cash,In-store,2023-08-14
1550,TXN_3488611,Tea,1.0,1.5,1.5,Cash,,2023-02-13
1553,TXN_9425645,Cake,3.0,3.0,9.0,Credit Card,Takeaway,2023-03-19
1555,TXN_4692976,Juice,1.0,3.0,3.0,Digital Wallet,UNKNOWN,2023-11-06
1556,TXN_6747376,Smoothie,3.0,4.0,12.0,Digital Wallet,In-store,2023-11-20
1558,TXN_9662568,Tea,5.0,1.5,7.5,Cash,ERROR,2023-10-30
1561,TXN_3717372,Juice,2.0,3.0,6.0,Credit Card,ERROR,2023-02-15
1562,TXN_6727985,Salad,5.0,5.0,25.0,Credit Card,In-store,2023-06-16
1565,TXN_5692316,Smoothie,1.0,4.0,4.0,Digital Wallet,UNKNOWN,2023-06-22
1566,TXN_2062269,Juice,4.0,3.0,12.0,Digital Wallet,Takeaway,2023-09-08
1570,TXN_9969283,Sandwich,3.0,4.0,12.0,Digital Wallet,,2023-10-26
1572,TXN_8313892,Salad,3.0,5.0,15.0,Credit Card,Takeaway,2023-11-29
1575,TXN_1856112,Salad,3.0,5.0,15.0,Credit Card,,2023-06-08
1579,TXN_6712994,Coffee,3.0,2.0,6.0,Cash,Takeaway,2023-10-02
1581,TXN_6257776,Juice,5.0,3.0,15.0,Cash,In-store,2023-10-28
1584,TXN_3869150,Cookie,3.0,1.0,3.0,Cash,,2023-03-26
1586,TXN_2018236,Coffee,5.0,2.0,10.0,Cash,,2023-04-19
1588,TXN_6073195,Sandwich,3.0,4.0,12.0,Credit Card,Takeaway,2023-09-13
1590,TXN_4178872,Tea,1.0,1.5,1.5,Credit Card,,2023-01-25
1593,TXN_4291132,Cake,2.0,3.0,6.0,Credit Card,Takeaway,2023-08-07
1594,TXN_1622123,Cookie,2.0,1.0,2.0,Cash,Takeaway,2023-01-05
1595,TXN_2878078,Cake,2.0,3.0,6.0,Digital Wallet,Takeaway,2023-12-15
1596,TXN_7134579,Cookie,5.0,1.0,5.0,Digital Wallet,Takeaway,2023-06-06
1597,TXN_6921057,Sandwich,4.0,4.0,16.0,Digital Wallet,Takeaway,2023-07-10
1598,TXN_2335088,Salad,4.0,5.0,20.0,Cash,In-store,2023-10-27
1599,TXN_9778859,Cookie,3.0,1.0,3.0,Cash,Takeaway,2023-06-05
1603,TXN_6386662,Salad,5.0,5.0,25.0,Credit Card,Takeaway,2023-12-04
1604,TXN_5491825,Cake,4.0,3.0,12.0,Cash,In-store,2023-06-09
1606,TXN_5580933,Smoothie,3.0,4.0,12.0,Cash,Takeaway,2023-10-19
1607,TXN_3326110,Coffee,2.0,2.0,4.0,Credit Card,Takeaway,2023-08-13
1608,TXN_5455079,Salad,2.0,5.0,10.0,Cash,In-store,2023-11-30
1609,TXN_5526475,Tea,4.0,1.5,6.0,Cash,In-store,2023-05-06
1610,TXN_3800253,Cake,2.0,3.0,6.0,Cash,Takeaway,2023-01-15
1611,TXN_2091128,Cake,1.0,3.0,3.0,Credit Card,UNKNOWN,
1612,TXN_9169782,Juice,5.0,3.0,15.0,Credit Card,,2023-09-18
1616,TXN_4134478,Juice,2.0,3.0,6.0,Credit Card,Takeaway,2023-06-25
1617,TXN_6298532,Smoothie,4.0,4.0,16.0,Digital Wallet,,
1619,TXN_9522899,Smoothie,5.0,4.0,20.0,Credit Card,Takeaway,
1621,TXN_7296498,Salad,5.0,5.0,25.0,Credit Card,Takeaway,2023-05-19
1623,TXN_2488987,Tea,5.0,1.5,7.5,Cash,In-store,2023-06-12
1624,TXN_6708156,Tea,5.0,1.5,7.5,Credit Card,,2023-11-26
1626,TXN_1865735,Smoothie,2.0,4.0,8.0,Digital Wallet,In-store,2023-09-22
1627,TXN_5396450,Juice,3.0,3.0,9.0,Digital Wallet,,2023-12-09
1628,TXN_5881757,Sandwich,3.0,4.0,12.0,Credit Card,,2023-08-15
1630,TXN_5342589,Tea,2.0,1.5,3.0,Digital Wallet,ERROR,2023-04-06
1631,TXN_1987212,Smoothie,5.0,4.0,20.0,Credit Card,Takeaway,2023-04-07
1632,TXN_5303275,Cookie,4.0,1.0,4.0,Cash,Takeaway,2023-09-18
1635,TXN_1075183,Tea,2.0,1.5,3.0,Credit Card,,2023-01-09
1636,TXN_9316158,Sandwich,5.0,4.0,20.0,Cash,In-store,2023-10-31
1637,TXN_8207244,Tea,5.0,1.5,7.5,Cash,Takeaway,2023-05-04
1639,TXN_2814866,Smoothie,1.0,4.0,4.0,Digital Wallet,In-store,2023-07-29
1640,TXN_8454044,Coffee,5.0,2.0,10.0,Credit Card,,2023-05-27
1642,TXN_2560137,Cake,1.0,3.0,3.0,Cash,Takeaway,2023-10-13
1643,TXN_7350571,Smoothie,1.0,4.0,4.0,Credit Card,In-store,2023-02-19
1644,TXN_3915802,Coffee,3.0,2.0,6.0,Cash,Takeaway,2023-12-16
1645,TXN_5019143,Coffee,5.0,2.0,10.0,Cash,,2023-02-21
1646,TXN_1785371,Coffee,1.0,2.0,2.0,UNKNOWN,Takeaway,2023-01-16
1647,TXN_6441650,Cake,5.0,3.0,15.0,UNKNOWN,Takeaway,2023-09-06
1648,TXN_2493262,Cookie,2.0,1.0,2.0,Credit Card,Takeaway,2023-01-03
1649,TXN_3257591,Sandwich,1.0,4.0,4.0,Credit Card,In-store,
1650,TXN_6038791,Juice,2.0,3.0,6.0,Digital Wallet,In-store,2023-03-06
1651,TXN_1335337,Tea,3.0,1.5,4.5,Credit Card,In-store,2023-09-06
1652,TXN_2275914,Sandwich,2.0,4.0,8.0,UNKNOWN,Takeaway,2023-10-24
1653,TXN_6258276,Sandwich,5.0,4.0,20.0,Credit Card,UNKNOWN,2023-01-29
1654,TXN_2340312,Cake,4.0,3.0,12.0,UNKNOWN,Takeaway,2023-07-30
1655,TXN_6066433,Tea,2.0,1.5,3.0,Cash,,2023-06-17
1657,TXN_7730388,Cookie,5.0,1.0,5.0,Digital Wallet,In-store,2023-09-09
1659,TXN_3147198,Smoothie,2.0,4.0,8.0,Digital Wallet,,2023-02-04
1660,TXN_6363897,Salad,5.0,5.0,25.0,Credit Card,Takeaway,2023-11-26
1661,TXN_1893222,Smoothie,5.0,4.0,20.0,Credit Card,In-store,2023-12-20
1662,TXN_9262803,Juice,5.0,3.0,15.0,Digital Wallet,,2023-10-04
1663,TXN_9491912,Tea,4.0,1.5,6.0,Cash,In-store,
1664,TXN_6992164,Sandwich,2.0,4.0,8.0,Cash,Takeaway,
1667,TXN_5624179,Cookie,1.0,1.0,1.0,Cash,Takeaway,2023-10-26
1668,TXN_3450160,Cake,4.0,3.0,12.0,Credit Card,In-store,2023-10-23
1669,TXN_4075432,Sandwich,5.0,4.0,20.0,Cash,In-store,2023-09-12
1670,TXN_2023802,Cake,2.0,3.0,6.0,Cash,In-store,2023-02-28
1672,TXN_6745832,Coffee,2.0,2.0,4.0,Credit Card,UNKNOWN,2023-10-02
1673,TXN_7560989,Sandwich,3.0,4.0,12.0,Digital Wallet,,2023-06-16
1676,TXN_8182245,Sandwich,5.0,4.0,20.0,Digital Wallet,Takeaway,2023-10-24
1677,TXN_3970335,Juice,5.0,3.0,15.0,Digital Wallet,Takeaway,2023-09-01
1679,TXN_7100596,Smoothie,5.0,4.0,20.0,Credit Card,In-store,2023-09-14
1680,TXN_1481116,Tea,2.0,1.5,3.0,Digital Wallet,In-store,2023-02-26
1681,TXN_9454212,Juice,5.0,3.0,15.0,Cash,In-store,2023-11-19
1682,TXN_3648327,Cake,1.0,3.0,3.0,Digital Wallet,Takeaway,2023-08-17
1683,TXN_6188394,Juice,5.0,3.0,15.0,Credit Card,In-store,2023-10-05
1684,TXN_2553803,Juice,1.0,3.0,3.0,Cash,In-store,2023-12-29
1685,TXN_5700545,Salad,2.0,5.0,10.0,Credit Card,,2023-05-25
1686,TXN_8018479,Tea,1.0,1.5,1.5,Digital Wallet,Takeaway,2023-09-15
1687,TXN_9465300,Tea,2.0,1.5,3.0,Credit Card,UNKNOWN,2023-09-01
1688,TXN_3046108,Tea,5.0,1.5,7.5,Digital Wallet,Takeaway,2023-01-15
1690,TXN_4454198,Tea,1.0,1.5,1.5,Digital Wallet,In-store,2023-08-22
1691,TXN_5855756,Sandwich,1.0,4.0,4.0,Credit Card,In-store,2023-08-29
1693,TXN_6758675,Juice,1.0,3.0,3.0,Credit Card,In-store,2023-11-05
1695,TXN_9530003,Salad,1.0,5.0,5.0,Digital Wallet,,2023-08-24
1696,TXN_2347596,Juice,4.0,3.0,12.0,Credit Card,,2023-12-27
1700,TXN_8715122,Cake,2.0,3.0,6.0,Cash,Takeaway,
1701,TXN_1525046,Smoothie,2.0,4.0,8.0,Cash,,2023-12-02
1702,TXN_9867948,Smoothie,2.0,4.0,8.0,Digital Wallet,,2023-10-07
1705,TXN_7681072,Cookie,1.0,1.0,1.0,Credit Card,Takeaway,2023-07-07
1707,TXN_8789986,Cake,2.0,3.0,6.0,Cash,Takeaway,2023-09-21
1708,TXN_8382825,Coffee,5.0,2.0,10.0,Cash,In-store,2023-01-20
1709,TXN_4486700,Cake,2.0,3.0,6.0,Digital Wallet,Takeaway,2023-02-08
1710,TXN_2668108,Cookie,5.0,1.0,5.0,Cash,,2023-09-23
1711,TXN_5085328,Coffee,4.0,2.0,8.0,Digital Wallet,Takeaway,2023-02-03
1712,TXN_6023823,Cookie,2.0,1.0,2.0,Digital Wallet,,2023-04-20
1716,TXN_6191769,Salad,1.0,5.0,5.0,Credit Card,Takeaway,2023-05-17
1717,TXN_6110386,Smoothie,1.0,4.0,4.0,Cash,In-store,2023-03-17
1720,TXN_9169536,Cake,5.0,3.0,15.0,Cash,In-store,2023-06-10
1721,TXN_8257774,Cookie,5.0,1.0,5.0,Cash,Takeaway,2023-03-04
1724,TXN_1225638,Cake,4.0,3.0,12.0,Cash,Takeaway,2023-05-28
1726,TXN_5508620,Sandwich,2.0,4.0,8.0,Cash,In-store,2023-08-26
1727,TXN_7864080,Tea,5.0,1.5,7.5,Credit Card,Takeaway,2023-11-12
1728,TXN_6066883,Cake,2.0,3.0,6.0,Credit Card,,2023-12-21
1729,TXN_6034785,Coffee,3.0,2.0,6.0,Digital Wallet,,2023-06-17
1731,TXN_2463115,Sandwich,5.0,4.0,20.0,Credit Card,Takeaway,2023-09-12
1732,TXN_9948425,Cake,3.0,3.0,9.0,UNKNOWN,Takeaway,2023-11-21
1734,TXN_2006923,Salad,5.0,5.0,25.0,Digital Wallet,,2023-05-31
1735,TXN_6762172,Coffee,5.0,2.0,10.0,Cash,Takeaway,2023-01-19
1736,TXN_6638051,Smoothie,2.0,4.0,8.0,Cash,,2023-11-05
1740,TXN_6987950,Cake,4.0,3.0,12.0,Credit Card,,2023-05-04
1742,TXN_5591967,Sandwich,1.0,4.0,4.0,Credit Card,Takeaway,2023-04-08
1743,TXN_5861158,Sandwich,3.0,4.0,12.0,Credit Card,Takeaway,2023-11-21
1744,TXN_7501002,Coffee,1.0,2.0,2.0,Digital Wallet,UNKNOWN,2023-08-23
1745,TXN_2848654,Smoothie,5.0,4.0,20.0,Digital Wallet,In-store,2023-03-15
1747,TXN_3034652,Juice,5.0,3.0,15.0,Credit Card,In-store,2023-11-04
1748,TXN_2710779,Sandwich,5.0,4.0,20.0,Digital Wallet,In-store,2023-09-30
1750,TXN_6330369,Juice,1.0,3.0,3.0,UNKNOWN,,2023-01-25
1751,TXN_7852032,Sandwich,1.0,4.0,4.0,Cash,,2023-03-19
1752,TXN_7189368,Sandwich,2.0,4.0,8.0,Credit Card,,2023-01-22
1754,TXN_7169320,Coffee,3.0,2.0,6.0,Credit Card,,
1755,TXN_6607568,Coffee,2.0,2.0,4.0,Cash,In-store,2023-03-24
1757,TXN_9837568,Salad,5.0,5.0,25.0,Cash,In-store,2023-04-17
1758,TXN_9603263,Cookie,5.0,1.0,5.0,Cash,ERROR,2023-05-02
1759,TXN_9425610,Sandwich,3.0,4.0,12.0,Cash,In-store,2023-01-08
1762,TXN_9749333,Cookie,5.0,1.0,5.0,Cash,In-store,2023-02-27
1763,TXN_2771364,Coffee,1.0,2.0,2.0,Digital Wallet,,2023-01-23
1765,TXN_7376092,Cookie,4.0,1.0,4.0,Cash,In-store,2023-11-07
1767,TXN_8278982,Smoothie,5.0,4.0,20.0,Credit Card,Takeaway,2023-09-06
1768,TXN_7686476,Coffee,3.0,2.0,6.0,Digital Wallet,Takeaway,2023-01-03
1770,TXN_1926278,Cookie,1.0,1.0,1.0,Credit Card,,2023-07-29
1771,TXN_3981000,Tea,1.0,1.5,1.5,Digital Wallet,In-store,2023-05-24
1772,TXN_6167259,Juice,2.0,3.0,6.0,Digital Wallet,,2023-04-14
1777,TXN_7367474,Juice,5.0,3.0,15.0,Digital Wallet,Takeaway,2023-01-01
1778,TXN_7551097,Cake,2.0,3.0,6.0,Digital Wallet,ERROR,2023-06-12
1784,TXN_1498343,Salad,2.0,5.0,10.0,Credit Card,Takeaway,2023-03-31
1785,TXN_3107619,Cookie,2.0,1.0,2.0,Digital Wallet,Takeaway,2023-05-31
1787,TXN_7380217,Tea,1.0,1.5,1.5,Digital Wallet,,2023-09-10
1788,TXN_3195132,Salad,4.0,5.0,20.0,Credit Card,,2023-08-26
1791,TXN_7411993,Cake,2.0,3.0,6.0,Digital Wallet,In-store,2023-02-11
1794,TXN_4679593,Juice,1.0,3.0,3.0,Cash,In-store,2023-01-10
1795,TXN_1907250,Cookie,1.0,1.0,1.0,Credit Card,,2023-11-15
1797,TXN_1630051,Smoothie,5.0,4.0,20.0,Digital Wallet,Takeaway,2023-03-17
1798,TXN_2566258,Cookie,4.0,1.0,4.0,Cash,Takeaway,2023-06-08
1799,TXN_5785600,Salad,5.0,5.0,25.0,Cash,In-store,2023-12-10
1800,TXN_4864206,Cookie,5.0,1.0,5.0,Cash,In-store,2023-03-18
1801,TXN_4360040,Salad,1.0,5.0,5.0,Credit Card,,2023-11-15
1802,TXN_9490163,Salad,4.0,5.0,20.0,Credit Card,,2023-02-23
1805,TXN_5113993,Coffee,1.0,2.0,2.0,Credit Card,Takeaway,2023-02-10
1806,TXN_2192787,Sandwich,5.0,4.0,20.0,Cash,In-store,2023-01-01
1807,TXN_2127588,Cake,4.0,3.0,12.0,Cash,In-store,2023-07-17
1809,TXN_8108748,Sandwich,1.0,4.0,4.0,Cash,UNKNOWN,2023-06-19
1810,TXN_5538713,Cookie,2.0,1.0,2.0,Digital Wallet,Takeaway,2023-09-20
1812,TXN_2565449,Smoothie,3.0,4.0,12.0,Credit Card,In-store,2023-10-04
1813,TXN_7264039,Cake,5.0,3.0,15.0,Cash,,2023-09-19
1814,TXN_9224501,Salad,5.0,5.0,25.0,Credit Card,In-store,2023-12-08
1815,TXN_5767393,Smoothie,3.0,4.0,12.0,Digital Wallet,In-store,2023-09-11
1817,TXN_4638629,Smoothie,4.0,4.0,16.0,Credit Card,,2023-02-10
1818,TXN_9287133,Cake,5.0,3.0,15.0,Digital Wallet,In-store,2023-04-20
1819,TXN_6223786,Cake,5.0,3.0,15.0,Cash,,2023-07-05
1820,TXN_5460750,Juice,3.0,3.0,9.0,Credit Card,,2023-07-31
1822,TXN_2543138,Sandwich,1.0,4.0,4.0,Credit Card,,2023-05-20
1823,TXN_7134064,Smoothie,5.0,4.0,20.0,Credit Card,Takeaway,2023-04-04
1826,TXN_5486063,Smoothie,3.0,4.0,12.0,Cash,In-store,2023-05-21
1827,TXN_2285849,Tea,2.0,1.5,3.0,Credit Card,Takeaway,2023-09-10
1828,TXN_9577271,Sandwich,5.0,4.0,20.0,Cash,In-store,2023-09-30
1829,TXN_6568536,Cake,1.0,3.0,3.0,Cash,,2023-12-29
1831,TXN_2624121,Tea,5.0,1.5,7.5,Digital Wallet,In-store,2023-01-28
1833,TXN_7868879,Sandwich,4.0,4.0,16.0,Cash,Takeaway,2023-05-02
1836,TXN_9373436,Salad,4.0,5.0,20.0,Digital Wallet,,2023-04-06
1837,TXN_6243519,Coffee,3.0,2.0,6.0,Cash,Takeaway,2023-03-03
1838,TXN_8668901,Juice,2.0,3.0,6.0,Credit Card,Takeaway,2023-06-30
1839,TXN_4903004,Tea,4.0,1.5,6.0,Digital Wallet,In-store,2023-12-03
1840,TXN_2195218,Cake,4.0,3.0,12.0,Digital Wallet,In-store,2023-09-10
1844,TXN_7362525,Cake,5.0,3.0,15.0,Cash,Takeaway,2023-06-09
1845,TXN_2161341,Salad,5.0,5.0,25.0,Digital Wallet,ERROR,2023-03-12
1846,TXN_8753888,Cookie,4.0,1.0,4.0,Credit Card,Takeaway,2023-12-25
1847,TXN_3265596,Tea,1.0,1.5,1.5,Cash,,2023-12-28
1848,TXN_2815691,Juice,5.0,3.0,15.0,Digital Wallet,ERROR,2023-02-06
1849,TXN_8956534,Coffee,5.0,2.0,10.0,Cash,Takeaway,2023-06-05
1850,TXN_7957208,Tea,1.0,1.5,1.5,Digital Wallet,Takeaway,2023-04-14
1851,TXN_6851213,Juice,1.0,3.0,3.0,Digital Wallet,,2023-05-19
1853,TXN_7543722,Cookie,3.0,1.0,3.0,Digital Wallet,,2023-08-26
1858,TXN_1749105,Sandwich,5.0,4.0,20.0,Cash,In-store,2023-10-17
1860,TXN_1248266,Salad,3.0,5.0,15.0,Credit Card,In-store,2023-10-14
1861,TXN_5400273,Smoothie,4.0,4.0,16.0,Credit Card,,2023-05-24
1863,TXN_3312002,Smoothie,4.0,4.0,16.0,Digital Wallet,,2023-04-30
1864,TXN_5331122,Salad,4.0,5.0,20.0,Credit Card,In-store,2023-09-26
1865,TXN_1227800,Juice,3.0,3.0,9.0,Cash,Takeaway,2023-02-19
1866,TXN_1867836,Juice,1.0,3.0,3.0,Credit Card,,2023-03-21
1869,TXN_2699583,Sandwich,5.0,4.0,20.0,Digital Wallet,In-store,2023-07-26
1870,TXN_1622577,Juice,1.0,3.0,3.0,Cash,,2023-03-14
1872,TXN_2156218,Smoothie,2.0,4.0,8.0,Digital Wallet,In-store,2023-07-24
1873,TXN_8271025,Juice,5.0,3.0,15.0,Credit Card,,2023-03-09
1874,TXN_4894699,Cookie,2.0,1.0,2.0,Digital Wallet,In-store,2023-02-20
1876,TXN_8631468,Cake,1.0,3.0,3.0,Credit Card,In-store,2023-10-10
1878,TXN_7825457,Cake,5.0,3.0,15.0,Cash,ERROR,2023-09-15
1879,TXN_7468777,Salad,1.0,5.0,5.0,Digital Wallet,In-store,
1880,TXN_2378096,Tea,3.0,1.5,4.5,Cash,Takeaway,2023-09-22
1881,TXN_2627056,Sandwich,4.0,4.0,16.0,Digital Wallet,,2023-04-22
1882,TXN_5062280,Smoothie,4.0,4.0,16.0,Credit Card,,2023-07-05
1883,TXN_3620110,Coffee,1.0,2.0,2.0,Digital Wallet,Takeaway,2023-06-01
1884,TXN_7290923,Salad,3.0,5.0,15.0,UNKNOWN,,2023-02-09
1886,TXN_1005331,Coffee,1.0,2.0,2.0,Digital Wallet,Takeaway,2023-11-04
1887,TXN_1579182,Juice,5.0,3.0,15.0,Cash,In-store,2023-02-20
1893,TXN_6471268,Smoothie,5.0,4.0,20.0,Digital Wallet,,2023-02-10
1895,TXN_6843517,Sandwich,5.0,4.0,20.0,Credit Card,In-store,2023-01-02
1897,TXN_9298053,Juice,5.0,3.0,15.0,Cash,In-store,2023-06-29
1899,TXN_4987246,Cookie,3.0,1.0,3.0,Digital Wallet,Takeaway,2023-11-24
1900,TXN_6271219,Sandwich,3.0,4.0,12.0,Cash,,2023-06-07
1901,TXN_2614545,Tea,1.0,1.5,1.5,UNKNOWN,In-store,2023-08-10
1903,TXN_6236864,Tea,2.0,1.5,3.0,Digital Wallet,In-store,2023-08-17
1905,TXN_1853196,Sandwich,1.0,4.0,4.0,Credit Card,,2023-08-28
1906,TXN_7201361,Smoothie,3.0,4.0,12.0,Cash,In-store,2023-05-26
1907,TXN_6902481,Juice,3.0,3.0,9.0,Cash,,2023-09-03
1909,TXN_8861272,Coffee,1.0,2.0,2.0,Digital Wallet,,2023-03-27
1911,TXN_2229365,Sandwich,2.0,4.0,8.0,Cash,In-store,2023-09-07
1912,TXN_5563675,Tea,3.0,1.5,4.5,Digital Wallet,In-store,2023-01-01
1914,TXN_6594187,Tea,5.0,1.5,7.5,UNKNOWN,,
1917,TXN_7907499,Juice,3.0,3.0,9.0,Digital Wallet,Takeaway,2023-04-18
1918,TXN_8360073,Cake,4.0,3.0,12.0,Digital Wallet,In-store,2023-06-15
1920,TXN_4140167,Coffee,2.0,2.0,4.0,Cash,UNKNOWN,2023-06-29
1921,TXN_2690515,Sandwich,2.0,4.0,8.0,Cash,Takeaway,2023-09-06
1922,TXN_2080682,Coffee,3.0,2.0,6.0,Credit Card,In-store,2023-05-02
1923,TXN_8399341,Tea,5.0,1.5,7.5,Cash,,2023-03-22
1924,TXN_5661891,Salad,1.0,5.0,5.0,Digital Wallet,Takeaway,2023-10-28
1928,TXN_6036520,Coffee,5.0,2.0,10.0,Cash,,2023-09-15
1929,TXN_1582958,Coffee,2.0,2.0,4.0,Cash,,2023-12-08
1930,TXN_9834415,Cookie,2.0,1.0,2.0,Credit Card,In-store,2023-12-28
1931,TXN_7325430,Coffee,2.0,2.0,4.0,Cash,,2023-04-17
1932,TXN_6440365,Smoothie,2.0,4.0,8.0,Cash,,2023-05-14
1933,TXN_4002629,Cake,5.0,3.0,15.0,Credit Card,In-store,2023-06-15
1937,TXN_6551087,Smoothie,1.0,4.0,4.0,Credit Card,ERROR,2023-05-02
1942,TXN_1795044,Coffee,2.0,2.0,4.0,Digital Wallet,UNKNOWN,2023-08-15
1945,TXN_8898121,Tea,4.0,1.5,6.0,Digital Wallet,,2023-03-26
1946,TXN_4735392,Smoothie,3.0,4.0,12.0,Credit Card,Takeaway,2023-04-04
1948,TXN_8410712,Juice,5.0,3.0,15.0,Digital Wallet,Takeaway,2023-10-23
1950,TXN_6009395,Sandwich,4.0,4.0,16.0,Cash,In-store,2023-07-20
1951,TXN_3733753,Sandwich,1.0,4.0,4.0,Digital Wallet,Takeaway,2023-03-10
1952,TXN_4084548,Salad,2.0,5.0,10.0,Cash,In-store,2023-07-21
1953,TXN_7125945,Cake,3.0,3.0,9.0,Credit Card,In-store,2023-01-30
1954,TXN_6746140,Cookie,5.0,1.0,5.0,Digital Wallet,Takeaway,
1957,TXN_2623927,Sandwich,2.0,4.0,8.0,UNKNOWN,,2023-01-27
1960,TXN_5435751,Sandwich,1.0,4.0,4.0,Credit Card,Takeaway,2023-05-24
1961,TXN_9991468,Juice,4.0,3.0,12.0,Credit Card,,2023-11-30
1963,TXN_5186460,Juice,3.0,3.0,9.0,Credit Card,UNKNOWN,2023-11-07
1965,TXN_6885561,Smoothie,3.0,4.0,12.0,Digital Wallet,Takeaway,2023-06-24
1967,TXN_6304285,Cake,5.0,3.0,15.0,Digital Wallet,Takeaway,2023-11-16
1968,TXN_7792996,Salad,4.0,5.0,20.0,Cash,,2023-12-20
1969,TXN_3653328,Cookie,4.0,1.0,4.0,Digital Wallet,In-store,2023-06-27
1970,TXN_3003876,Cookie,3.0,1.0,3.0,Cash,ERROR,2023-08-27
1972,TXN_8166394,Juice,4.0,3.0,12.0,Credit Card,,2023-12-22
1973,TXN_1270603,Juice,4.0,3.0,12.0,Credit Card,Takeaway,2023-12-03
1975,TXN_1437275,Coffee,3.0,2.0,6.0,Credit Card,,2023-07-22
1977,TXN_5836079,Coffee,1.0,2.0,2.0,Digital Wallet,,2023-07-14
1980,TXN_9251292,Tea,2.0,1.5,3.0,Cash,UNKNOWN,2023-01-20
1982,TXN_7770253,Coffee,5.0,2.0,10.0,Digital Wallet,Takeaway,2023-01-06
1984,TXN_5405799,Coffee,3.0,2.0,6.0,Cash,ERROR,2023-08-13
1987,TXN_9695128,Cake,1.0,3.0,3.0,Cash,In-store,2023-12-21
1989,TXN_7192920,Smoothie,4.0,4.0,16.0,Digital Wallet,ERROR,2023-02-28
1993,TXN_4371760,Smoothie,2.0,4.0,8.0,Cash,In-store,2023-01-12
1994,TXN_4468830,Smoothie,4.0,4.0,16.0,Digital Wallet,In-store,2023-11-10
1997,TXN_3023841,Tea,3.0,1.5,4.5,Digital Wallet,Takeaway,2023-04-29
1998,TXN_8793244,Cake,4.0,3.0,12.0,Credit Card,Takeaway,2023-05-08
2003,TXN_5448602,Juice,3.0,3.0,9.0,Credit Card,In-store,2023-01-17
2004,TXN_1346517,Coffee,1.0,2.0,2.0,Digital Wallet,Takeaway,2023-03-20
2005,TXN_9277534,Smoothie,2.0,4.0,8.0,Credit Card,In-store,2023-04-25
2007,TXN_9663098,Juice,2.0,3.0,6.0,Cash,,2023-06-10
2010,TXN_6145837,Cake,5.0,3.0,15.0,Digital Wallet,Takeaway,2023-08-27
2012,TXN_5067056,Sandwich,1.0,4.0,4.0,Cash,In-store,2023-08-13
2013,TXN_8453110,Smoothie,3.0,4.0,12.0,Digital Wallet,UNKNOWN,2023-06-24
2017,TXN_6132959,Salad,5.0,5.0,25.0,Digital Wallet,,2023-07-01
2018,TXN_8626161,Smoothie,3.0,4.0,12.0,Digital Wallet,In-store,2023-11-23
2019,TXN_7099050,Salad,3.0,5.0,15.0,Credit Card,Takeaway,2023-01-18
2020,TXN_8938663,Coffee,1.0,2.0,2.0,Digital Wallet,,2023-09-09
2022,TXN_9565465,Tea,3.0,1.5,4.5,Credit Card,In-store,2023-12-26
2023,TXN_6301600,Juice,4.0,3.0,12.0,Digital Wallet,In-store,2023-02-28
2024,TXN_1529904,Coffee,1.0,2.0,2.0,Credit Card,In-store,
2025,TXN_4784128,Sandwich,3.0,4.0,12.0,Cash,Takeaway,2023-08-27
2026,TXN_5807634,Sandwich,5.0,4.0,20.0,Digital Wallet,,2023-05-23
2027,TXN_5560205,Coffee,3.0,2.0,6.0,Cash,In-store,2023-12-22
2029,TXN_8191921,Salad,3.0,5.0,15.0,Digital Wallet,,
2031,TXN_6346774,Juice,3.0,3.0,9.0,Cash,In-store,
2032,TXN_6119798,Salad,1.0,5.0,5.0,Credit Card,In-store,2023-09-19
2033,TXN_9793353,Coffee,3.0,2.0,6.0,Credit Card,Takeaway,2023-08-21
2034,TXN_5017895,Salad,4.0,5.0,20.0,Cash,,2023-09-25
2035,TXN_4547995,Cake,3.0,3.0,9.0,Digital Wallet,,2023-11-30
2036,TXN_7032256,Sandwich,5.0,4.0,20.0,Credit Card,,2023-03-13
2038,TXN_2064360,Coffee,4.0,2.0,8.0,Digital Wallet,In-store,2023-08-30
2041,TXN_2564219,Salad,1.0,5.0,5.0,Digital Wallet,Takeaway,2023-07-18
2042,TXN_1203954,Sandwich,1.0,4.0,4.0,Digital Wallet,,2023-08-12
2044,TXN_4488222,Tea,3.0,1.5,4.5,Digital Wallet,Takeaway,2023-03-13
2045,TXN_3103967,Juice,2.0,3.0,6.0,Credit Card,ERROR,2023-11-12
2046,TXN_9853577,Sandwich,2.0,4.0,8.0,Credit Card,In-store,2023-04-30
2047,TXN_4349597,Juice,4.0,3.0,12.0,Credit Card,ERROR,2023-08-21
2048,TXN_3353214,Smoothie,5.0,4.0,20.0,Credit Card,,2023-08-12
2051,TXN_1672443,Coffee,1.0,2.0,2.0,Credit Card,Takeaway,2023-10-03
2052,TXN_6277500,Coffee,4.0,2.0,8.0,Credit Card,Takeaway,2023-01-09
2053,TXN_6671827,Salad,1.0,5.0,5.0,Credit Card,Takeaway,2023-08-09
2057,TXN_5894676,Smoothie,5.0,4.0,20.0,Credit Card,Takeaway,2023-06-17
2058,TXN_1411744,Smoothie,4.0,4.0,16.0,Credit Card,Takeaway,2023-09-17
2059,TXN_6610554,Coffee,5.0,2.0,10.0,Digital Wallet,,2023-10-28
2060,TXN_6169248,Juice,5.0,3.0,15.0,Credit Card,,2023-08-12
2061,TXN_1581997,Salad,4.0,5.0,20.0,Digital Wallet,,2023-08-26
2062,TXN_4868913,Cake,4.0,3.0,12.0,Cash,,2023-06-30
2063,TXN_8277553,Tea,3.0,1.5,4.5,Cash,,2023-09-26
2064,TXN_4030197,Salad,3.0,5.0,15.0,Credit Card,Takeaway,2023-03-05
2066,TXN_3912836,Salad,1.0,5.0,5.0,Credit Card,In-store,2023-11-23
2067,TXN_3833729,Smoothie,4.0,4.0,16.0,Digital Wallet,In-store,2023-11-13
2068,TXN_7054393,Coffee,2.0,2.0,4.0,Digital Wallet,In-store,2023-05-30
2069,TXN_1395083,Juice,1.0,3.0,3.0,Cash,In-store,2023-07-08
2070,TXN_8784653,Smoothie,1.0,4.0,4.0,Cash,In-store,2023-09-12
2072,TXN_8308672,Salad,2.0,5.0,10.0,Digital Wallet,Takeaway,2023-01-01
2073,TXN_3190959,Tea,2.0,1.5,3.0,Credit Card,Takeaway,2023-12-16
2074,TXN_6199016,Juice,1.0,3.0,3.0,Digital Wallet,,2023-02-14
2076,TXN_8900751,Sandwich,1.0,4.0,4.0,UNKNOWN,Takeaway,2023-01-30
2081,TXN_1667192,Cake,4.0,3.0,12.0,UNKNOWN,Takeaway,2023-07-17
2084,TXN_7501717,Sandwich,1.0,4.0,4.0,Credit Card,,2023-08-03
2086,TXN_6117497,Coffee,2.0,2.0,4.0,Digital Wallet,In-store,2023-02-13
2087,TXN_6018740,Smoothie,2.0,4.0,8.0,Digital Wallet,Takeaway,
2088,TXN_3818464,Cake,2.0,3.0,6.0,Cash,In-store,2023-03-02
2094,TXN_2694724,Sandwich,2.0,4.0,8.0,Digital Wallet,,2023-06-26
2095,TXN_8285304,Cookie,1.0,1.0,1.0,Cash,,2023-07-09
2096,TXN_7415686,Sandwich,3.0,4.0,12.0,Credit Card,In-store,2023-04-13
2098,TXN_7231548,Smoothie,3.0,4.0,12.0,Credit Card,In-store,2023-11-06
2100,TXN_5956755,Sandwich,5.0,4.0,20.0,Digital Wallet,Takeaway,2023-03-05
2102,TXN_3824443,Smoothie,3.0,4.0,12.0,UNKNOWN,In-store,2023-10-08
2106,TXN_9293417,Tea,3.0,1.5,4.5,Digital Wallet,Takeaway,
2108,TXN_3484190,Coffee,5.0,2.0,10.0,Digital Wallet,,2023-12-27
2110,TXN_5429861,Cake,1.0,3.0,3.0,Digital Wallet,,2023-03-20
2113,TXN_9813943,Salad,2.0,5.0,10.0,Cash,,2023-04-06
2114,TXN_2364171,Juice,4.0,3.0,12.0,Cash,,2023-05-18
2115,TXN_8002886,Coffee,5.0,2.0,10.0,Digital Wallet,Takeaway,2023-05-28
2117,TXN_7694491,Salad,3.0,5.0,15.0,Cash,In-store,2023-09-01
2118,TXN_7517996,Cake,2.0,3.0,6.0,Cash,ERROR,2023-10-22
2121,TXN_4225300,Sandwich,1.0,4.0,4.0,Cash,Takeaway,
2122,TXN_2764962,Tea,2.0,1.5,3.0,Credit Card,Takeaway,2023-08-13
2127,TXN_9783452,Juice,3.0,3.0,9.0,Cash,UNKNOWN,2023-04-11
2129,TXN_1491299,Juice,2.0,3.0,6.0,Credit Card,In-store,2023-02-27
2131,TXN_3277379,Salad,2.0,5.0,10.0,Credit Card,Takeaway,2023-01-06
2132,TXN_2568101,Salad,5.0,5.0,25.0,Cash,Takeaway,2023-08-03
2133,TXN_3247340,Tea,3.0,1.5,4.5,Cash,Takeaway,2023-12-25
2137,TXN_9019429,Smoothie,2.0,4.0,8.0,Digital Wallet,,2023-05-11
2138,TXN_9744862,Juice,4.0,3.0,12.0,Cash,In-store,2023-09-19
2140,TXN_4543880,Salad,3.0,5.0,15.0,Cash,,2023-07-18
2141,TXN_4064245,Juice,3.0,3.0,9.0,Credit Card,Takeaway,2023-02-20
2142,TXN_8777692,Coffee,4.0,2.0,8.0,Credit Card,In-store,2023-12-06
2143,TXN_9126502,Smoothie,5.0,4.0,20.0,Credit Card,,2023-09-22
2144,TXN_6626427,Cookie,4.0,1.0,4.0,Digital Wallet,In-store,2023-02-13
2145,TXN_4507755,Cake,2.0,3.0,6.0,Digital Wallet,,2023-05-10
2149,TXN_4824773,Salad,5.0,5.0,25.0,Cash,Takeaway,2023-06-06
2157,TXN_4563646,Juice,5.0,3.0,15.0,Cash,Takeaway,2023-10-10
2158,TXN_3596456,Coffee,3.0,2.0,6.0,Digital Wallet,Takeaway,
2161,TXN_1738607,Juice,2.0,3.0,6.0,Credit Card,In-store,2023-01-17
2164,TXN_3927733,Salad,5.0,5.0,25.0,Credit Card,Takeaway,2023-01-20
2165,TXN_2518917,Cookie,1.0,1.0,1.0,UNKNOWN,In-store,2023-05-21
2166,TXN_9489176,Juice,5.0,3.0,15.0,Digital Wallet,In-store,2023-01-10
2168,TXN_3061266,Cookie,4.0,1.0,4.0,Credit Card,In-store,2023-12-06
2169,TXN_2036482,Cake,1.0,3.0,3.0,Cash,,2023-06-04
2170,TXN_7217284,Salad,3.0,5.0,15.0,Cash,In-store,2023-12-29
2172,TXN_1386024,Cake,4.0,3.0,12.0,Credit Card,,2023-05-21
2173,TXN_8397155,Salad,4.0,5.0,20.0,Credit Card,Takeaway,2023-08-16
2175,TXN_4301188,Smoothie,4.0,4.0,16.0,Credit Card,In-store,2023-12-23
2177,TXN_4650044,Cookie,4.0,1.0,4.0,Cash,,2023-06-21
2179,TXN_7865220,Smoothie,1.0,4.0,4.0,Credit Card,Takeaway,2023-06-28
2180,TXN_1869147,Smoothie,4.0,4.0,16.0,Digital Wallet,,2023-11-21
2181,TXN_3377885,Sandwich,3.0,4.0,12.0,Cash,,2023-05-08
2182,TXN_9270865,Smoothie,2.0,4.0,8.0,Credit Card,Takeaway,2023-11-06
2183,TXN_7373126,Smoothie,2.0,4.0,8.0,Credit Card,,2023-11-18
2184,TXN_8097899,Coffee,4.0,2.0,8.0,Digital Wallet,UNKNOWN,2023-09-05
2186,TXN_1248436,Cake,4.0,3.0,12.0,Credit Card,Takeaway,2023-08-14
2190,TXN_6064282,Smoothie,4.0,4.0,16.0,Credit Card,,2023-10-18
2192,TXN_5413274,Smoothie,5.0,4.0,20.0,Credit Card,In-store,2023-02-10
2193,TXN_5902629,Cookie,3.0,1.0,3.0,Cash,Takeaway,2023-01-26
2194,TXN_2461859,Sandwich,2.0,4.0,8.0,Digital Wallet,ERROR,2023-09-23
2195,TXN_6629689,Sandwich,2.0,4.0,8.0,Credit Card,In-store,2023-05-29
2196,TXN_2806206,Sandwich,3.0,4.0,12.0,Cash,,2023-01-25
2197,TXN_8900579,Sandwich,3.0,4.0,12.0,Credit Card,,2023-11-01
2200,TXN_3225132,Sandwich,3.0,4.0,12.0,Credit Card,,2023-06-26
2201,TXN_6522252,Tea,2.0,1.5,3.0,Digital Wallet,,2023-01-14
2202,TXN_5855981,Juice,2.0,3.0,6.0,Cash,,2023-11-09
2205,TXN_2631671,Cookie,1.0,1.0,1.0,Credit Card,,
2206,TXN_2345373,Tea,3.0,1.5,4.5,Credit Card,Takeaway,2023-02-20
2210,TXN_5379179,Cookie,2.0,1.0,2.0,Digital Wallet,,2023-07-08
2211,TXN_1996318,Cake,5.0,3.0,15.0,Digital Wallet,,2023-09-04
2212,TXN_2135613,Smoothie,3.0,4.0,12.0,Digital Wallet,,2023-04-06
2214,TXN_2452624,Juice,1.0,3.0,3.0,Cash,,2023-11-10
2215,TXN_1108663,Juice,3.0,3.0,9.0,Cash,Takeaway,2023-08-16
2217,TXN_3599473,Coffee,2.0,2.0,4.0,Cash,,2023-08-29
2220,TXN_9587015,Salad,3.0,5.0,15.0,Digital Wallet,In-store,2023-06-25
2223,TXN_6845472,Smoothie,5.0,4.0,20.0,Digital Wallet,,2023-12-11
2224,TXN_2861396,Salad,5.0,5.0,25.0,Credit Card,UNKNOWN,2023-01-04
2225,TXN_6915899,Salad,3.0,5.0,15.0,Credit Card,In-store,2023-05-29
2228,TXN_5198524,Cake,1.0,3.0,3.0,Credit Card,In-store,2023-06-14
2230,TXN_3432879,Cake,5.0,3.0,15.0,Credit Card,,2023-02-05
2231,TXN_6786340,Coffee,5.0,2.0,10.0,Digital Wallet,Takeaway,2023-04-18
2232,TXN_8689246,Sandwich,5.0,4.0,20.0,Credit Card,In-store,2023-05-16
2233,TXN_4536553,Tea,2.0,1.5,3.0,Cash,,2023-08-17
2234,TXN_9036067,Cookie,5.0,1.0,5.0,Credit Card,,2023-10-06
2237,TXN_4068183,Smoothie,4.0,4.0,16.0,Digital Wallet,,2023-08-01
2240,TXN_8936663,Cookie,4.0,1.0,4.0,Credit Card,,2023-11-12
2241,TXN_7771434,Coffee,4.0,2.0,8.0,Credit Card,,2023-03-26
2242,TXN_6087494,Juice,5.0,3.0,15.0,Credit Card,,2023-07-05
2244,TXN_5358805,Coffee,5.0,2.0,10.0,Digital Wallet,ERROR,2023-01-01
2245,TXN_2490759,Smoothie,3.0,4.0,12.0,Cash,,2023-11-19
2247,TXN_6691781,Coffee,4.0,2.0,8.0,Credit Card,UNKNOWN,2023-09-07
2248,TXN_1730850,Juice,2.0,3.0,6.0,Cash,Takeaway,2023-12-15
2249,TXN_7051359,Coffee,5.0,2.0,10.0,UNKNOWN,,2023-10-30
2251,TXN_7145672,Sandwich,1.0,4.0,4.0,Credit Card,,2023-10-11
2252,TXN_5974123,Sandwich,2.0,4.0,8.0,Digital Wallet,UNKNOWN,2023-06-25
2253,TXN_9833245,Cookie,1.0,1.0,1.0,Digital Wallet,Takeaway,2023-04-30
2264,TXN_8792638,Tea,3.0,1.5,4.5,Credit Card,Takeaway,2023-07-02
2266,TXN_3493951,Smoothie,5.0,4.0,20.0,Cash,Takeaway,2023-08-20
2267,TXN_1480967,Tea,2.0,1.5,3.0,Cash,Takeaway,
2272,TXN_1663257,Juice,3.0,3.0,9.0,Credit Card,ERROR,2023-04-23
2275,TXN_3227186,Salad,2.0,5.0,10.0,Digital Wallet,,2023-05-05
2276,TXN_7917193,Cookie,3.0,1.0,3.0,Cash,ERROR,2023-05-18
2279,TXN_3507334,Juice,4.0,3.0,12.0,UNKNOWN,,2023-05-05
2282,TXN_1299959,Smoothie,5.0,4.0,20.0,Cash,,2023-06-23
2288,TXN_8878830,Coffee,4.0,2.0,8.0,Credit Card,Takeaway,2023-10-11
2291,TXN_3303114,Salad,4.0,5.0,20.0,Credit Card,In-store,2023-06-18
2292,TXN_2106437,Tea,1.0,1.5,1.5,Cash,Takeaway,2023-08-01
2293,TXN_2291713,Salad,4.0,5.0,20.0,Cash,In-store,2023-08-06
2294,TXN_7552449,Cake,3.0,3.0,9.0,Cash,ERROR,2023-05-26
2298,TXN_5313211,Smoothie,5.0,4.0,20.0,Credit Card,ERROR,2023-05-04
2299,TXN_2282283,Cookie,2.0,1.0,2.0,Digital Wallet,,2023-02-23
2301,TXN_7211769,Juice,1.0,3.0,3.0,Credit Card,UNKNOWN,2023-09-11
2303,TXN_1653570,Coffee,5.0,2.0,10.0,UNKNOWN,Takeaway,2023-10-10
2306,TXN_6725579,Tea,2.0,1.5,3.0,Credit Card,Takeaway,2023-02-21
2307,TXN_4015101,Sandwich,1.0,4.0,4.0,Credit Card,,2023-01-18
2309,TXN_6845225,Tea,4.0,1.5,6.0,Credit Card,Takeaway,2023-02-21
2310,TXN_5214219,Salad,4.0,5.0,20.0,Credit Card,,2023-03-22
2311,TXN_3388054,Coffee,5.0,2.0,10.0,Cash,,2023-11-13
2312,TXN_5817991,Smoothie,4.0,4.0,16.0,Cash,,2023-05-24
2314,TXN_9798525,Coffee,2.0,2.0,4.0,Digital Wallet,Takeaway,2023-11-05
2317,TXN_1482123,Coffee,1.0,2.0,2.0,Cash,In-store,2023-06-17
2318,TXN_5622313,Salad,2.0,5.0,10.0,Credit Card,In-store,2023-01-07
2320,TXN_3446033,Cookie,3.0,1.0,3.0,Credit Card,,2023-02-15
2321,TXN_6249754,Smoothie,1.0,4.0,4.0,Credit Card,Takeaway,2023-10-21
2322,TXN_9729280,Tea,3.0,1.5,4.5,Credit Card,In-store,2023-11-06
2323,TXN_9551638,Salad,3.0,5.0,15.0,Cash,,2023-06-25
2325,TXN_1045022,Sandwich,4.0,4.0,16.0,Credit Card,Takeaway,2023-10-13
2329,TXN_4598397,Coffee,4.0,2.0,8.0,Cash,Takeaway,2023-09-13
2331,TXN_9186913,Cookie,2.0,1.0,2.0,Credit Card,Takeaway,2023-10-16
2332,TXN_9507002,Smoothie,1.0,4.0,4.0,Cash,Takeaway,2023-05-08
2333,TXN_4423218,Cookie,3.0,1.0,3.0,Cash,In-store,2023-05-29
2334,TXN_4851339,Sandwich,1.0,4.0,4.0,Digital Wallet,Takeaway,2023-02-01
2335,TXN_3274105,Cookie,5.0,1.0,5.0,Credit Card,Takeaway,2023-07-28
2336,TXN_2810280,Smoothie,1.0,4.0,4.0,Digital Wallet,Takeaway,2023-06-25
2337,TXN_9901424,Cookie,3.0,1.0,3.0,Digital Wallet,,2023-05-30
2339,TXN_3756680,Tea,2.0,1.5,3.0,Credit Card,ERROR,2023-08-30
2341,TXN_8611913,Tea,5.0,1.5,7.5,Digital Wallet,In-store,2023-07-16
2342,TXN_7387701,Coffee,1.0,2.0,2.0,Cash,Takeaway,
2346,TXN_4411172,Smoothie,4.0,4.0,16.0,Cash,,2023-07-09
2348,TXN_7800236,Salad,3.0,5.0,15.0,Digital Wallet,UNKNOWN,2023-07-19
2350,TXN_9947479,Smoothie,5.0,4.0,20.0,Cash,Takeaway,2023-09-27
2351,TXN_6403859,Sandwich,5.0,4.0,20.0,Credit Card,In-store,2023-03-06
2353,TXN_8335965,Tea,5.0,1.5,7.5,Credit Card,,2023-03-21
2354,TXN_9747008,Tea,4.0,1.5,6.0,Cash,Takeaway,
2355,TXN_9703722,Sandwich,5.0,4.0,20.0,Digital Wallet,Takeaway,2023-01-11
2356,TXN_6259001,Tea,4.0,1.5,6.0,Digital Wallet,In-store,2023-01-30
2357,TXN_6119081,Coffee,2.0,2.0,4.0,Cash,In-store,2023-09-27
2358,TXN_4811887,Cake,2.0,3.0,6.0,Cash,In-store,2023-02-11
2359,TXN_9587814,Juice,3.0,3.0,9.0,Cash,In-store,2023-01-25
2360,TXN_7682605,Tea,5.0,1.5,7.5,Digital Wallet,UNKNOWN,2023-10-19
2364,TXN_2122597,Cake,3.0,3.0,9.0,Credit Card,,2023-05-11
2367,TXN_7852397,Tea,3.0,1.5,4.5,Cash,In-store,2023-08-10
2368,TXN_8459594,Sandwich,1.0,4.0,4.0,Credit Card,ERROR,2023-11-07
2370,TXN_2982995,Salad,1.0,5.0,5.0,Credit Card,Takeaway,2023-04-06
2374,TXN_5486398,Cookie,4.0,1.0,4.0,Cash,,2023-05-13
2375,TXN_5875661,Sandwich,3.0,4.0,12.0,Credit Card,,2023-08-12
2376,TXN_2555823,Cake,4.0,3.0,12.0,Digital Wallet,,2023-06-21
2377,TXN_4223265,Cake,5.0,3.0,15.0,Digital Wallet,In-store,2023-06-06
2378,TXN_3390072,Tea,1.0,1.5,1.5,Credit Card,,2023-05-03
2379,TXN_6491662,Coffee,2.0,2.0,4.0,Digital Wallet,Takeaway,2023-10-06
2381,TXN_9500986,Cookie,2.0,1.0,2.0,Digital Wallet,Takeaway,2023-05-10
2386,TXN_6092344,Cookie,5.0,1.0,5.0,Credit Card,Takeaway,2023-12-04
2387,TXN_1218016,Tea,3.0,1.5,4.5,Digital Wallet,,2023-11-26
2392,TXN_6336973,Coffee,4.0,2.0,8.0,Digital Wallet,Takeaway,2023-03-21
2393,TXN_5609260,Cookie,5.0,1.0,5.0,Digital Wallet,In-store,2023-05-02
2394,TXN_4242676,Coffee,5.0,2.0,10.0,Credit Card,Takeaway,2023-11-26
2395,TXN_6835777,Juice,5.0,3.0,15.0,Digital Wallet,,2023-05-11
2397,TXN_5496581,Juice,1.0,3.0,3.0,Credit Card,,2023-08-11
2398,TXN_2897468,Salad,2.0,5.0,10.0,Cash,,2023-10-10
2400,TXN_2047672,Sandwich,1.0,4.0,4.0,Credit Card,In-store,2023-01-25
2401,TXN_6893490,Coffee,3.0,2.0,6.0,Credit Card,Takeaway,2023-03-17
2402,TXN_3743336,Salad,2.0,5.0,10.0,Digital Wallet,,2023-02-21
2403,TXN_6851654,Salad,1.0,5.0,5.0,Digital Wallet,Takeaway,2023-01-25
2406,TXN_7345190,Smoothie,4.0,4.0,16.0,Digital Wallet,ERROR,2023-02-20
2407,TXN_6647319,Juice,5.0,3.0,15.0,Credit Card,,2023-10-23
2408,TXN_5889912,Salad,1.0,5.0,5.0,Cash,In-store,2023-09-26
2409,TXN_4483304,Smoothie,4.0,4.0,16.0,Credit Card,Takeaway,2023-11-08
2410,TXN_3720223,Cake,4.0,3.0,12.0,Cash,Takeaway,2023-10-22
2411,TXN_4506778,Cake,3.0,3.0,9.0,Digital Wallet,,2023-04-21
2413,TXN_9723120,Tea,5.0,1.5,7.5,Credit Card,UNKNOWN,2023-01-26
2414,TXN_2726676,Coffee,3.0,2.0,6.0,Digital Wallet,In-store,2023-08-10
2416,TXN_3327212,Tea,2.0,1.5,3.0,Credit Card,,2023-12-20
2417,TXN_3558795,Smoothie,1.0,4.0,4.0,Cash,In-store,2023-05-30
2420,TXN_2711627,Smoothie,5.0,4.0,20.0,Cash,ERROR,2023-11-09
2421,TXN_2804828,Cake,3.0,3.0,9.0,Cash,,2023-02-25
2422,TXN_3869958,Cake,1.0,3.0,3.0,Digital Wallet,ERROR,2023-01-11
2424,TXN_7570308,Tea,4.0,1.5,6.0,Cash,,
2425,TXN_6476304,Sandwich,2.0,4.0,8.0,Credit Card,,2023-03-17
2428,TXN_4139983,Tea,5.0,1.5,7.5,Cash,Takeaway,2023-10-16
2429,TXN_4571222,Cookie,2.0,1.0,2.0,Credit Card,UNKNOWN,2023-03-21
2430,TXN_6484542,Salad,5.0,5.0,25.0,Credit Card,,2023-05-18
2434,TXN_6404625,Cake,5.0,3.0,15.0,Credit Card,ERROR,2023-04-24
2440,TXN_3670939,Tea,3.0,1.5,4.5,Cash,,2023-07-13
2441,TXN_2935871,Cookie,4.0,1.0,4.0,Cash,Takeaway,2023-07-07
2445,TXN_1863866,Smoothie,1.0,4.0,4.0,Cash,,2023-10-03
2446,TXN_4630854,Tea,1.0,1.5,1.5,Digital Wallet,,2023-02-10
2447,TXN_6183842,Tea,3.0,1.5,4.5,UNKNOWN,UNKNOWN,2023-09-15
2449,TXN_8284910,Smoothie,1.0,4.0,4.0,Cash,In-store,2023-07-19
2450,TXN_4408913,Salad,2.0,5.0,10.0,Cash,,2023-08-24
2451,TXN_2123573,Coffee,5.0,2.0,10.0,Digital Wallet,Takeaway,2023-01-09
2452,TXN_8036176,Cookie,4.0,1.0,4.0,Credit Card,Takeaway,2023-06-20
2454,TXN_2490185,Salad,4.0,5.0,20.0,Credit Card,In-store,2023-12-18
2455,TXN_6295420,Juice,1.0,3.0,3.0,Digital Wallet,Takeaway,2023-09-27
2456,TXN_1542042,Cake,4.0,3.0,12.0,Credit Card,Takeaway,2023-07-26
2457,TXN_7716125,Cookie,2.0,1.0,2.0,Digital Wallet,,2023-05-17
2458,TXN_6579109,Juice,1.0,3.0,3.0,Credit Card,Takeaway,2023-02-22
2459,TXN_5577030,Cookie,4.0,1.0,4.0,Digital Wallet,Takeaway,2023-02-15
2460,TXN_3910230,Sandwich,5.0,4.0,20.0,Cash,Takeaway,2023-01-05
2461,TXN_8031804,Coffee,4.0,2.0,8.0,Credit Card,,2023-07-01
2463,TXN_6755107,Smoothie,2.0,4.0,8.0,Digital Wallet,,2023-11-14
2465,TXN_5632156,Sandwich,4.0,4.0,16.0,Digital Wallet,,2023-08-02
2466,TXN_9861782,Sandwich,4.0,4.0,16.0,Credit Card,In-store,2023-07-15
2468,TXN_8961155,Cake,5.0,3.0,15.0,Cash,Takeaway,2023-09-06
2469,TXN_6112765,Coffee,2.0,2.0,4.0,Credit Card,Takeaway,2023-07-21
2472,TXN_2847831,Coffee,1.0,2.0,2.0,Cash,In-store,2023-02-19
2473,TXN_3385167,Tea,3.0,1.5,4.5,Cash,In-store,2023-04-26
2474,TXN_1938071,Sandwich,4.0,4.0,16.0,Credit Card,In-store,2023-12-25
2475,TXN_8774692,Tea,5.0,1.5,7.5,Digital Wallet,,2023-07-12
2476,TXN_4887268,Salad,1.0,5.0,5.0,Credit Card,In-store,2023-10-16
2478,TXN_6651961,Salad,4.0,5.0,20.0,Credit Card,In-store,2023-02-08
2480,TXN_2015313,Salad,5.0,5.0,25.0,Cash,,2023-10-18
2481,TXN_5604797,Coffee,1.0,2.0,2.0,Cash,In-store,2023-10-13
2482,TXN_6303383,Cake,4.0,3.0,12.0,Digital Wallet,In-store,2023-09-22
2484,TXN_7059722,Sandwich,5.0,4.0,20.0,Digital Wallet,In-store,
2485,TXN_5403707,Smoothie,3.0,4.0,12.0,Cash,In-store,2023-03-20
2486,TXN_4084052,Juice,2.0,3.0,6.0,Digital Wallet,In-store,2023-06-30
2489,TXN_7113656,Juice,2.0,3.0,6.0,Credit Card,Takeaway,2023-01-22
2490,TXN_6039235,Juice,2.0,3.0,6.0,Digital Wallet,,2023-06-25
2492,TXN_3923847,Cake,2.0,3.0,6.0,Credit Card,,2023-09-12
2493,TXN_3226989,Salad,1.0,5.0,5.0,Credit Card,Takeaway,2023-04-17
2494,TXN_1523567,Salad,3.0,5.0,15.0,Digital Wallet,Takeaway,2023-11-22
2495,TXN_8751289,Tea,2.0,1.5,3.0,Cash,In-store,2023-09-10
2496,TXN_9996195,Juice,5.0,3.0,15.0,Digital Wallet,In-store,2023-03-16
2498,TXN_4243591,Cake,4.0,3.0,12.0,Credit Card,In-store,2023-10-11
2499,TXN_4138399,Cookie,5.0,1.0,5.0,Credit Card,Takeaway,2023-07-03
2500,TXN_1724233,Cookie,5.0,1.0,5.0,Digital Wallet,Takeaway,2023-02-01
2501,TXN_1564506,Smoothie,5.0,4.0,20.0,Digital Wallet,In-store,2023-02-01
2503,TXN_6130455,Tea,2.0,1.5,3.0,Digital Wallet,UNKNOWN,
2505,TXN_7622389,Tea,4.0,1.5,6.0,Digital Wallet,In-store,2023-02-26
2507,TXN_2204457,Coffee,4.0,2.0,8.0,Cash,Takeaway,2023-01-06
2509,TXN_9042043,Cookie,4.0,1.0,4.0,Cash,Takeaway,
2510,TXN_7503593,Cookie,5.0,1.0,5.0,Digital Wallet,Takeaway,2023-04-19
2511,TXN_4076463,Cookie,3.0,1.0,3.0,Digital Wallet,,2023-06-25
2512,TXN_1901704,Salad,5.0,5.0,25.0,Cash,,2023-11-17
2513,TXN_5589433,Cake,2.0,3.0,6.0,Cash,In-store,2023-03-13
2514,TXN_4386732,Smoothie,4.0,4.0,16.0,Cash,,2023-08-01
2517,TXN_8043642,Salad,4.0,5.0,20.0,Cash,In-store,2023-06-12
2518,TXN_1223805,Juice,3.0,3.0,9.0,UNKNOWN,In-store,2023-07-04
2521,TXN_3033987,Cake,4.0,3.0,12.0,Cash,ERROR,2023-03-13
2522,TXN_2732570,Cookie,3.0,1.0,3.0,Digital Wallet,,2023-06-23
2523,TXN_9104781,Sandwich,2.0,4.0,8.0,UNKNOWN,ERROR,2023-07-03
2526,TXN_3365018,Juice,5.0,3.0,15.0,Cash,Takeaway,2023-02-06
2528,TXN_4592205,Cookie,3.0,1.0,3.0,Credit Card,In-store,2023-12-30
2529,TXN_6660755,Cookie,2.0,1.0,2.0,Credit Card,In-store,2023-05-16
2531,TXN_3290872,Cake,2.0,3.0,6.0,Credit Card,In-store,2023-06-13
2533,TXN_8800818,Cake,2.0,3.0,6.0,Digital Wallet,,2023-09-28
2535,TXN_1145592,Juice,1.0,3.0,3.0,Credit Card,Takeaway,2023-09-11
2536,TXN_2670487,Coffee,3.0,2.0,6.0,Digital Wallet,,2023-10-20
2537,TXN_9485101,Cookie,2.0,1.0,2.0,Cash,Takeaway,2023-11-01
2538,TXN_9667219,Juice,4.0,3.0,12.0,Cash,In-store,2023-10-09
2539,TXN_3119835,Tea,2.0,1.5,3.0,Digital Wallet,In-store,2023-03-01
2541,TXN_7014091,Coffee,5.0,2.0,10.0,Cash,In-store,2023-11-26
2542,TXN_7107807,Cookie,1.0,1.0,1.0,Digital Wallet,,2023-11-01
2544,TXN_6662213,Sandwich,4.0,4.0,16.0,Digital Wallet,,2023-01-18
2545,TXN_1336900,Coffee,5.0,2.0,10.0,Credit Card,ERROR,2023-01-16
2546,TXN_2250785,Cake,1.0,3.0,3.0,Cash,,2023-03-19
2547,TXN_8122340,Coffee,4.0,2.0,8.0,Credit Card,,2023-06-09
2548,TXN_9911498,Coffee,4.0,2.0,8.0,Cash,In-store,2023-03-27
2549,TXN_4130861,Salad,2.0,5.0,10.0,Credit Card,UNKNOWN,
2550,TXN_3741325,Sandwich,5.0,4.0,20.0,Digital Wallet,,2023-07-04
2551,TXN_8658970,Salad,3.0,5.0,15.0,Credit Card,,2023-09-03
2552,TXN_2887971,Smoothie,2.0,4.0,8.0,Digital Wallet,UNKNOWN,2023-06-26
2553,TXN_9865855,Coffee,3.0,2.0,6.0,Digital Wallet,Takeaway,2023-04-18
2555,TXN_8913492,Sandwich,4.0,4.0,16.0,Credit Card,In-store,2023-12-25
2556,TXN_5625086,Sandwich,1.0,4.0,4.0,Credit Card,In-store,2023-06-17
2558,TXN_5767429,Cake,2.0,3.0,6.0,UNKNOWN,UNKNOWN,2023-03-19
2560,TXN_4435352,Salad,2.0,5.0,10.0,Credit Card,,2023-05-03
2561,TXN_1009421,Cookie,4.0,1.0,4.0,Cash,Takeaway,2023-02-21
2562,TXN_5369243,Smoothie,4.0,4.0,16.0,Cash,Takeaway,2023-11-16
2569,TXN_2224935,Coffee,1.0,2.0,2.0,Digital Wallet,,2023-04-15
2574,TXN_5475746,Cake,3.0,3.0,9.0,Credit Card,In-store,2023-08-20
2575,TXN_6071339,Coffee,5.0,2.0,10.0,Cash,Takeaway,2023-10-17
2576,TXN_9540864,Cookie,2.0,1.0,2.0,Digital Wallet,Takeaway,2023-08-07
2577,TXN_6389404,Juice,5.0,3.0,15.0,Digital Wallet,In-store,2023-11-20
2579,TXN_8199524,Cake,5.0,3.0,15.0,Cash,ERROR,2023-12-01
2580,TXN_1212652,Juice,3.0,3.0,9.0,Credit Card,UNKNOWN,2023-01-30
2582,TXN_5745054,Smoothie,1.0,4.0,4.0,Credit Card,,2023-01-26
2584,TXN_3499226,Juice,1.0,3.0,3.0,Credit Card,Takeaway,2023-09-08
2589,TXN_1324760,Tea,4.0,1.5,6.0,Cash,In-store,2023-01-18
2590,TXN_8292441,Salad,1.0,5.0,5.0,Cash,Takeaway,2023-09-15
2593,TXN_3792125,Salad,5.0,5.0,25.0,Credit Card,In-store,2023-08-25
2594,TXN_7021504,Cookie,2.0,1.0,2.0,UNKNOWN,In-store,2023-05-31
2595,TXN_8608811,Cake,5.0,3.0,15.0,Credit Card,Takeaway,2023-01-05
2597,TXN_4368729,Coffee,3.0,2.0,6.0,Digital Wallet,In-store,2023-06-11
2598,TXN_5072156,Tea,3.0,1.5,4.5,Digital Wallet,Takeaway,2023-07-24
2600,TXN_4877933,Juice,5.0,3.0,15.0,Digital Wallet,In-store,2023-01-12
2601,TXN_8854384,Juice,5.0,3.0,15.0,Cash,Takeaway,2023-08-12
2602,TXN_3308378,Cookie,4.0,1.0,4.0,Digital Wallet,,2023-04-28
2603,TXN_4355766,Cookie,5.0,1.0,5.0,Digital Wallet,,2023-11-07
2604,TXN_5644235,Salad,4.0,5.0,20.0,Cash,In-store,2023-03-25
2605,TXN_5331285,Sandwich,3.0,4.0,12.0,Digital Wallet,,2023-03-12
2608,TXN_5117595,Smoothie,4.0,4.0,16.0,Cash,In-store,2023-02-05
2609,TXN_9708144,Smoothie,3.0,4.0,12.0,Cash,ERROR,2023-04-18
2612,TXN_3943672,Sandwich,4.0,4.0,16.0,Credit Card,,2023-10-21
2616,TXN_4356564,Coffee,2.0,2.0,4.0,Credit Card,Takeaway,2023-10-05
2619,TXN_6762250,Cookie,2.0,1.0,2.0,Digital Wallet,Takeaway,2023-06-17
2620,TXN_8553273,Juice,5.0,3.0,15.0,Cash,In-store,2023-01-15
2621,TXN_8713971,Tea,1.0,1.5,1.5,Cash,,2023-08-26
2623,TXN_2432379,Coffee,1.0,2.0,2.0,Credit Card,In-store,2023-10-24
2626,TXN_5908104,Sandwich,2.0,4.0,8.0,Credit Card,,2023-05-12
2628,TXN_2155393,Juice,2.0,3.0,6.0,Digital Wallet,In-store,2023-07-12
2632,TXN_5837801,Salad,1.0,5.0,5.0,Credit Card,In-store,2023-01-25
2633,TXN_1336470,Tea,1.0,1.5,1.5,Cash,,2023-12-22
2634,TXN_2544724,Cake,5.0,3.0,15.0,Digital Wallet,Takeaway,2023-12-28
2635,TXN_1035504,Smoothie,2.0,4.0,8.0,Digital Wallet,Takeaway,2023-03-30
2636,TXN_2576799,Juice,1.0,3.0,3.0,Cash,,2023-03-12
2637,TXN_4659155,Juice,1.0,3.0,3.0,UNKNOWN,,2023-04-13
2638,TXN_9781961,Coffee,1.0,2.0,2.0,Credit Card,In-store,2023-12-01
2639,TXN_5313347,Cookie,2.0,1.0,2.0,Digital Wallet,Takeaway,2023-12-10
2640,TXN_7926510,Salad,4.0,5.0,20.0,Cash,,2023-10-03
2643,TXN_5573731,Sandwich,4.0,4.0,16.0,Cash,,2023-01-15
2646,TXN_7585599,Cake,1.0,3.0,3.0,Credit Card,,2023-01-12
2648,TXN_1635631,Cookie,4.0,1.0,4.0,Credit Card,,2023-07-04
2649,TXN_8907996,Sandwich,4.0,4.0,16.0,Cash,In-store,2023-02-19
2651,TXN_4620647,Coffee,1.0,2.0,2.0,Digital Wallet,UNKNOWN,2023-07-15
2652,TXN_5348915,Juice,1.0,3.0,3.0,Digital Wallet,Takeaway,2023-07-09
2654,TXN_6323914,Juice,1.0,3.0,3.0,Credit Card,In-store,2023-03-19
2655,TXN_7804128,Sandwich,5.0,4.0,20.0,Digital Wallet,In-store,2023-02-12
2657,TXN_2930752,Cake,2.0,3.0,6.0,Credit Card,,2023-03-04
2659,TXN_2210265,Juice,2.0,3.0,6.0,Credit Card,Takeaway,2023-06-14
2660,TXN_5534515,Smoothie,1.0,4.0,4.0,Credit Card,Takeaway,2023-02-09
2661,TXN_9561380,Sandwich,1.0,4.0,4.0,Digital Wallet,Takeaway,2023-08-11
2662,TXN_3038078,Cookie,1.0,1.0,1.0,Credit Card,Takeaway,2023-04-06
2667,TXN_9749175,Cake,1.0,3.0,3.0,Credit Card,In-store,2023-09-07
2668,TXN_4502314,Cookie,3.0,1.0,3.0,Credit Card,,2023-06-02
2669,TXN_5476846,Tea,4.0,1.5,6.0,Credit Card,Takeaway,
2670,TXN_3703964,Sandwich,2.0,4.0,8.0,Credit Card,Takeaway,2023-09-23
2671,TXN_1554195,Smoothie,2.0,4.0,8.0,Digital Wallet,,2023-10-22
2673,TXN_3429942,Smoothie,3.0,4.0,12.0,Digital Wallet,In-store,2023-04-24
2675,TXN_8944175,Salad,3.0,5.0,15.0,Digital Wallet,,2023-11-30
2676,TXN_4680399,Juice,5.0,3.0,15.0,Digital Wallet,,2023-04-07
2677,TXN_5328065,Cake,5.0,3.0,15.0,Cash,,2023-09-18
2678,TXN_9202496,Cake,5.0,3.0,15.0,Credit Card,In-store,2023-07-19
2679,TXN_2914953,Cake,2.0,3.0,6.0,Cash,In-store,2023-07-25
2681,TXN_1216051,Cake,4.0,3.0,12.0,Digital Wallet,Takeaway,2023-10-28
2683,TXN_5268025,Cookie,5.0,1.0,5.0,Digital Wallet,In-store,2023-05-19
2684,TXN_9952441,Smoothie,1.0,4.0,4.0,Cash,In-store,2023-09-05
2685,TXN_7354271,Cookie,4.0,1.0,4.0,UNKNOWN,In-store,2023-04-12
2686,TXN_3358494,Coffee,5.0,2.0,10.0,Digital Wallet,Takeaway,2023-06-22
2688,TXN_9752586,Tea,2.0,1.5,3.0,Digital Wallet,,2023-06-14
2689,TXN_1324968,Cookie,3.0,1.0,3.0,Credit Card,In-store,2023-01-05
2691,TXN_3985920,Salad,5.0,5.0,25.0,Digital Wallet,In-store,2023-03-29
2692,TXN_7335526,Sandwich,4.0,4.0,16.0,Cash,In-store,2023-06-03
2693,TXN_5989987,Smoothie,4.0,4.0,16.0,Cash,,2023-08-02
2695,TXN_2408294,Sandwich,4.0,4.0,16.0,Digital Wallet,In-store,2023-12-26
2696,TXN_7380756,Salad,1.0,5.0,5.0,Digital Wallet,Takeaway,2023-10-16
2699,TXN_1315214,Tea,2.0,1.5,3.0,Digital Wallet,In-store,2023-11-03
2700,TXN_7602467,Cookie,1.0,1.0,1.0,Credit Card,Takeaway,2023-10-17
2702,TXN_4979250,Tea,3.0,1.5,4.5,Cash,In-store,2023-11-01
2703,TXN_2809397,Salad,2.0,5.0,10.0,Digital Wallet,Takeaway,2023-09-13
2704,TXN_8752130,Juice,2.0,3.0,6.0,Credit Card,Takeaway,2023-10-23
2709,TXN_9639317,Cake,3.0,3.0,9.0,Cash,,2023-12-28
2710,TXN_7707761,Tea,3.0,1.5,4.5,Credit Card,,2023-03-08
2713,TXN_3106811,Juice,3.0,3.0,9.0,Cash,Takeaway,2023-09-27
2716,TXN_6309965,Cake,5.0,3.0,15.0,Digital Wallet,Takeaway,2023-06-14
2718,TXN_2661443,Juice,2.0,3.0,6.0,Credit Card,,2023-06-30
2722,TXN_9207050,Cookie,5.0,1.0,5.0,Digital Wallet,In-store,2023-07-21
2725,TXN_1938148,Cake,2.0,3.0,6.0,Credit Card,Takeaway,2023-06-07
2726,TXN_2024598,Sandwich,1.0,4.0,4.0,Digital Wallet,In-store,2023-01-01
2727,TXN_7145872,Salad,5.0,5.0,25.0,Digital Wallet,Takeaway,2023-04-15
2730,TXN_9004306,Coffee,4.0,2.0,8.0,Credit Card,In-store,2023-05-26
2732,TXN_7092761,Salad,4.0,5.0,20.0,UNKNOWN,,2023-05-11
2733,TXN_6360436,Cake,2.0,3.0,6.0,Digital Wallet,Takeaway,2023-09-13
2734,TXN_3295247,Coffee,5.0,2.0,10.0,Digital Wallet,,2023-08-25
2735,TXN_5822344,Sandwich,5.0,4.0,20.0,Cash,In-store,2023-09-27
2737,TXN_9470768,Smoothie,5.0,4.0,20.0,Credit Card,,2023-09-27
2739,TXN_6688020,Salad,5.0,5.0,25.0,UNKNOWN,,2023-09-05
2742,TXN_6568978,Cake,3.0,3.0,9.0,Digital Wallet,,2023-03-12
2744,TXN_9773606,Tea,2.0,1.5,3.0,Cash,Takeaway,2023-12-04
2745,TXN_9762035,Smoothie,1.0,4.0,4.0,Cash,Takeaway,2023-08-21
2746,TXN_4493661,Sandwich,1.0,4.0,4.0,Cash,,2023-07-08
2748,TXN_5339625,Smoothie,5.0,4.0,20.0,Digital Wallet,ERROR,2023-06-29
2749,TXN_9657636,Cake,1.0,3.0,3.0,Cash,Takeaway,2023-07-08
2750,TXN_1375992,Coffee,5.0,2.0,10.0,Credit Card,In-store,2023-03-23
2751,TXN_2077318,Juice,2.0,3.0,6.0,Digital Wallet,In-store,2023-08-24
2752,TXN_8232653,Salad,5.0,5.0,25.0,Cash,,2023-04-21
2754,TXN_6158865,Cookie,1.0,1.0,1.0,Digital Wallet,,2023-11-27
2756,TXN_9096951,Smoothie,3.0,4.0,12.0,Cash,Takeaway,2023-06-28
2759,TXN_9005396,Juice,4.0,3.0,12.0,Cash,,2023-08-10
2762,TXN_7090165,Sandwich,5.0,4.0,20.0,Digital Wallet,In-store,2023-08-30
2763,TXN_9533792,Cookie,3.0,1.0,3.0,Digital Wallet,In-store,2023-09-01
2765,TXN_9174916,Coffee,3.0,2.0,6.0,Credit Card,,2023-06-21
2769,TXN_2849719,Coffee,5.0,2.0,10.0,Digital Wallet,Takeaway,2023-06-23
2770,TXN_9623460,Sandwich,3.0,4.0,12.0,Digital Wallet,In-store,2023-01-17
2771,TXN_3359704,Salad,3.0,5.0,15.0,Digital Wallet,In-store,2023-07-23
2772,TXN_7093219,Smoothie,4.0,4.0,16.0,Credit Card,,2023-06-06
2773,TXN_2444408,Sandwich,2.0,4.0,8.0,Digital Wallet,In-store,2023-05-11
2775,TXN_3296152,Salad,3.0,5.0,15.0,Credit Card,In-store,2023-10-20
2776,TXN_5157855,Salad,1.0,5.0,5.0,Digital Wallet,,2023-08-18
2777,TXN_2887411,Smoothie,2.0,4.0,8.0,Cash,In-store,2023-01-16
2778,TXN_7543369,Tea,5.0,1.5,7.5,Digital Wallet,Takeaway,2023-11-18
2779,TXN_9561441,Tea,5.0,1.5,7.5,Cash,In-store,2023-11-11
2782,TXN_3633955,Sandwich,4.0,4.0,16.0,Cash,In-store,2023-09-20
2783,TXN_2761949,Salad,3.0,5.0,15.0,Credit Card,In-store,2023-10-01
2785,TXN_8062897,Smoothie,2.0,4.0,8.0,Digital Wallet,Takeaway,2023-10-02
2786,TXN_4831426,Juice,4.0,3.0,12.0,Credit Card,,2023-02-27
2791,TXN_5745955,Smoothie,4.0,4.0,16.0,Credit Card,,
2792,TXN_6866209,Smoothie,5.0,4.0,20.0,Digital Wallet,In-store,2023-05-20
2794,TXN_9681880,Coffee,3.0,2.0,6.0,Cash,In-store,2023-03-21
2795,TXN_2559288,Salad,4.0,5.0,20.0,Credit Card,,2023-12-27
2797,TXN_2936975,Tea,1.0,1.5,1.5,Digital Wallet,Takeaway,2023-10-05
2798,TXN_5027125,Salad,3.0,5.0,15.0,Cash,In-store,2023-07-06
2799,TXN_7433758,Cookie,1.0,1.0,1.0,Cash,,2023-06-09
2800,TXN_2092288,Coffee,1.0,2.0,2.0,Credit Card,Takeaway,2023-03-30
2801,TXN_5701303,Coffee,1.0,2.0,2.0,Digital Wallet,Takeaway,2023-09-08
2803,TXN_5161371,Cake,2.0,3.0,6.0,Credit Card,In-store,2023-01-17
2804,TXN_6228918,Cake,1.0,3.0,3.0,Digital Wallet,In-store,
2805,TXN_1132566,Cake,3.0,3.0,9.0,Cash,,2023-02-27
2807,TXN_1719440,Cookie,5.0,1.0,5.0,Digital Wallet,Takeaway,2023-07-13
2808,TXN_6273703,Tea,2.0,1.5,3.0,Credit Card,,2023-12-24
2810,TXN_6797827,Sandwich,1.0,4.0,4.0,Credit Card,,2023-06-16
2811,TXN_6885626,Cake,5.0,3.0,15.0,UNKNOWN,In-store,2023-08-06
2812,TXN_3729074,Salad,3.0,5.0,15.0,Credit Card,In-store,2023-04-15
2813,TXN_7418962,Smoothie,4.0,4.0,16.0,Cash,,2023-03-07
2814,TXN_7217537,Salad,3.0,5.0,15.0,Cash,In-store,2023-12-19
2816,TXN_8845592,Sandwich,5.0,4.0,20.0,Credit Card,In-store,2023-11-12
2818,TXN_2081985,Coffee,2.0,2.0,4.0,Digital Wallet,UNKNOWN,2023-03-24
2819,TXN_5664467,Tea,4.0,1.5,6.0,Digital Wallet,Takeaway,2023-11-06
2820,TXN_2275523,Tea,4.0,1.5,6.0,Digital Wallet,UNKNOWN,2023-09-02
2822,TXN_6451747,Salad,4.0,5.0,20.0,Cash,,2023-05-23
2823,TXN_2680626,Cake,3.0,3.0,9.0,Cash,In-store,2023-01-08
2824,TXN_8668840,Cake,5.0,3.0,15.0,Digital Wallet,,2023-10-03
2826,TXN_5009367,Juice,3.0,3.0,9.0,Credit Card,In-store,2023-04-19
2827,TXN_5930921,Cookie,2.0,1.0,2.0,Digital Wallet,Takeaway,
2828,TXN_3067854,Cake,1.0,3.0,3.0,Credit Card,,2023-07-08
2829,TXN_6401072,Smoothie,4.0,4.0,16.0,Cash,Takeaway,2023-07-28
2830,TXN_6377597,Cookie,1.0,1.0,1.0,UNKNOWN,In-store,
2831,TXN_6799966,Tea,4.0,1.5,6.0,Digital Wallet,,2023-03-03
2833,TXN_8684125,Salad,2.0,5.0,10.0,Credit Card,In-store,2023-03-08
2834,TXN_1647077,Smoothie,2.0,4.0,8.0,UNKNOWN,,2023-08-19
2835,TXN_9769782,Smoothie,5.0,4.0,20.0,Cash,Takeaway,
2836,TXN_8167808,Cake,3.0,3.0,9.0,Cash,In-store,2023-02-03
2839,TXN_7973461,Tea,3.0,1.5,4.5,UNKNOWN,In-store,2023-04-11
2840,TXN_7753587,Cake,1.0,3.0,3.0,Credit Card,Takeaway,2023-03-28
2843,TXN_8242126,Salad,4.0,5.0,20.0,Digital Wallet,In-store,2023-11-20
2845,TXN_5685028,Cake,5.0,3.0,15.0,Digital Wallet,Takeaway,2023-08-12
2847,TXN_9245124,Tea,4.0,1.5,6.0,Digital Wallet,In-store,2023-04-19
2848,TXN_8619762,Smoothie,4.0,4.0,16.0,Cash,Takeaway,2023-08-05
2849,TXN_5983031,Juice,3.0,3.0,9.0,Digital Wallet,In-store,2023-03-09
2851,TXN_6889867,Sandwich,5.0,4.0,20.0,Cash,,2023-03-07
2852,TXN_9035484,Coffee,2.0,2.0,4.0,Cash,,2023-06-29
2855,TXN_3315026,Juice,5.0,3.0,15.0,Cash,,2023-11-06
2857,TXN_9629541,Sandwich,5.0,4.0,20.0,Digital Wallet,,2023-12-18
2858,TXN_7503640,Salad,3.0,5.0,15.0,Digital Wallet,,2023-11-04
2864,TXN_8250427,Coffee,4.0,2.0,8.0,Credit Card,,2023-09-15
2866,TXN_7008306,Salad,2.0,5.0,10.0,UNKNOWN,,2023-04-11
2867,TXN_5603538,Juice,3.0,3.0,9.0,Cash,,2023-02-15
2868,TXN_7368648,Tea,1.0,1.5,1.5,Digital Wallet,In-store,2023-03-09
2871,TXN_1217959,Juice,2.0,3.0,6.0,Digital Wallet,Takeaway,2023-07-28
2872,TXN_4390633,Tea,2.0,1.5,3.0,UNKNOWN,,2023-10-17
2873,TXN_5052998,Juice,3.0,3.0,9.0,Credit Card,,2023-10-07
2874,TXN_5171332,Tea,5.0,1.5,7.5,Cash,Takeaway,2023-02-05
2876,TXN_7905741,Cookie,5.0,1.0,5.0,Credit Card,,2023-02-08
2877,TXN_6369875,Tea,5.0,1.5,7.5,Cash,,2023-10-04
2879,TXN_9069297,Cookie,4.0,1.0,4.0,Credit Card,In-store,2023-01-27
2882,TXN_1678985,Juice,2.0,3.0,6.0,Cash,In-store,2023-07-16
2883,TXN_6697669,Cake,5.0,3.0,15.0,Cash,,2023-01-03
2884,TXN_3131555,Sandwich,2.0,4.0,8.0,Cash,Takeaway,2023-12-04
2886,TXN_7785297,Cookie,3.0,1.0,3.0,Cash,,2023-12-06
2888,TXN_3313000,Coffee,5.0,2.0,10.0,Credit Card,In-store,2023-01-08
2889,TXN_3120023,Cookie,3.0,1.0,3.0,Cash,In-store,2023-09-30
2890,TXN_7483257,Sandwich,2.0,4.0,8.0,Digital Wallet,Takeaway,2023-06-05
2891,TXN_3430842,Cookie,2.0,1.0,2.0,Cash,Takeaway,2023-08-02
2895,TXN_7009420,Sandwich,5.0,4.0,20.0,UNKNOWN,Takeaway,2023-07-07
2896,TXN_5118667,Coffee,4.0,2.0,8.0,Cash,In-store,2023-12-12
2898,TXN_6989438,Sandwich,4.0,4.0,16.0,Cash,Takeaway,2023-12-17
2899,TXN_3894820,Sandwich,5.0,4.0,20.0,Digital Wallet,Takeaway,
2901,TXN_1139495,Salad,3.0,5.0,15.0,Digital Wallet,,2023-02-19
2903,TXN_6437055,Cake,1.0,3.0,3.0,UNKNOWN,,2023-10-22
2905,TXN_4223466,Juice,4.0,3.0,12.0,Digital Wallet,Takeaway,2023-05-31
2909,TXN_3411281,Cake,2.0,3.0,6.0,UNKNOWN,,2023-09-29
2910,TXN_6608817,Sandwich,5.0,4.0,20.0,Credit Card,Takeaway,2023-07-17
2911,TXN_4258943,Sandwich,2.0,4.0,8.0,Credit Card,In-store,2023-01-02
2912,TXN_1897660,Tea,3.0,1.5,4.5,Digital Wallet,In-store,
2913,TXN_9774691,Cake,3.0,3.0,9.0,Credit Card,Takeaway,2023-04-11
2915,TXN_1522430,Smoothie,3.0,4.0,12.0,Credit Card,,2023-12-06
2917,TXN_7666909,Juice,4.0,3.0,12.0,Credit Card,Takeaway,2023-08-29
2918,TXN_9365558,Salad,4.0,5.0,20.0,Credit Card,Takeaway,2023-02-12
2919,TXN_6837601,Salad,1.0,5.0,5.0,Digital Wallet,Takeaway,2023-02-05
2920,TXN_1713983,Salad,2.0,5.0,10.0,Cash,In-store,2023-05-11
2921,TXN_4674417,Cookie,5.0,1.0,5.0,Digital Wallet,Takeaway,2023-07-03
2922,TXN_4641838,Cookie,5.0,1.0,5.0,Credit Card,,2023-04-30
2924,TXN_2552405,Juice,5.0,3.0,15.0,Credit Card,,2023-06-22
2925,TXN_3465980,Cookie,4.0,1.0,4.0,Cash,Takeaway,2023-07-08
2927,TXN_7343905,Cake,1.0,3.0,3.0,Digital Wallet,In-store,2023-01-17
2928,TXN_9813938,Sandwich,5.0,4.0,20.0,Cash,,2023-06-30
2929,TXN_6129460,Juice,5.0,3.0,15.0,Cash,UNKNOWN,2023-11-19
2930,TXN_9470590,Salad,1.0,5.0,5.0,Credit Card,Takeaway,2023-04-11
2931,TXN_7212607,Coffee,3.0,2.0,6.0,Digital Wallet,In-store,2023-08-06
2932,TXN_8384628,Salad,3.0,5.0,15.0,Credit Card,Takeaway,2023-08-22
2933,TXN_4200340,Cake,5.0,3.0,15.0,Cash,Takeaway,2023-07-06
2935,TXN_9749434,Cake,5.0,3.0,15.0,Credit Card,Takeaway,
2937,TXN_4778105,Juice,4.0,3.0,12.0,Digital Wallet,In-store,2023-10-08
2938,TXN_7804488,Cookie,2.0,1.0,2.0,Digital Wallet,,2023-11-28
2940,TXN_8832852,Sandwich,5.0,4.0,20.0,UNKNOWN,Takeaway,
2941,TXN_4278785,Salad,3.0,5.0,15.0,Cash,In-store,2023-04-29
2942,TXN_4462052,Cookie,1.0,1.0,1.0,Cash,In-store,2023-10-12
2943,TXN_3379368,Cake,5.0,3.0,15.0,Credit Card,,2023-05-26
2944,TXN_7651864,Smoothie,4.0,4.0,16.0,Digital Wallet,UNKNOWN,2023-04-29
2945,TXN_7089173,Juice,1.0,3.0,3.0,Digital Wallet,,2023-01-14
2948,TXN_5234368,Coffee,3.0,2.0,6.0,Digital Wallet,,2023-06-10
2951,TXN_5446085,Coffee,3.0,2.0,6.0,Digital Wallet,,2023-09-16
2952,TXN_9676940,Juice,2.0,3.0,6.0,Credit Card,Takeaway,2023-08-16
2953,TXN_2371941,Juice,2.0,3.0,6.0,Cash,,2023-01-26
2955,TXN_5708913,Cake,2.0,3.0,6.0,Cash,In-store,2023-04-29
2958,TXN_7451083,Coffee,1.0,2.0,2.0,Digital Wallet,,2023-06-24
2961,TXN_9176418,Smoothie,1.0,4.0,4.0,Digital Wallet,Takeaway,2023-03-02
2963,TXN_7612618,Smoothie,4.0,4.0,16.0,Credit Card,ERROR,2023-04-12
2964,TXN_7321789,Juice,3.0,3.0,9.0,Digital Wallet,Takeaway,2023-05-10
2965,TXN_3679126,Cookie,1.0,1.0,1.0,Cash,,2023-07-15
2967,TXN_2622670,Cake,5.0,3.0,15.0,Digital Wallet,UNKNOWN,2023-01-28
2970,TXN_2152670,Tea,3.0,1.5,4.5,Credit Card,In-store,2023-12-24
2973,TXN_4943715,Coffee,5.0,2.0,10.0,Digital Wallet,,2023-10-06
2980,TXN_8696065,Smoothie,3.0,4.0,12.0,Credit Card,In-store,2023-11-04
2982,TXN_1250407,Cookie,1.0,1.0,1.0,Credit Card,Takeaway,2023-11-21
2983,TXN_1617476,Cake,2.0,3.0,6.0,Digital Wallet,In-store,2023-02-10
2984,TXN_4196578,Tea,2.0,1.5,3.0,Credit Card,,2023-06-26
2985,TXN_9725461,Smoothie,3.0,4.0,12.0,Credit Card,In-store,2023-11-25
2987,TXN_1000555,Tea,1.0,1.5,1.5,Credit Card,In-store,2023-10-19
2988,TXN_1622411,Salad,2.0,5.0,10.0,UNKNOWN,Takeaway,2023-07-23
2992,TXN_1365285,Juice,5.0,3.0,15.0,Credit Card,,2023-06-11
2995,TXN_9315755,Cake,5.0,3.0,15.0,Cash,Takeaway,2023-09-26
2996,TXN_6853678,Cookie,4.0,1.0,4.0,Digital Wallet,,2023-07-23
2997,TXN_6530886,Coffee,1.0,2.0,2.0,Credit Card,,2023-10-21
2998,TXN_3530720,Smoothie,5.0,4.0,20.0,Digital Wallet,In-store,2023-10-18
2999,TXN_3716067,Tea,5.0,1.5,7.5,Credit Card,In-store,
3000,TXN_1410102,Salad,1.0,5.0,5.0,Cash,In-store,2023-06-23
3001,TXN_6977098,Juice,5.0,3.0,15.0,Credit Card,In-store,2023-06-09
3002,TXN_7735237,Cake,2.0,3.0,6.0,Digital Wallet,In-store,2023-01-13
3007,TXN_5282529,Tea,5.0,1.5,7.5,Credit Card,Takeaway,2023-04-13
3008,TXN_9495930,Coffee,2.0,2.0,4.0,Digital Wallet,Takeaway,2023-10-23
3009,TXN_3514492,Juice,3.0,3.0,9.0,Digital Wallet,In-store,2023-02-23
3014,TXN_4227337,Tea,4.0,1.5,6.0,Digital Wallet,Takeaway,2023-12-15
3015,TXN_5790213,Juice,3.0,3.0,9.0,Cash,,2023-08-30
3018,TXN_3334257,Sandwich,2.0,4.0,8.0,Cash,UNKNOWN,2023-06-10
3021,TXN_1011236,Cake,1.0,3.0,3.0,Cash,In-store,2023-02-08
3024,TXN_6872268,Juice,2.0,3.0,6.0,Digital Wallet,In-store,2023-01-07
3025,TXN_3999554,Coffee,1.0,2.0,2.0,Credit Card,Takeaway,2023-09-13
3026,TXN_9942247,Coffee,2.0,2.0,4.0,Cash,Takeaway,2023-10-15
3027,TXN_3687300,Cookie,2.0,1.0,2.0,Credit Card,In-store,
3028,TXN_6113452,Sandwich,2.0,4.0,8.0,Cash,Takeaway,2023-09-21
3036,TXN_3026930,Cake,2.0,3.0,6.0,Cash,In-store,2023-03-23
3038,TXN_2801651,Juice,4.0,3.0,12.0,Digital Wallet,Takeaway,2023-07-10
3039,TXN_5005592,Coffee,1.0,2.0,2.0,Credit Card,In-store,2023-06-05
3042,TXN_2182790,Tea,5.0,1.5,7.5,Credit Card,Takeaway,2023-05-05
3044,TXN_2145530,Sandwich,3.0,4.0,12.0,Digital Wallet,ERROR,2023-10-08
3045,TXN_4159861,Juice,1.0,3.0,3.0,Digital Wallet,,2023-03-20
3046,TXN_4600614,Sandwich,3.0,4.0,12.0,Digital Wallet,Takeaway,2023-01-27
3047,TXN_1853298,Cookie,5.0,1.0,5.0,Credit Card,,2023-01-02
3048,TXN_6600858,Sandwich,3.0,4.0,12.0,Cash,ERROR,2023-03-27
3051,TXN_4628310,Juice,4.0,3.0,12.0,Credit Card,Takeaway,2023-04-20
3054,TXN_3544792,Sandwich,1.0,4.0,4.0,Digital Wallet,,2023-06-27
3055,TXN_2353057,Cake,3.0,3.0,9.0,UNKNOWN,Takeaway,2023-08-04
3056,TXN_6013295,Juice,2.0,3.0,6.0,Cash,Takeaway,2023-11-07
3057,TXN_3200195,Juice,3.0,3.0,9.0,Digital Wallet,In-store,2023-05-04
3058,TXN_4860027,Cookie,5.0,1.0,5.0,Digital Wallet,Takeaway,2023-07-28
3061,TXN_4708410,Cake,4.0,3.0,12.0,Digital Wallet,In-store,2023-10-08
3062,TXN_4847617,Sandwich,4.0,4.0,16.0,Credit Card,,2023-08-04
3063,TXN_1898329,Cake,5.0,3.0,15.0,Cash,In-store,2023-04-12
3066,TXN_8147057,Juice,1.0,3.0,3.0,Digital Wallet,In-store,2023-08-21
3068,TXN_4935258,Cake,2.0,3.0,6.0,Credit Card,,2023-09-14
3069,TXN_5588239,Cookie,1.0,1.0,1.0,Digital Wallet,Takeaway,2023-03-31
3070,TXN_6575599,Coffee,5.0,2.0,10.0,Digital Wallet,Takeaway,2023-10-09
3072,TXN_1229376,Cake,3.0,3.0,9.0,Digital Wallet,In-store,2023-08-14
3073,TXN_1732216,Coffee,3.0,2.0,6.0,Digital Wallet,Takeaway,2023-08-30
3074,TXN_1756717,Smoothie,3.0,4.0,12.0,Credit Card,UNKNOWN,2023-01-22
3076,TXN_9783697,Sandwich,1.0,4.0,4.0,Digital Wallet,Takeaway,2023-07-14
3080,TXN_3224756,Cake,2.0,3.0,6.0,Credit Card,Takeaway,2023-11-20
3082,TXN_9421618,Cake,3.0,3.0,9.0,Cash,ERROR,2023-02-21
3083,TXN_9054741,Juice,1.0,3.0,3.0,Credit Card,Takeaway,2023-06-24
3084,TXN_9063299,Cake,4.0,3.0,12.0,Digital Wallet,In-store,2023-06-15
3085,TXN_4318159,Coffee,4.0,2.0,8.0,Digital Wallet,,2023-03-30
3087,TXN_9682798,Cake,3.0,3.0,9.0,Cash,In-store,2023-09-15
3088,TXN_9716971,Salad,4.0,5.0,20.0,Digital Wallet,UNKNOWN,2023-06-21
3090,TXN_4343391,Cookie,5.0,1.0,5.0,Cash,Takeaway,2023-06-01
3091,TXN_6877186,Cookie,2.0,1.0,2.0,Credit Card,In-store,2023-12-05
3092,TXN_8162049,Sandwich,1.0,4.0,4.0,Digital Wallet,,
3093,TXN_6559173,Smoothie,5.0,4.0,20.0,UNKNOWN,,2023-08-09
3094,TXN_9818498,Smoothie,3.0,4.0,12.0,Credit Card,Takeaway,2023-09-01
3095,TXN_2520102,Coffee,1.0,2.0,2.0,Digital Wallet,,2023-03-08
3096,TXN_9155044,Sandwich,3.0,4.0,12.0,Credit Card,In-store,2023-02-28
3097,TXN_5625110,Salad,3.0,5.0,15.0,Digital Wallet,Takeaway,2023-11-07
3098,TXN_3923375,Cake,5.0,3.0,15.0,Credit Card,,
3100,TXN_1188596,Juice,1.0,3.0,3.0,Cash,,2023-10-24
3101,TXN_8085790,Cookie,4.0,1.0,4.0,Cash,Takeaway,2023-10-27
3103,TXN_3423451,Salad,4.0,5.0,20.0,Cash,ERROR,2023-10-11
3107,TXN_2886223,Sandwich,5.0,4.0,20.0,Credit Card,,2023-07-24
3108,TXN_6047742,Smoothie,5.0,4.0,20.0,Digital Wallet,In-store,2023-12-11
3109,TXN_5086795,Salad,1.0,5.0,5.0,Cash,In-store,2023-04-29
3110,TXN_1943186,Salad,2.0,5.0,10.0,Cash,In-store,2023-12-16
3112,TXN_7397017,Salad,3.0,5.0,15.0,Digital Wallet,Takeaway,
3114,TXN_4364374,Sandwich,2.0,4.0,8.0,Cash,ERROR,2023-04-20
3116,TXN_9703331,Cake,2.0,3.0,6.0,Cash,,2023-09-09
3117,TXN_3851247,Cake,1.0,3.0,3.0,Credit Card,In-store,2023-11-23
3118,TXN_6666679,Juice,2.0,3.0,6.0,Digital Wallet,,2023-08-25
3119,TXN_5683213,Smoothie,2.0,4.0,8.0,Credit Card,In-store,2023-10-30
3124,TXN_9868053,Juice,3.0,3.0,9.0,Digital Wallet,In-store,
3125,TXN_2570829,Juice,1.0,3.0,3.0,Cash,Takeaway,2023-03-31
3127,TXN_5190685,Cookie,4.0,1.0,4.0,Cash,Takeaway,2023-11-12
3128,TXN_4526296,Smoothie,5.0,4.0,20.0,UNKNOWN,Takeaway,2023-11-23
3131,TXN_8337899,Cookie,1.0,1.0,1.0,Digital Wallet,,2023-11-10
3133,TXN_9203396,Coffee,5.0,2.0,10.0,Digital Wallet,In-store,2023-01-08
3134,TXN_9352671,Sandwich,2.0,4.0,8.0,Cash,Takeaway,2023-02-10
3135,TXN_6391414,Smoothie,4.0,4.0,16.0,Cash,In-store,2023-05-08
3136,TXN_2613440,Juice,3.0,3.0,9.0,Credit Card,In-store,2023-04-15
3137,TXN_5632564,Cookie,1.0,1.0,1.0,Credit Card,,2023-11-04
3140,TXN_4759797,Salad,3.0,5.0,15.0,UNKNOWN,In-store,
3141,TXN_4704439,Coffee,3.0,2.0,6.0,Cash,UNKNOWN,2023-06-14
3143,TXN_2666340,Cake,2.0,3.0,6.0,Cash,Takeaway,2023-09-29
3145,TXN_6539480,Cake,5.0,3.0,15.0,Cash,Takeaway,2023-08-25
3151,TXN_1442791,Tea,1.0,1.5,1.5,UNKNOWN,,2023-03-23
3152,TXN_7169607,Cake,2.0,3.0,6.0,Credit Card,,2023-04-10
3153,TXN_8157817,Tea,2.0,1.5,3.0,Credit Card,Takeaway,2023-08-30
3155,TXN_7620529,Sandwich,2.0,4.0,8.0,Cash,In-store,2023-08-08
3156,TXN_1491670,Juice,5.0,3.0,15.0,Credit Card,Takeaway,2023-06-28
3157,TXN_8041777,Cake,1.0,3.0,3.0,Cash,,2023-11-23
3158,TXN_2366464,Juice,1.0,3.0,3.0,Cash,Takeaway,2023-06-05
3159,TXN_7994275,Smoothie,3.0,4.0,12.0,Credit Card,In-store,2023-09-18
3160,TXN_6034920,Cookie,1.0,1.0,1.0,Credit Card,In-store,2023-09-09
3161,TXN_4673812,Cookie,2.0,1.0,2.0,Digital Wallet,Takeaway,2023-05-01
3163,TXN_4503560,Cake,5.0,3.0,15.0,Digital Wallet,,2023-02-21
3164,TXN_6543620,Cookie,2.0,1.0,2.0,Cash,Takeaway,2023-04-08
3165,TXN_5071222,Cookie,5.0,1.0,5.0,Digital Wallet,ERROR,2023-10-25
3166,TXN_1605048,Cake,4.0,3.0,12.0,Cash,Takeaway,2023-03-16
3168,TXN_2401829,Smoothie,5.0,4.0,20.0,Digital Wallet,Takeaway,2023-02-07
3171,TXN_5438111,Smoothie,3.0,4.0,12.0,Cash,In-store,2023-01-06
3173,TXN_5793057,Sandwich,3.0,4.0,12.0,Credit Card,In-store,2023-02-25
3174,TXN_1778597,Cookie,3.0,1.0,3.0,Cash,,2023-09-28
3176,TXN_1660757,Cake,4.0,3.0,12.0,Digital Wallet,Takeaway,2023-11-08
3177,TXN_7540909,Tea,2.0,1.5,3.0,Digital Wallet,,2023-02-20
3178,TXN_1469462,Cake,1.0,3.0,3.0,Credit Card,Takeaway,2023-09-05
3179,TXN_4745094,Tea,5.0,1.5,7.5,Credit Card,,2023-12-05
3180,TXN_3711712,Salad,5.0,5.0,25.0,Digital Wallet,In-store,2023-08-20
3183,TXN_1268480,Salad,5.0,5.0,25.0,Cash,In-store,2023-04-18
3184,TXN_6579974,Sandwich,5.0,4.0,20.0,Digital Wallet,,2023-05-10
3185,TXN_6957331,Juice,3.0,3.0,9.0,Digital Wallet,,2023-01-23
3188,TXN_4869107,Smoothie,3.0,4.0,12.0,Digital Wallet,In-store,2023-01-30
3189,TXN_2027203,Coffee,3.0,2.0,6.0,Credit Card,,2023-07-15
3190,TXN_6149748,Salad,3.0,5.0,15.0,Credit Card,,2023-07-06
3192,TXN_3088330,Tea,5.0,1.5,7.5,Digital Wallet,In-store,2023-12-08
3193,TXN_5001766,Smoothie,1.0,4.0,4.0,Digital Wallet,,2023-05-24
3195,TXN_6280724,Coffee,3.0,2.0,6.0,Credit Card,,2023-05-02
3196,TXN_7650834,Salad,2.0,5.0,10.0,Cash,Takeaway,2023-10-29
3197,TXN_4107857,Tea,1.0,1.5,1.5,Credit Card,Takeaway,2023-01-29
3198,TXN_2052771,Tea,4.0,1.5,6.0,Digital Wallet,Takeaway,
3199,TXN_4635037,Juice,1.0,3.0,3.0,Digital Wallet,In-store,2023-05-17
3201,TXN_9103776,Tea,4.0,1.5,6.0,Credit Card,In-store,2023-05-03
3202,TXN_7538221,Cake,5.0,3.0,15.0,Credit Card,Takeaway,2023-03-31
3204,TXN_8807333,Sandwich,5.0,4.0,20.0,Digital Wallet,In-store,2023-03-18
3205,TXN_8006056,Juice,4.0,3.0,12.0,Credit Card,Takeaway,2023-12-19
3206,TXN_2216532,Tea,3.0,1.5,4.5,Cash,ERROR,2023-12-27
3208,TXN_5828907,Cookie,5.0,1.0,5.0,Digital Wallet,,2023-05-13
3211,TXN_6022618,Smoothie,1.0,4.0,4.0,Digital Wallet,In-store,2023-12-18
3212,TXN_1665810,Sandwich,5.0,4.0,20.0,Digital Wallet,In-store,2023-02-26
3213,TXN_1399696,Cake,5.0,3.0,15.0,Cash,In-store,2023-04-08
3214,TXN_9154381,Cookie,2.0,1.0,2.0,Credit Card,In-store,2023-04-21
3215,TXN_5333966,Juice,4.0,3.0,12.0,UNKNOWN,In-store,2023-06-11
3216,TXN_8361813,Cookie,3.0,1.0,3.0,Cash,In-store,2023-08-01
3217,TXN_9841222,Sandwich,5.0,4.0,20.0,Credit Card,ERROR,2023-04-23
3218,TXN_4754346,Juice,4.0,3.0,12.0,Credit Card,In-store,2023-08-31
3221,TXN_5227574,Juice,4.0,3.0,12.0,Digital Wallet,ERROR,2023-04-10
3222,TXN_5485774,Coffee,2.0,2.0,4.0,Credit Card,,2023-07-20
3226,TXN_8964493,Smoothie,1.0,4.0,4.0,Cash,,2023-02-10
3228,TXN_4939667,Salad,1.0,5.0,5.0,Cash,Takeaway,2023-01-23
3229,TXN_7126803,Sandwich,5.0,4.0,20.0,Digital Wallet,Takeaway,2023-05-24
3230,TXN_9649878,Cake,5.0,3.0,15.0,Cash,,2023-12-24
3231,TXN_5086063,Juice,3.0,3.0,9.0,Digital Wallet,Takeaway,2023-09-28
3232,TXN_5026564,Smoothie,3.0,4.0,12.0,Cash,,2023-09-12
3235,TXN_6040824,Sandwich,1.0,4.0,4.0,Cash,,2023-01-07
3241,TXN_7494217,Cookie,1.0,1.0,1.0,Cash,In-store,
3242,TXN_6854151,Sandwich,3.0,4.0,12.0,Credit Card,In-store,2023-02-07
3246,TXN_8133627,Cake,5.0,3.0,15.0,Cash,In-store,2023-08-15
3247,TXN_5777224,Tea,3.0,1.5,4.5,UNKNOWN,,2023-09-16
3250,TXN_5117140,Cookie,5.0,1.0,5.0,Digital Wallet,Takeaway,2023-08-17
3252,TXN_7890585,Cake,5.0,3.0,15.0,Cash,,2023-08-11
3256,TXN_4036747,Smoothie,1.0,4.0,4.0,Cash,Takeaway,2023-05-27
3258,TXN_6324736,Sandwich,5.0,4.0,20.0,Credit Card,,
3261,TXN_9720549,Cookie,1.0,1.0,1.0,Credit Card,In-store,2023-07-30
3263,TXN_2172960,Smoothie,1.0,4.0,4.0,Digital Wallet,,2023-07-04
3264,TXN_5901182,Sandwich,5.0,4.0,20.0,Digital Wallet,In-store,2023-07-15
3266,TXN_1923984,Cake,2.0,3.0,6.0,Credit Card,Takeaway,2023-08-31
3267,TXN_4163149,Salad,1.0,5.0,5.0,Cash,,2023-07-30
3268,TXN_5996894,Juice,1.0,3.0,3.0,Credit Card,,2023-06-12
3269,TXN_2979899,Cake,5.0,3.0,15.0,Digital Wallet,,2023-05-26
3271,TXN_6392156,Cookie,5.0,1.0,5.0,Credit Card,Takeaway,2023-11-12
3273,TXN_1315847,Cake,1.0,3.0,3.0,Digital Wallet,In-store,2023-06-19
3275,TXN_1464150,Coffee,5.0,2.0,10.0,Cash,Takeaway,2023-02-14
3280,TXN_4528664,Salad,3.0,5.0,15.0,Cash,In-store,2023-12-31
3281,TXN_1775278,Juice,4.0,3.0,12.0,Credit Card,Takeaway,2023-02-22
3283,TXN_6252589,Smoothie,2.0,4.0,8.0,Digital Wallet,In-store,
3284,TXN_1411473,Coffee,3.0,2.0,6.0,Credit Card,In-store,2023-01-04
3287,TXN_7684072,Tea,2.0,1.5,3.0,Credit Card,,2023-05-12
3288,TXN_3660999,Cake,3.0,3.0,9.0,Digital Wallet,,2023-02-02
3290,TXN_3976744,Juice,1.0,3.0,3.0,Cash,,2023-12-25
3291,TXN_3397978,Smoothie,5.0,4.0,20.0,Digital Wallet,In-store,2023-08-01
3292,TXN_8568597,Juice,1.0,3.0,3.0,Digital Wallet,Takeaway,2023-04-03
3295,TXN_1987716,Coffee,1.0,2.0,2.0,Credit Card,,2023-11-13
3296,TXN_3643348,Sandwich,4.0,4.0,16.0,Digital Wallet,In-store,2023-09-06
3298,TXN_1244509,Smoothie,3.0,4.0,12.0,Credit Card,In-store,2023-02-21
3301,TXN_9917989,Smoothie,4.0,4.0,16.0,Digital Wallet,Takeaway,2023-10-20
3302,TXN_4933689,Cake,1.0,3.0,3.0,Cash,In-store,
3303,TXN_4168628,Tea,4.0,1.5,6.0,Digital Wallet,In-store,2023-04-27
3306,TXN_3597656,Coffee,4.0,2.0,8.0,Digital Wallet,,2023-04-03
3307,TXN_1765281,Smoothie,3.0,4.0,12.0,Credit Card,In-store,2023-01-28
3308,TXN_4667663,Cake,5.0,3.0,15.0,Credit Card,,2023-03-07
3309,TXN_8571235,Cake,1.0,3.0,3.0,Cash,Takeaway,2023-03-01
3311,TXN_2611683,Cake,3.0,3.0,9.0,Digital Wallet,In-store,2023-04-11
3312,TXN_4271744,Juice,3.0,3.0,9.0,Digital Wallet,Takeaway,2023-06-19
3313,TXN_2917072,Tea,3.0,1.5,4.5,UNKNOWN,Takeaway,2023-01-25
3316,TXN_5153086,Tea,3.0,1.5,4.5,Cash,In-store,2023-06-27
3317,TXN_6004967,Salad,4.0,5.0,20.0,Credit Card,,2023-01-13
3318,TXN_3435509,Sandwich,1.0,4.0,4.0,Cash,Takeaway,2023-08-19
3320,TXN_8771574,Coffee,3.0,2.0,6.0,Digital Wallet,Takeaway,2023-05-03
3323,TXN_6177161,Tea,5.0,1.5,7.5,Credit Card,In-store,2023-04-01
3326,TXN_4476151,Juice,4.0,3.0,12.0,Credit Card,In-store,2023-02-15
3328,TXN_6557174,Salad,4.0,5.0,20.0,Credit Card,In-store,2023-08-20
3329,TXN_5089516,Smoothie,2.0,4.0,8.0,Credit Card,In-store,2023-11-04
3330,TXN_5915706,Tea,1.0,1.5,1.5,Cash,In-store,2023-08-18
3332,TXN_1870303,Coffee,4.0,2.0,8.0,Digital Wallet,In-store,2023-05-05
3334,TXN_7766134,Tea,1.0,1.5,1.5,Credit Card,Takeaway,2023-01-05
3335,TXN_2617257,Cookie,1.0,1.0,1.0,Cash,Takeaway,2023-08-20
3338,TXN_9358399,Tea,5.0,1.5,7.5,Credit Card,,2023-06-16
3340,TXN_6179169,Sandwich,2.0,4.0,8.0,Cash,In-store,2023-10-21
3342,TXN_3364751,Coffee,2.0,2.0,4.0,Digital Wallet,Takeaway,2023-04-12
3343,TXN_1097334,Coffee,2.0,2.0,4.0,Credit Card,Takeaway,2023-03-21
3345,TXN_5982786,Juice,4.0,3.0,12.0,Credit Card,In-store,2023-12-26
3349,TXN_6887407,Cake,3.0,3.0,9.0,Cash,In-store,2023-09-15
3350,TXN_6425991,Salad,1.0,5.0,5.0,Credit Card,Takeaway,2023-08-06
3351,TXN_6040882,Cookie,1.0,1.0,1.0,Cash,In-store,2023-06-06
3353,TXN_7921799,Cookie,1.0,1.0,1.0,Credit Card,Takeaway,2023-09-14
3356,TXN_5861636,Coffee,4.0,2.0,8.0,Credit Card,,2023-05-15
3357,TXN_7272630,Tea,4.0,1.5,6.0,Cash,Takeaway,2023-03-24
3360,TXN_2832778,Juice,2.0,3.0,6.0,Credit Card,,2023-09-27
3362,TXN_1244299,Sandwich,2.0,4.0,8.0,Cash,Takeaway,2023-07-18
3363,TXN_1694090,Coffee,4.0,2.0,8.0,Digital Wallet,,2023-11-30
3364,TXN_5965095,Salad,4.0,5.0,20.0,Digital Wallet,In-store,2023-06-16
3365,TXN_7911650,Juice,2.0,3.0,6.0,Cash,Takeaway,2023-03-13
3366,TXN_9610933,Tea,3.0,1.5,4.5,Cash,,2023-05-20
3368,TXN_4228312,Coffee,4.0,2.0,8.0,Digital Wallet,,2023-01-22
3369,TXN_6431703,Sandwich,1.0,4.0,4.0,Credit Card,Takeaway,2023-08-25
3370,TXN_1063524,Smoothie,5.0,4.0,20.0,Credit Card,,2023-11-09
3371,TXN_9031518,Sandwich,5.0,4.0,20.0,Credit Card,In-store,2023-01-13
3376,TXN_9643180,Coffee,2.0,2.0,4.0,Cash,,2023-06-10
3377,TXN_9070074,Coffee,5.0,2.0,10.0,Digital Wallet,,2023-02-03
3380,TXN_1980303,Tea,3.0,1.5,4.5,Digital Wallet,,2023-04-22
3382,TXN_6485220,Cake,3.0,3.0,9.0,Cash,ERROR,
3383,TXN_2652800,Cake,4.0,3.0,12.0,Cash,,2023-11-30
3384,TXN_7068406,Juice,2.0,3.0,6.0,Digital Wallet,Takeaway,2023-01-26
3385,TXN_5380220,Coffee,4.0,2.0,8.0,Credit Card,In-store,2023-10-18
3387,TXN_7208533,Tea,1.0,1.5,1.5,Cash,In-store,2023-05-15
3388,TXN_6916853,Smoothie,5.0,4.0,20.0,Cash,,2023-12-22
3390,TXN_1830278,Cookie,3.0,1.0,3.0,Credit Card,,2023-05-15
3392,TXN_8612901,Juice,3.0,3.0,9.0,Digital Wallet,UNKNOWN,2023-03-18
3394,TXN_5311814,Tea,4.0,1.5,6.0,Digital Wallet,,2023-07-06
3395,TXN_2933739,Cookie,1.0,1.0,1.0,Digital Wallet,,2023-09-15
3398,TXN_3858791,Cookie,5.0,1.0,5.0,Credit Card,,2023-06-25
3399,TXN_1737731,Smoothie,5.0,4.0,20.0,Digital Wallet,,2023-06-29
3402,TXN_2727347,Cake,5.0,3.0,15.0,Cash,Takeaway,2023-01-20
3405,TXN_3651337,Smoothie,4.0,4.0,16.0,Cash,In-store,2023-10-25
3406,TXN_4740892,Cake,1.0,3.0,3.0,Digital Wallet,Takeaway,2023-11-19
3407,TXN_7218719,Cake,1.0,3.0,3.0,Cash,,2023-10-07
3408,TXN_3455415,Cookie,2.0,1.0,2.0,Credit Card,,2023-03-31
3409,TXN_2475259,Smoothie,2.0,4.0,8.0,Cash,,
3410,TXN_3390882,Sandwich,3.0,4.0,12.0,Credit Card,In-store,2023-07-03
3412,TXN_2797925,Cake,2.0,3.0,6.0,Cash,,2023-10-19
3413,TXN_2599005,Cake,2.0,3.0,6.0,Cash,,2023-06-10
3414,TXN_1872692,Salad,5.0,5.0,25.0,Cash,In-store,2023-08-09
3415,TXN_1372492,Salad,4.0,5.0,20.0,Cash,Takeaway,2023-03-28
3422,TXN_4986514,Tea,3.0,1.5,4.5,Credit Card,In-store,2023-06-06
3423,TXN_1050083,Cake,5.0,3.0,15.0,Credit Card,Takeaway,2023-06-28
3425,TXN_1068317,Juice,3.0,3.0,9.0,Digital Wallet,Takeaway,2023-03-16
3428,TXN_6584150,Juice,5.0,3.0,15.0,Credit Card,,2023-10-27
3433,TXN_4483226,Juice,1.0,3.0,3.0,Credit Card,,2023-08-08
3436,TXN_5297692,Juice,5.0,3.0,15.0,Credit Card,,2023-03-21
3437,TXN_8241724,Smoothie,1.0,4.0,4.0,Credit Card,Takeaway,2023-05-14
3439,TXN_1425215,Juice,1.0,3.0,3.0,Cash,Takeaway,2023-03-13
3442,TXN_2363378,Coffee,5.0,2.0,10.0,Cash,Takeaway,2023-04-23
3443,TXN_8267616,Tea,4.0,1.5,6.0,Cash,,2023-03-01
3447,TXN_8999576,Cake,5.0,3.0,15.0,Digital Wallet,Takeaway,2023-04-09
3449,TXN_5513984,Tea,1.0,1.5,1.5,Credit Card,In-store,2023-09-13
3451,TXN_5600914,Smoothie,4.0,4.0,16.0,Credit Card,,2023-02-16
3453,TXN_5346493,Cookie,5.0,1.0,5.0,Digital Wallet,In-store,2023-04-08
3455,TXN_5738521,Coffee,5.0,2.0,10.0,Digital Wallet,,2023-03-14
3456,TXN_6219634,Salad,1.0,5.0,5.0,Cash,Takeaway,2023-09-11
3457,TXN_3539062,Salad,2.0,5.0,10.0,Digital Wallet,In-store,2023-10-04
3462,TXN_6224451,Sandwich,1.0,4.0,4.0,Credit Card,UNKNOWN,2023-03-19
3466,TXN_2134911,Tea,5.0,1.5,7.5,Digital Wallet,In-store,2023-10-07
3467,TXN_4013761,Coffee,3.0,2.0,6.0,UNKNOWN,,2023-09-07
3470,TXN_9123562,Juice,5.0,3.0,15.0,Credit Card,Takeaway,
3471,TXN_6991430,Cookie,5.0,1.0,5.0,Cash,In-store,2023-05-31
3473,TXN_1818438,Coffee,5.0,2.0,10.0,Cash,,2023-06-18
3475,TXN_5470598,Cake,3.0,3.0,9.0,Digital Wallet,In-store,2023-03-14
3476,TXN_3186333,Cookie,5.0,1.0,5.0,Cash,In-store,2023-08-19
3478,TXN_3228558,Sandwich,2.0,4.0,8.0,Credit Card,,2023-12-13
3480,TXN_6506895,Cake,5.0,3.0,15.0,Credit Card,In-store,2023-08-10
3481,TXN_2917211,Smoothie,5.0,4.0,20.0,Digital Wallet,Takeaway,2023-11-19
3483,TXN_2413548,Tea,2.0,1.5,3.0,Credit Card,,2023-08-12
3484,TXN_6633097,Juice,4.0,3.0,12.0,Credit Card,In-store,
3485,TXN_7116936,Coffee,5.0,2.0,10.0,Credit Card,Takeaway,2023-05-19
3486,TXN_7991322,Coffee,5.0,2.0,10.0,Digital Wallet,,2023-11-14
3488,TXN_4209748,Cookie,2.0,1.0,2.0,Digital Wallet,Takeaway,2023-10-24
3489,TXN_8941438,Juice,4.0,3.0,12.0,Digital Wallet,,2023-07-23
3492,TXN_7054849,Cake,4.0,3.0,12.0,Cash,Takeaway,2023-06-16
3494,TXN_5664982,Tea,5.0,1.5,7.5,Digital Wallet,In-store,2023-12-24
3496,TXN_2892693,Cookie,4.0,1.0,4.0,Credit Card,In-store,2023-03-02
3497,TXN_2265603,Smoothie,3.0,4.0,12.0,Digital Wallet,Takeaway,
3499,TXN_4639918,Sandwich,1.0,4.0,4.0,Digital Wallet,ERROR,2023-11-05
3500,TXN_6037144,Tea,3.0,1.5,4.5,Cash,Takeaway,2023-09-02
3501,TXN_3494014,Cake,1.0,3.0,3.0,Credit Card,In-store,2023-06-09
3502,TXN_3656884,Coffee,5.0,2.0,10.0,Credit Card,,2023-10-08
3504,TXN_5423636,Sandwich,4.0,4.0,16.0,Cash,UNKNOWN,2023-10-18
3505,TXN_8040251,Coffee,1.0,2.0,2.0,Digital Wallet,,2023-04-16
3506,TXN_1635137,Cake,2.0,3.0,6.0,Cash,,2023-12-28
3509,TXN_1503903,Tea,1.0,1.5,1.5,Cash,Takeaway,2023-03-20
3510,TXN_8606152,Smoothie,5.0,4.0,20.0,Credit Card,,2023-08-05
3511,TXN_1260517,Smoothie,5.0,4.0,20.0,Digital Wallet,Takeaway,2023-04-17
3512,TXN_6898368,Smoothie,3.0,4.0,12.0,Digital Wallet,,2023-05-01
3513,TXN_2224251,Juice,4.0,3.0,12.0,Digital Wallet,Takeaway,2023-04-14
3514,TXN_4567429,Tea,3.0,1.5,4.5,Cash,,2023-10-11
3521,TXN_1363508,Salad,4.0,5.0,20.0,Cash,,2023-08-08
3522,TXN_7969017,Tea,3.0,1.5,4.5,Digital Wallet,,2023-02-17
3523,TXN_6987705,Cookie,5.0,1.0,5.0,Cash,,2023-06-04
3524,TXN_8490157,Salad,2.0,5.0,10.0,Credit Card,In-store,2023-09-06
3525,TXN_7878395,Salad,3.0,5.0,15.0,Credit Card,In-store,2023-05-26
3527,TXN_9216314,Cake,1.0,3.0,3.0,Credit Card,UNKNOWN,2023-03-07
3529,TXN_4090464,Sandwich,5.0,4.0,20.0,Cash,Takeaway,2023-01-16
3530,TXN_2172301,Cookie,4.0,1.0,4.0,Digital Wallet,Takeaway,2023-04-06
3531,TXN_3730077,Cookie,2.0,1.0,2.0,Credit Card,,2023-07-08
3536,TXN_3680192,Salad,4.0,5.0,20.0,Digital Wallet,Takeaway,2023-05-20
3537,TXN_9268974,Sandwich,2.0,4.0,8.0,Digital Wallet,Takeaway,2023-10-29
3538,TXN_7435796,Coffee,2.0,2.0,4.0,Cash,In-store,2023-11-03
3540,TXN_2465074,Smoothie,1.0,4.0,4.0,Digital Wallet,,2023-09-29
3541,TXN_8038871,Juice,5.0,3.0,15.0,Digital Wallet,,2023-06-09
3542,TXN_1269172,Sandwich,1.0,4.0,4.0,Cash,,2023-08-22
3543,TXN_4564556,Coffee,3.0,2.0,6.0,Credit Card,,2023-11-21
3547,TXN_7349319,Cookie,3.0,1.0,3.0,Digital Wallet,,2023-03-10
3548,TXN_7294526,Smoothie,5.0,4.0,20.0,Digital Wallet,Takeaway,2023-12-02
3549,TXN_5618976,Coffee,2.0,2.0,4.0,Cash,Takeaway,2023-12-05
3550,TXN_3964398,Cake,4.0,3.0,12.0,Credit Card,Takeaway,2023-10-20
3556,TXN_3419352,Salad,3.0,5.0,15.0,Digital Wallet,In-store,2023-10-22
3557,TXN_1900036,Cookie,1.0,1.0,1.0,UNKNOWN,,2023-12-20
3564,TXN_6202631,Tea,2.0,1.5,3.0,Digital Wallet,Takeaway,2023-07-29
3565,TXN_1868447,Tea,3.0,1.5,4.5,Cash,ERROR,2023-09-30
3566,TXN_4726531,Salad,5.0,5.0,25.0,Cash,Takeaway,2023-09-09
3568,TXN_8377812,Tea,2.0,1.5,3.0,Digital Wallet,In-store,2023-03-27
3569,TXN_2603561,Coffee,3.0,2.0,6.0,Digital Wallet,,2023-04-25
3570,TXN_9822173,Cake,5.0,3.0,15.0,Digital Wallet,,2023-05-22
3571,TXN_2163150,Salad,1.0,5.0,5.0,Cash,In-store,2023-08-25
3572,TXN_2371464,Smoothie,4.0,4.0,16.0,Cash,In-store,2023-09-20
3574,TXN_8916290,Salad,5.0,5.0,25.0,Digital Wallet,,2023-07-08
3580,TXN_5276842,Coffee,2.0,2.0,4.0,Digital Wallet,Takeaway,2023-06-26
3581,TXN_1367003,Salad,5.0,5.0,25.0,Cash,In-store,2023-11-10
3588,TXN_6293225,Cake,4.0,3.0,12.0,Cash,UNKNOWN,2023-07-02
3591,TXN_3466686,Smoothie,3.0,4.0,12.0,Digital Wallet,Takeaway,2023-09-03
3592,TXN_6064301,Cookie,1.0,1.0,1.0,Credit Card,Takeaway,2023-07-12
3593,TXN_5005674,Salad,4.0,5.0,20.0,Credit Card,In-store,2023-10-03
3594,TXN_1714471,Juice,4.0,3.0,12.0,Cash,Takeaway,2023-08-17
3596,TXN_6377813,Salad,2.0,5.0,10.0,Credit Card,,2023-08-07
3597,TXN_3271393,Smoothie,4.0,4.0,16.0,Cash,In-store,
3599,TXN_1064565,Juice,4.0,3.0,12.0,Digital Wallet,In-store,2023-03-14
3601,TXN_9104545,Juice,2.0,3.0,6.0,Digital Wallet,Takeaway,2023-03-19
3602,TXN_2108125,Coffee,1.0,2.0,2.0,Credit Card,In-store,2023-10-06
3605,TXN_8743849,Juice,2.0,3.0,6.0,Digital Wallet,Takeaway,2023-05-04
3610,TXN_2693108,Cookie,3.0,1.0,3.0,Cash,In-store,2023-11-18
3611,TXN_6234070,Smoothie,2.0,4.0,8.0,Credit Card,Takeaway,2023-01-31
3612,TXN_9816901,Coffee,2.0,2.0,4.0,Cash,ERROR,2023-12-07
3613,TXN_9489495,Coffee,1.0,2.0,2.0,Credit Card,,2023-05-20
3614,TXN_7637178,Coffee,3.0,2.0,6.0,Digital Wallet,Takeaway,2023-05-26
3615,TXN_1281536,Smoothie,5.0,4.0,20.0,Digital Wallet,In-store,2023-03-19
3617,TXN_8736069,Tea,5.0,1.5,7.5,Cash,Takeaway,2023-07-06
3618,TXN_7975336,Tea,5.0,1.5,7.5,Credit Card,Takeaway,2023-12-03
3619,TXN_9278090,Cake,5.0,3.0,15.0,Credit Card,,2023-12-28
3620,TXN_8939048,Cookie,3.0,1.0,3.0,Digital Wallet,,
3621,TXN_1193809,Tea,3.0,1.5,4.5,Digital Wallet,,2023-01-21
3622,TXN_9281710,Juice,3.0,3.0,9.0,Credit Card,In-store,2023-08-05
3627,TXN_3902135,Tea,4.0,1.5,6.0,Credit Card,ERROR,2023-06-20
3628,TXN_9007414,Cake,3.0,3.0,9.0,Cash,,2023-12-08
3629,TXN_9131337,Sandwich,4.0,4.0,16.0,Credit Card,Takeaway,2023-05-24
3630,TXN_2278015,Tea,2.0,1.5,3.0,Digital Wallet,In-store,2023-04-10
3639,TXN_7860054,Tea,5.0,1.5,7.5,Credit Card,In-store,2023-02-07
3640,TXN_9233730,Tea,5.0,1.5,7.5,Credit Card,,2023-05-28
3641,TXN_8304399,Tea,2.0,1.5,3.0,Cash,In-store,2023-06-08
3642,TXN_1538515,Juice,4.0,3.0,12.0,Cash,,2023-06-11
3644,TXN_4565233,Salad,3.0,5.0,15.0,Credit Card,In-store,2023-11-16
3645,TXN_6898341,Tea,2.0,1.5,3.0,Credit Card,In-store,2023-08-21
3647,TXN_9160109,Cake,1.0,3.0,3.0,Credit Card,,2023-08-03
3648,TXN_1082012,Smoothie,5.0,4.0,20.0,Credit Card,,2023-01-04
3650,TXN_7322436,Sandwich,3.0,4.0,12.0,Digital Wallet,In-store,2023-06-29
3651,TXN_1733916,Sandwich,4.0,4.0,16.0,Digital Wallet,In-store,2023-01-12
3652,TXN_6068564,Cake,4.0,3.0,12.0,Credit Card,Takeaway,2023-09-28
3654,TXN_4507630,Smoothie,2.0,4.0,8.0,UNKNOWN,Takeaway,2023-05-11
3657,TXN_6309570,Smoothie,1.0,4.0,4.0,Digital Wallet,In-store,2023-09-26
3660,TXN_5738282,Cake,4.0,3.0,12.0,Credit Card,In-store,
3661,TXN_8192063,Juice,4.0,3.0,12.0,Cash,,2023-02-06
3664,TXN_6346483,Coffee,1.0,2.0,2.0,Credit Card,,2023-06-08
3665,TXN_3499910,Cookie,4.0,1.0,4.0,Credit Card,Takeaway,2023-09-29
3668,TXN_6249023,Juice,1.0,3.0,3.0,Credit Card,,2023-11-03
3669,TXN_8620426,Cookie,3.0,1.0,3.0,Credit Card,Takeaway,2023-11-28
3670,TXN_2037742,Cake,4.0,3.0,12.0,Digital Wallet,In-store,2023-11-14
3671,TXN_7013527,Salad,2.0,5.0,10.0,Credit Card,In-store,2023-05-18
3672,TXN_2798420,Tea,5.0,1.5,7.5,Digital Wallet,Takeaway,2023-03-17
3678,TXN_5506907,Cookie,2.0,1.0,2.0,Cash,Takeaway,2023-12-08
3680,TXN_5353468,Tea,2.0,1.5,3.0,Credit Card,In-store,2023-11-30
3683,TXN_3355537,Tea,3.0,1.5,4.5,Digital Wallet,ERROR,2023-01-09
3684,TXN_4594866,Cookie,1.0,1.0,1.0,Digital Wallet,ERROR,2023-03-24
3685,TXN_7485712,Sandwich,4.0,4.0,16.0,Cash,In-store,2023-04-15
3686,TXN_4848431,Salad,5.0,5.0,25.0,Credit Card,,2023-01-09
3687,TXN_7352058,Coffee,2.0,2.0,4.0,UNKNOWN,Takeaway,2023-08-24
3689,TXN_9810868,Cookie,1.0,1.0,1.0,Credit Card,Takeaway,2023-10-05
3692,TXN_4722816,Salad,4.0,5.0,20.0,Cash,In-store,2023-10-19
3693,TXN_1833012,Salad,3.0,5.0,15.0,Digital Wallet,,2023-08-16
3694,TXN_6933222,Tea,1.0,1.5,1.5,Cash,,2023-01-22
3695,TXN_7737862,Cookie,2.0,1.0,2.0,Credit Card,,2023-08-29
3696,TXN_7814690,Smoothie,1.0,4.0,4.0,Credit Card,Takeaway,2023-05-10
3698,TXN_6083650,Coffee,2.0,2.0,4.0,Digital Wallet,Takeaway,2023-07-01
3699,TXN_8342990,Tea,1.0,1.5,1.5,Digital Wallet,Takeaway,2023-04-23
3700,TXN_4407959,Tea,1.0,1.5,1.5,Digital Wallet,Takeaway,2023-01-28
3702,TXN_3422759,Salad,5.0,5.0,25.0,Credit Card,Takeaway,2023-02-19
3704,TXN_8164332,Tea,4.0,1.5,6.0,Cash,Takeaway,2023-04-22
3706,TXN_9715885,Smoothie,4.0,4.0,16.0,UNKNOWN,In-store,2023-06-16
3707,TXN_1583983,Tea,3.0,1.5,4.5,Credit Card,,2023-03-02
3708,TXN_3634860,Juice,5.0,3.0,15.0,Credit Card,,2023-05-28
3709,TXN_5732357,Tea,5.0,1.5,7.5,Credit Card,,2023-05-06
3712,TXN_2567222,Coffee,3.0,2.0,6.0,UNKNOWN,Takeaway,2023-09-09
3713,TXN_3166181,Cookie,3.0,1.0,3.0,Credit Card,In-store,2023-05-21
3715,TXN_5173881,Cookie,3.0,1.0,3.0,Cash,Takeaway,2023-01-29
3718,TXN_9612877,Smoothie,1.0,4.0,4.0,Cash,In-store,2023-03-07
3719,TXN_4841285,Tea,2.0,1.5,3.0,Credit Card,UNKNOWN,2023-05-04
3722,TXN_4296204,Salad,5.0,5.0,25.0,Digital Wallet,In-store,2023-11-28
3724,TXN_6478978,Juice,3.0,3.0,9.0,Credit Card,Takeaway,2023-10-27
3726,TXN_4897182,Cake,3.0,3.0,9.0,Cash,Takeaway,2023-11-26
3728,TXN_7630750,Juice,2.0,3.0,6.0,Digital Wallet,In-store,2023-03-16
3729,TXN_6380978,Tea,1.0,1.5,1.5,Cash,,2023-12-31
3731,TXN_7551023,Salad,5.0,5.0,25.0,Cash,,2023-10-06
3732,TXN_2629168,Juice,1.0,3.0,3.0,Credit Card,,
3734,TXN_1269252,Cake,1.0,3.0,3.0,Digital Wallet,Takeaway,2023-07-18
3736,TXN_3193212,Cake,1.0,3.0,3.0,Cash,In-store,2023-11-23
3737,TXN_1427963,Coffee,1.0,2.0,2.0,Cash,,2023-10-14
3740,TXN_2370338,Cake,4.0,3.0,12.0,Credit Card,Takeaway,2023-10-30
3741,TXN_8628848,Juice,1.0,3.0,3.0,Credit Card,In-store,2023-01-29
3742,TXN_4294955,Salad,5.0,5.0,25.0,UNKNOWN,UNKNOWN,2023-10-19
3743,TXN_6894703,Cookie,1.0,1.0,1.0,Digital Wallet,,2023-06-06
3746,TXN_9246948,Cake,5.0,3.0,15.0,Credit Card,,2023-11-11
3748,TXN_1720329,Cookie,2.0,1.0,2.0,Cash,,2023-04-06
3750,TXN_2805332,Cake,4.0,3.0,12.0,Cash,,2023-08-10
3751,TXN_4807265,Sandwich,3.0,4.0,12.0,Digital Wallet,ERROR,2023-11-19
3752,TXN_5275315,Smoothie,2.0,4.0,8.0,Digital Wallet,In-store,2023-01-19
3753,TXN_7423281,Juice,1.0,3.0,3.0,Digital Wallet,,2023-06-01
3755,TXN_1034956,Sandwich,4.0,4.0,16.0,Cash,In-store,
3758,TXN_4455667,Sandwich,2.0,4.0,8.0,Credit Card,,2023-08-13
3760,TXN_8124663,Sandwich,2.0,4.0,8.0,Credit Card,Takeaway,2023-10-15
3763,TXN_6717074,Tea,3.0,1.5,4.5,Digital Wallet,Takeaway,2023-06-12
3765,TXN_3856021,Salad,1.0,5.0,5.0,Credit Card,,2023-02-24
3766,TXN_2902289,Tea,5.0,1.5,7.5,Credit Card,In-store,2023-12-16
3767,TXN_9456575,Tea,5.0,1.5,7.5,Cash,,2023-06-10
3768,TXN_9231214,Tea,4.0,1.5,6.0,Digital Wallet,Takeaway,2023-05-24
3770,TXN_2005789,Juice,3.0,3.0,9.0,Credit Card,Takeaway,2023-03-13
3771,TXN_4814965,Salad,2.0,5.0,10.0,Digital Wallet,,2023-07-23
3775,TXN_1122700,Salad,5.0,5.0,25.0,Digital Wallet,In-store,2023-11-09
3777,TXN_9134335,Cake,3.0,3.0,9.0,Digital Wallet,Takeaway,2023-01-30
3780,TXN_1075969,Cookie,2.0,1.0,2.0,Digital Wallet,ERROR,2023-08-13
3785,TXN_5799196,Sandwich,3.0,4.0,12.0,Digital Wallet,,2023-12-03
3787,TXN_4561006,Juice,3.0,3.0,9.0,Credit Card,,2023-11-23
3788,TXN_6652858,Salad,5.0,5.0,25.0,Credit Card,In-store,2023-09-13
3789,TXN_5932892,Juice,4.0,3.0,12.0,Digital Wallet,In-store,2023-11-19
3790,TXN_7466586,Salad,4.0,5.0,20.0,Digital Wallet,Takeaway,2023-04-02
3791,TXN_4207981,Smoothie,1.0,4.0,4.0,Digital Wallet,In-store,2023-03-17
3792,TXN_2771482,Salad,4.0,5.0,20.0,Credit Card,,2023-02-03
3793,TXN_9450903,Smoothie,3.0,4.0,12.0,Digital Wallet,,2023-04-07
3794,TXN_1165779,Cookie,4.0,1.0,4.0,Digital Wallet,Takeaway,2023-06-30
3795,TXN_8205635,Cake,5.0,3.0,15.0,Credit Card,ERROR,
3797,TXN_4607933,Smoothie,2.0,4.0,8.0,Credit Card,In-store,2023-09-22
3798,TXN_3486178,Cake,5.0,3.0,15.0,Cash,,2023-06-09
3799,TXN_2324227,Cookie,1.0,1.0,1.0,Digital Wallet,In-store,2023-06-07
3800,TXN_2452819,Cookie,3.0,1.0,3.0,Credit Card,In-store,2023-07-31
3803,TXN_5743519,Smoothie,2.0,4.0,8.0,Cash,,2023-05-23
3807,TXN_6732494,Coffee,2.0,2.0,4.0,Credit Card,Takeaway,2023-03-18
3810,TXN_5458161,Sandwich,1.0,4.0,4.0,Digital Wallet,Takeaway,2023-07-19
3812,TXN_9097840,Tea,3.0,1.5,4.5,Credit Card,,2023-02-06
3813,TXN_5747094,Juice,2.0,3.0,6.0,Digital Wallet,Takeaway,2023-05-11
3814,TXN_9782087,Sandwich,4.0,4.0,16.0,Credit Card,In-store,2023-07-27
3815,TXN_5824950,Coffee,1.0,2.0,2.0,Credit Card,In-store,2023-12-06
3816,TXN_6682782,Cookie,5.0,1.0,5.0,Cash,In-store,2023-12-15
3820,TXN_7210366,Cake,2.0,3.0,6.0,Digital Wallet,UNKNOWN,2023-03-25
3822,TXN_3206293,Cookie,5.0,1.0,5.0,Digital Wallet,Takeaway,2023-05-04
3823,TXN_5827969,Salad,5.0,5.0,25.0,Digital Wallet,,2023-07-03
3825,TXN_2859077,Smoothie,3.0,4.0,12.0,Digital Wallet,Takeaway,2023-01-31
3826,TXN_3643361,Tea,1.0,1.5,1.5,Cash,,2023-01-12
3827,TXN_8066306,Cake,5.0,3.0,15.0,Digital Wallet,Takeaway,2023-01-07
3828,TXN_2260351,Coffee,3.0,2.0,6.0,Cash,,2023-10-26
3829,TXN_5224275,Cookie,4.0,1.0,4.0,Credit Card,In-store,2023-12-17
3830,TXN_3842567,Salad,1.0,5.0,5.0,Credit Card,In-store,2023-03-13
3834,TXN_9638367,Coffee,1.0,2.0,2.0,UNKNOWN,,2023-07-22
3836,TXN_5687012,Salad,2.0,5.0,10.0,Cash,,2023-03-12
3840,TXN_6602557,Cake,4.0,3.0,12.0,Cash,Takeaway,2023-02-06
3841,TXN_8065180,Smoothie,5.0,4.0,20.0,Digital Wallet,Takeaway,2023-06-07
3843,TXN_3396099,Coffee,1.0,2.0,2.0,Digital Wallet,In-store,2023-04-06
3844,TXN_2693431,Salad,2.0,5.0,10.0,Digital Wallet,,2023-05-20
3845,TXN_7767493,Sandwich,5.0,4.0,20.0,Credit Card,In-store,2023-02-20
3846,TXN_2954575,Tea,2.0,1.5,3.0,Digital Wallet,Takeaway,2023-11-14
3849,TXN_8933027,Juice,5.0,3.0,15.0,Credit Card,,2023-07-14
3853,TXN_9307650,Coffee,3.0,2.0,6.0,UNKNOWN,Takeaway,2023-02-22
3854,TXN_1812185,Juice,2.0,3.0,6.0,Digital Wallet,,2023-09-21
3855,TXN_2134650,Juice,4.0,3.0,12.0,Digital Wallet,Takeaway,2023-02-11
3856,TXN_7899761,Juice,2.0,3.0,6.0,UNKNOWN,In-store,2023-10-08
3857,TXN_6785552,Juice,5.0,3.0,15.0,Cash,,2023-01-19
3858,TXN_8794205,Cake,4.0,3.0,12.0,Credit Card,Takeaway,2023-10-22
3859,TXN_2464879,Cake,2.0,3.0,6.0,Credit Card,,2023-10-11
3860,TXN_8294790,Cookie,1.0,1.0,1.0,Digital Wallet,Takeaway,2023-09-01
3861,TXN_4207219,Cake,1.0,3.0,3.0,Cash,In-store,2023-09-16
3862,TXN_1921415,Cake,1.0,3.0,3.0,Cash,Takeaway,2023-11-03
3864,TXN_3601338,Cake,3.0,3.0,9.0,Credit Card,ERROR,2023-03-06
3866,TXN_3709876,Coffee,1.0,2.0,2.0,Credit Card,Takeaway,2023-11-04
3867,TXN_6063689,Cookie,3.0,1.0,3.0,Cash,In-store,2023-02-01
3868,TXN_8126762,Coffee,5.0,2.0,10.0,Digital Wallet,Takeaway,2023-06-08
3873,TXN_1235828,Tea,4.0,1.5,6.0,Cash,Takeaway,2023-02-19
3879,TXN_9565246,Coffee,5.0,2.0,10.0,Cash,UNKNOWN,2023-12-28
3882,TXN_4992510,Cookie,4.0,1.0,4.0,Cash,In-store,2023-01-26
3884,TXN_6472826,Juice,4.0,3.0,12.0,Cash,In-store,2023-04-11
3885,TXN_8131052,Cookie,1.0,1.0,1.0,Credit Card,Takeaway,2023-09-16
3887,TXN_8116619,Smoothie,3.0,4.0,12.0,Cash,In-store,
3888,TXN_6636395,Juice,4.0,3.0,12.0,Cash,In-store,2023-01-30
3890,TXN_3353615,Coffee,4.0,2.0,8.0,Credit Card,Takeaway,2023-07-24
3893,TXN_6705109,Cake,3.0,3.0,9.0,Cash,In-store,2023-08-05
3895,TXN_5788053,Sandwich,5.0,4.0,20.0,Digital Wallet,,2023-01-04
3896,TXN_8650185,Smoothie,5.0,4.0,20.0,Cash,,2023-06-13
3897,TXN_1171281,Coffee,2.0,2.0,4.0,Digital Wallet,,2023-02-06
3898,TXN_9875865,Cookie,3.0,1.0,3.0,Digital Wallet,ERROR,2023-10-23
3899,TXN_6244602,Cake,5.0,3.0,15.0,Digital Wallet,,2023-05-06
3902,TXN_7762815,Smoothie,5.0,4.0,20.0,Credit Card,,2023-07-26
3903,TXN_8421481,Coffee,4.0,2.0,8.0,Digital Wallet,Takeaway,2023-07-27
3905,TXN_6201227,Salad,2.0,5.0,10.0,Cash,Takeaway,2023-01-15
3906,TXN_9052231,Sandwich,1.0,4.0,4.0,Credit Card,In-store,2023-08-20
3907,TXN_8228865,Juice,3.0,3.0,9.0,Digital Wallet,In-store,2023-09-19
3908,TXN_5875188,Salad,3.0,5.0,15.0,Digital Wallet,In-store,2023-07-09
3909,TXN_7997704,Sandwich,2.0,4.0,8.0,Digital Wallet,,2023-04-28
3910,TXN_4409875,Cake,3.0,3.0,9.0,Digital Wallet,,2023-09-08
3911,TXN_4015427,Cookie,5.0,1.0,5.0,Credit Card,,2023-08-05
3912,TXN_3358787,Cake,1.0,3.0,3.0,Digital Wallet,,2023-06-10
3914,TXN_1307239,Coffee,1.0,2.0,2.0,Digital Wallet,Takeaway,2023-10-26
3915,TXN_5138519,Cake,5.0,3.0,15.0,Cash,In-store,2023-05-22
3916,TXN_8763436,Juice,4.0,3.0,12.0,Cash,,2023-04-11
3918,TXN_2450896,Smoothie,1.0,4.0,4.0,Digital Wallet,Takeaway,
3919,TXN_4052950,Salad,2.0,5.0,10.0,Credit Card,UNKNOWN,2023-03-13
3920,TXN_2207332,Coffee,1.0,2.0,2.0,Credit Card,,2023-01-12
3923,TXN_6710660,Salad,2.0,5.0,10.0,Cash,In-store,2023-02-08
3924,TXN_9523369,Coffee,3.0,2.0,6.0,Digital Wallet,Takeaway,2023-08-25
3925,TXN_3548756,Juice,3.0,3.0,9.0,Digital Wallet,,2023-02-24
3926,TXN_9332035,Cookie,2.0,1.0,2.0,Digital Wallet,,2023-11-02
3928,TXN_7846513,Sandwich,3.0,4.0,12.0,Credit Card,,2023-10-19
3929,TXN_6188931,Cake,5.0,3.0,15.0,Digital Wallet,In-store,2023-01-28
3932,TXN_2365394,Cake,2.0,3.0,6.0,Digital Wallet,In-store,2023-04-06
3934,TXN_2898188,Salad,4.0,5.0,20.0,Digital Wallet,Takeaway,2023-04-26
3936,TXN_3741197,Cake,4.0,3.0,12.0,Credit Card,,2023-10-13
3937,TXN_5300938,Tea,5.0,1.5,7.5,Cash,Takeaway,2023-10-30
3939,TXN_7705748,Juice,3.0,3.0,9.0,Digital Wallet,,2023-07-14
3940,TXN_7469391,Coffee,5.0,2.0,10.0,Cash,In-store,
3941,TXN_8073173,Tea,5.0,1.5,7.5,Cash,,2023-07-05
3942,TXN_1489746,Cookie,3.0,1.0,3.0,Digital Wallet,In-store,2023-12-18
3943,TXN_2864951,Tea,5.0,1.5,7.5,Credit Card,Takeaway,2023-10-09
3947,TXN_4762520,Smoothie,1.0,4.0,4.0,Cash,Takeaway,2023-07-17
3948,TXN_6869880,Juice,4.0,3.0,12.0,Digital Wallet,Takeaway,2023-08-05
3949,TXN_3054405,Juice,3.0,3.0,9.0,Cash,In-store,2023-11-19
3951,TXN_1443201,Cookie,5.0,1.0,5.0,Credit Card,In-store,2023-10-03
3952,TXN_9157460,Cake,4.0,3.0,12.0,Digital Wallet,Takeaway,2023-01-23
3953,TXN_2299364,Salad,1.0,5.0,5.0,Cash,In-store,2023-10-26
3954,TXN_9948645,Salad,1.0,5.0,5.0,Credit Card,,2023-08-29
3956,TXN_9507568,Smoothie,4.0,4.0,16.0,Credit Card,,2023-10-12
3958,TXN_1058927,Sandwich,4.0,4.0,16.0,Cash,,2023-07-08
3960,TXN_4497327,Cookie,2.0,1.0,2.0,Credit Card,UNKNOWN,2023-11-08
3963,TXN_9300970,Cake,2.0,3.0,6.0,Credit Card,Takeaway,2023-03-06
3965,TXN_5747642,Salad,2.0,5.0,10.0,Cash,Takeaway,2023-07-26
3966,TXN_1505875,Smoothie,4.0,4.0,16.0,Cash,Takeaway,2023-05-17
3967,TXN_5417192,Cookie,4.0,1.0,4.0,Cash,In-store,2023-06-23
3968,TXN_1522140,Cookie,4.0,1.0,4.0,Cash,,2023-05-28
3969,TXN_5357157,Juice,4.0,3.0,12.0,Credit Card,In-store,2023-05-21
3970,TXN_2000400,Tea,5.0,1.5,7.5,Digital Wallet,Takeaway,2023-09-29
3971,TXN_5612022,Cookie,5.0,1.0,5.0,Digital Wallet,ERROR,2023-09-27
3972,TXN_3105489,Cake,3.0,3.0,9.0,Digital Wallet,In-store,2023-03-14
3975,TXN_2096922,Coffee,3.0,2.0,6.0,Digital Wallet,Takeaway,2023-12-11
3976,TXN_2563679,Salad,3.0,5.0,15.0,Digital Wallet,,2023-04-09
3978,TXN_9265178,Sandwich,4.0,4.0,16.0,Cash,Takeaway,2023-03-18
3979,TXN_7126770,Cake,4.0,3.0,12.0,Credit Card,Takeaway,2023-11-09
3980,TXN_6348409,Salad,3.0,5.0,15.0,Credit Card,Takeaway,2023-07-26
3985,TXN_4654061,Sandwich,2.0,4.0,8.0,Credit Card,,2023-05-04
3986,TXN_8160791,Cake,5.0,3.0,15.0,Digital Wallet,In-store,2023-10-24
3987,TXN_1647069,Sandwich,1.0,4.0,4.0,Credit Card,Takeaway,2023-04-06
3989,TXN_1512185,Coffee,4.0,2.0,8.0,Cash,Takeaway,2023-06-16
3994,TXN_6257213,Juice,5.0,3.0,15.0,Cash,,2023-12-12
3995,TXN_1004563,Tea,5.0,1.5,7.5,Credit Card,In-store,2023-10-28
3997,TXN_7387056,Juice,4.0,3.0,12.0,Credit Card,,2023-10-24
3998,TXN_1927431,Cookie,1.0,1.0,1.0,Credit Card,In-store,2023-02-07
3999,TXN_3432433,Cookie,5.0,1.0,5.0,Cash,In-store,2023-02-19
4000,TXN_1130142,Cookie,1.0,1.0,1.0,Credit Card,In-store,2023-03-13
4001,TXN_6682443,Cake,4.0,3.0,12.0,Digital Wallet,,2023-09-03
4002,TXN_3279039,Cake,4.0,3.0,12.0,Credit Card,In-store,2023-06-26
4004,TXN_1295824,Tea,1.0,1.5,1.5,Credit Card,,2023-08-01
4005,TXN_8305936,Juice,3.0,3.0,9.0,Digital Wallet,In-store,2023-08-02
4007,TXN_3808895,Salad,2.0,5.0,10.0,Cash,In-store,2023-07-13
4008,TXN_9843811,Juice,2.0,3.0,6.0,Credit Card,,2023-03-01
4009,TXN_6405258,Tea,2.0,1.5,3.0,Credit Card,Takeaway,2023-08-10
4010,TXN_1224087,Coffee,5.0,2.0,10.0,Digital Wallet,Takeaway,2023-03-20
4011,TXN_7727118,Smoothie,5.0,4.0,20.0,Digital Wallet,Takeaway,2023-11-04
4015,TXN_8413949,Juice,1.0,3.0,3.0,Credit Card,In-store,2023-10-14
4017,TXN_6541110,Cookie,3.0,1.0,3.0,Cash,In-store,2023-12-30
4019,TXN_6814891,Coffee,1.0,2.0,2.0,Digital Wallet,Takeaway,2023-06-26
4020,TXN_9884180,Salad,1.0,5.0,5.0,Cash,Takeaway,2023-05-19
4022,TXN_6775024,Coffee,2.0,2.0,4.0,Cash,In-store,2023-01-30
4024,TXN_6501361,Salad,5.0,5.0,25.0,Cash,In-store,2023-01-17
4026,TXN_4283360,Coffee,2.0,2.0,4.0,Credit Card,In-store,2023-12-19
4027,TXN_3956393,Cookie,4.0,1.0,4.0,Credit Card,In-store,2023-01-14
4029,TXN_9576057,Tea,5.0,1.5,7.5,Digital Wallet,Takeaway,2023-03-03
4031,TXN_8111101,Sandwich,5.0,4.0,20.0,Cash,,2023-01-12
4032,TXN_8323012,Tea,3.0,1.5,4.5,Credit Card,,2023-12-17
4034,TXN_7072883,Smoothie,1.0,4.0,4.0,Credit Card,,2023-10-05
4036,TXN_3779292,Salad,2.0,5.0,10.0,Credit Card,In-store,2023-12-30
4038,TXN_5848025,Tea,5.0,1.5,7.5,Credit Card,In-store,2023-01-19
4040,TXN_4661976,Smoothie,3.0,4.0,12.0,Digital Wallet,,2023-10-13
4041,TXN_4818703,Cookie,2.0,1.0,2.0,Digital Wallet,Takeaway,2023-04-20
4043,TXN_6387334,Smoothie,5.0,4.0,20.0,Digital Wallet,In-store,2023-02-19
4044,TXN_6431384,Juice,4.0,3.0,12.0,Digital Wallet,In-store,2023-08-06
4049,TXN_5530717,Juice,1.0,3.0,3.0,Credit Card,In-store,2023-03-10
4052,TXN_3100053,Cake,3.0,3.0,9.0,Cash,In-store,2023-12-19
4053,TXN_5812394,Salad,5.0,5.0,25.0,Cash,,2023-10-17
4057,TXN_1094145,Cookie,3.0,1.0,3.0,Credit Card,,2023-03-15
4059,TXN_6504180,Smoothie,1.0,4.0,4.0,Digital Wallet,In-store,2023-08-31
4060,TXN_6378045,Sandwich,5.0,4.0,20.0,Digital Wallet,In-store,2023-05-07
4061,TXN_4502704,Tea,4.0,1.5,6.0,UNKNOWN,In-store,2023-04-04
4062,TXN_6992967,Smoothie,5.0,4.0,20.0,Cash,,2023-08-29
4063,TXN_6266147,Juice,3.0,3.0,9.0,Credit Card,In-store,2023-01-31
4064,TXN_7499330,Cookie,1.0,1.0,1.0,Credit Card,In-store,2023-10-28
4065,TXN_8815623,Coffee,2.0,2.0,4.0,Digital Wallet,In-store,2023-02-03
4066,TXN_7632478,Juice,2.0,3.0,6.0,Digital Wallet,,2023-04-11
4068,TXN_3518789,Coffee,2.0,2.0,4.0,Digital Wallet,Takeaway,2023-12-01
4070,TXN_4767006,Cake,1.0,3.0,3.0,Cash,Takeaway,2023-08-23
4071,TXN_2880409,Tea,4.0,1.5,6.0,Cash,,2023-09-11
4073,TXN_8810601,Juice,2.0,3.0,6.0,Digital Wallet,,2023-08-18
4074,TXN_6572164,Cookie,4.0,1.0,4.0,Credit Card,Takeaway,2023-01-15
4078,TXN_6920323,Sandwich,1.0,4.0,4.0,Credit Card,,2023-06-10
4080,TXN_7524971,Tea,4.0,1.5,6.0,Digital Wallet,Takeaway,2023-09-05
4081,TXN_4650447,Tea,1.0,1.5,1.5,Cash,UNKNOWN,2023-08-18
4083,TXN_1475403,Cookie,1.0,1.0,1.0,Cash,In-store,
4084,TXN_1700027,Smoothie,4.0,4.0,16.0,Digital Wallet,In-store,2023-06-04
4089,TXN_2409052,Sandwich,1.0,4.0,4.0,Credit Card,In-store,2023-07-08
4090,TXN_8528546,Cake,3.0,3.0,9.0,Cash,,2023-12-09
4091,TXN_4849860,Tea,4.0,1.5,6.0,Credit Card,In-store,2023-12-01
4094,TXN_6905794,Salad,1.0,5.0,5.0,Cash,Takeaway,2023-05-31
4101,TXN_9511794,Cookie,1.0,1.0,1.0,Cash,Takeaway,2023-06-10
4102,TXN_9024781,Smoothie,4.0,4.0,16.0,Cash,In-store,2023-09-12
4103,TXN_7771526,Juice,1.0,3.0,3.0,Cash,In-store,2023-04-28
4105,TXN_6511228,Salad,4.0,5.0,20.0,Credit Card,UNKNOWN,2023-11-01
4108,TXN_8591813,Coffee,3.0,2.0,6.0,Cash,Takeaway,2023-10-31
4109,TXN_4095768,Salad,5.0,5.0,25.0,Digital Wallet,In-store,2023-06-18
4113,TXN_5534944,Tea,5.0,1.5,7.5,Credit Card,Takeaway,2023-01-26
4117,TXN_5839300,Cake,1.0,3.0,3.0,Credit Card,UNKNOWN,2023-07-01
4118,TXN_7801115,Tea,1.0,1.5,1.5,Cash,,2023-12-18
4120,TXN_7145259,Juice,2.0,3.0,6.0,Digital Wallet,In-store,2023-11-11
4121,TXN_2817018,Sandwich,3.0,4.0,12.0,Credit Card,Takeaway,2023-04-25
4122,TXN_6762490,Juice,5.0,3.0,15.0,Cash,ERROR,2023-05-03
4124,TXN_6012446,Smoothie,4.0,4.0,16.0,Cash,Takeaway,2023-07-20
4126,TXN_4135134,Cookie,5.0,1.0,5.0,Credit Card,Takeaway,2023-08-11
4128,TXN_2212234,Juice,2.0,3.0,6.0,Cash,In-store,2023-12-22
4134,TXN_4566012,Cookie,5.0,1.0,5.0,Credit Card,Takeaway,2023-05-10
4138,TXN_5125382,Coffee,1.0,2.0,2.0,Digital Wallet,In-store,2023-12-26
4140,TXN_1661068,Salad,3.0,5.0,15.0,Cash,Takeaway,2023-04-09
4141,TXN_9549381,Juice,1.0,3.0,3.0,Digital Wallet,In-store,2023-11-23
4142,TXN_7812084,Sandwich,4.0,4.0,16.0,Cash,In-store,2023-01-17
4146,TXN_6482262,Juice,3.0,3.0,9.0,Credit Card,,2023-05-13
4147,TXN_1951166,Tea,2.0,1.5,3.0,Credit Card,ERROR,2023-08-28
4148,TXN_4552615,Cake,2.0,3.0,6.0,Cash,Takeaway,2023-04-09
4149,TXN_6745856,Cake,4.0,3.0,12.0,Cash,In-store,2023-06-16
4154,TXN_3369191,Cookie,5.0,1.0,5.0,Cash,Takeaway,2023-02-07
4155,TXN_5551020,Sandwich,2.0,4.0,8.0,Credit Card,,2023-01-31
4156,TXN_9269683,Sandwich,5.0,4.0,20.0,Digital Wallet,,2023-09-26
4159,TXN_4398750,Sandwich,2.0,4.0,8.0,Cash,In-store,2023-05-28
4161,TXN_9850541,Cookie,4.0,1.0,4.0,Cash,Takeaway,2023-09-02
4162,TXN_4262142,Cake,2.0,3.0,6.0,Cash,Takeaway,2023-01-02
4163,TXN_7153313,Tea,1.0,1.5,1.5,Cash,,2023-12-29
4164,TXN_8581124,Salad,2.0,5.0,10.0,Credit Card,,2023-05-08
4165,TXN_3589218,Salad,2.0,5.0,10.0,Credit Card,In-store,2023-06-21
4166,TXN_7303515,Salad,4.0,5.0,20.0,Cash,In-store,2023-05-29
4167,TXN_2586183,Cookie,2.0,1.0,2.0,Cash,,2023-09-04
4168,TXN_2436779,Cake,1.0,3.0,3.0,Credit Card,Takeaway,2023-05-24
4171,TXN_6974587,Salad,3.0,5.0,15.0,Cash,ERROR,2023-06-16
4173,TXN_2719734,Cake,5.0,3.0,15.0,Digital Wallet,In-store,2023-05-22
4175,TXN_8566668,Sandwich,5.0,4.0,20.0,Digital Wallet,In-store,2023-02-12
4176,TXN_8284384,Juice,2.0,3.0,6.0,Digital Wallet,Takeaway,2023-06-05
4177,TXN_2139240,Sandwich,4.0,4.0,16.0,Digital Wallet,,2023-04-06
4181,TXN_2508499,Tea,3.0,1.5,4.5,Credit Card,In-store,2023-02-22
4182,TXN_4571510,Smoothie,3.0,4.0,12.0,Cash,Takeaway,2023-11-19
4183,TXN_4742476,Coffee,2.0,2.0,4.0,Cash,In-store,2023-10-27
4184,TXN_8510436,Cake,1.0,3.0,3.0,Digital Wallet,In-store,2023-07-19
4185,TXN_7509630,Cookie,3.0,1.0,3.0,Cash,In-store,2023-04-20
4186,TXN_5276301,Cake,3.0,3.0,9.0,Cash,UNKNOWN,2023-03-13
4187,TXN_4977130,Sandwich,1.0,4.0,4.0,Digital Wallet,In-store,2023-07-08
4189,TXN_9284099,Cake,2.0,3.0,6.0,Digital Wallet,In-store,2023-07-20
4191,TXN_7454416,Tea,1.0,1.5,1.5,Credit Card,Takeaway,2023-12-07
4195,TXN_7179013,Juice,5.0,3.0,15.0,Credit Card,In-store,2023-05-06
4196,TXN_7694559,Cookie,3.0,1.0,3.0,Cash,Takeaway,2023-05-05
4197,TXN_4391496,Sandwich,1.0,4.0,4.0,Cash,,2023-02-20
4198,TXN_5668193,Coffee,5.0,2.0,10.0,Cash,Takeaway,2023-08-14
4199,TXN_1448501,Cake,4.0,3.0,12.0,Credit Card,Takeaway,2023-09-10
4200,TXN_7139869,Tea,1.0,1.5,1.5,Cash,In-store,2023-06-22
4201,TXN_6419668,Sandwich,3.0,4.0,12.0,Credit Card,In-store,2023-04-29
4202,TXN_8810001,Smoothie,5.0,4.0,20.0,Digital Wallet,Takeaway,2023-12-23
4204,TXN_4439120,Cookie,2.0,1.0,2.0,Credit Card,In-store,2023-03-31
4205,TXN_4613510,Cake,5.0,3.0,15.0,Credit Card,Takeaway,2023-02-16
4206,TXN_7937275,Cake,4.0,3.0,12.0,Credit Card,ERROR,2023-09-18
4208,TXN_2044375,Salad,1.0,5.0,5.0,Cash,Takeaway,2023-01-05
4209,TXN_1772692,Smoothie,3.0,4.0,12.0,Cash,,2023-09-05
4210,TXN_6399545,Sandwich,4.0,4.0,16.0,Credit Card,Takeaway,2023-03-22
4212,TXN_6286062,Coffee,1.0,2.0,2.0,Credit Card,,
4213,TXN_4049031,Coffee,5.0,2.0,10.0,Digital Wallet,,2023-08-22
4217,TXN_7416880,Cake,1.0,3.0,3.0,Credit Card,In-store,2023-07-20
4218,TXN_1360379,Tea,1.0,1.5,1.5,Credit Card,UNKNOWN,2023-08-23
4219,TXN_9617454,Smoothie,1.0,4.0,4.0,Digital Wallet,Takeaway,2023-08-22
4220,TXN_6421446,Cake,2.0,3.0,6.0,Cash,Takeaway,2023-09-17
4221,TXN_6272674,Coffee,3.0,2.0,6.0,Cash,,2023-09-12
4222,TXN_6805882,Cookie,4.0,1.0,4.0,Cash,In-store,2023-09-04
4225,TXN_5380198,Cake,3.0,3.0,9.0,UNKNOWN,,
4226,TXN_5398922,Salad,1.0,5.0,5.0,Cash,In-store,2023-01-10
4227,TXN_3458602,Cake,2.0,3.0,6.0,Cash,In-store,2023-11-18
4229,TXN_1368769,Cookie,3.0,1.0,3.0,Credit Card,Takeaway,2023-06-02
4230,TXN_4343848,Cookie,5.0,1.0,5.0,Credit Card,Takeaway,2023-07-16
4231,TXN_7656355,Sandwich,3.0,4.0,12.0,Credit Card,Takeaway,2023-09-11
4232,TXN_4434005,Cookie,1.0,1.0,1.0,Digital Wallet,In-store,2023-03-20
4234,TXN_9177867,Tea,3.0,1.5,4.5,Digital Wallet,,2023-09-14
4236,TXN_9882625,Sandwich,1.0,4.0,4.0,Cash,In-store,2023-03-26
4237,TXN_8937461,Cookie,5.0,1.0,5.0,Digital Wallet,,2023-12-22
4238,TXN_2485272,Tea,4.0,1.5,6.0,Digital Wallet,Takeaway,2023-06-30
4241,TXN_2114182,Cookie,3.0,1.0,3.0,Digital Wallet,UNKNOWN,2023-07-28
4244,TXN_1892454,Juice,1.0,3.0,3.0,UNKNOWN,,2023-07-19
4245,TXN_9592941,Tea,5.0,1.5,7.5,Digital Wallet,In-store,2023-04-08
4248,TXN_7153885,Salad,1.0,5.0,5.0,Credit Card,,2023-05-22
4250,TXN_5279972,Smoothie,4.0,4.0,16.0,Credit Card,Takeaway,2023-01-07
4251,TXN_6953244,Smoothie,5.0,4.0,20.0,Cash,,2023-09-13
4252,TXN_5347792,Salad,3.0,5.0,15.0,Digital Wallet,,2023-02-10
4254,TXN_1574190,Smoothie,3.0,4.0,12.0,UNKNOWN,,2023-12-17
4258,TXN_3986639,Salad,1.0,5.0,5.0,Credit Card,In-store,2023-10-09
4259,TXN_3227673,Cookie,1.0,1.0,1.0,Cash,,2023-10-13
4260,TXN_2915287,Salad,1.0,5.0,5.0,Digital Wallet,Takeaway,2023-01-16
4262,TXN_7460497,Cake,5.0,3.0,15.0,Cash,,2023-11-13
4263,TXN_1607471,Sandwich,2.0,4.0,8.0,Credit Card,Takeaway,2023-01-03
4264,TXN_1244739,Salad,2.0,5.0,10.0,Credit Card,Takeaway,2023-09-13
4266,TXN_6807913,Juice,3.0,3.0,9.0,Credit Card,Takeaway,2023-01-22
4267,TXN_6438869,Juice,5.0,3.0,15.0,Credit Card,Takeaway,2023-10-30
4268,TXN_1047204,Cookie,3.0,1.0,3.0,Digital Wallet,UNKNOWN,2023-04-13
4271,TXN_1075446,Cookie,4.0,1.0,4.0,Credit Card,,2023-07-17
4272,TXN_8958723,Sandwich,4.0,4.0,16.0,Digital Wallet,,2023-11-12
4274,TXN_2337113,Coffee,1.0,2.0,2.0,Digital Wallet,Takeaway,2023-11-19
4275,TXN_2417721,Coffee,4.0,2.0,8.0,Credit Card,Takeaway,2023-10-20
4277,TXN_6574910,Cookie,1.0,1.0,1.0,Digital Wallet,,2023-09-13
4278,TXN_5342900,Cake,5.0,3.0,15.0,Cash,,2023-07-12
4280,TXN_2853459,Tea,4.0,1.5,6.0,Cash,,2023-08-14
4281,TXN_3379182,Juice,4.0,3.0,12.0,Cash,,2023-06-03
4283,TXN_8233101,Salad,2.0,5.0,10.0,Cash,In-store,2023-02-12
4284,TXN_1247244,Sandwich,1.0,4.0,4.0,Digital Wallet,In-store,2023-12-27
4285,TXN_4292280,Cake,4.0,3.0,12.0,Cash,Takeaway,2023-01-01
4286,TXN_3670476,Tea,3.0,1.5,4.5,Cash,Takeaway,2023-03-25
4287,TXN_4506936,Cookie,1.0,1.0,1.0,Credit Card,Takeaway,2023-03-20
4289,TXN_2827994,Cake,5.0,3.0,15.0,Digital Wallet,In-store,2023-12-04
4290,TXN_5342051,Sandwich,3.0,4.0,12.0,Cash,,2023-04-21
4291,TXN_7924635,Smoothie,5.0,4.0,20.0,Digital Wallet,Takeaway,2023-02-21
4293,TXN_9098841,Cake,1.0,3.0,3.0,Credit Card,,2023-08-07
4294,TXN_9723314,Coffee,4.0,2.0,8.0,Cash,In-store,2023-10-10
4295,TXN_2311186,Smoothie,3.0,4.0,12.0,Digital Wallet,ERROR,2023-07-16
4296,TXN_8061460,Sandwich,3.0,4.0,12.0,Credit Card,Takeaway,
4298,TXN_3920436,Juice,2.0,3.0,6.0,Digital Wallet,In-store,2023-11-19
4299,TXN_5514988,Cookie,5.0,1.0,5.0,Credit Card,ERROR,
4301,TXN_8710758,Sandwich,3.0,4.0,12.0,Credit Card,In-store,2023-01-12
4302,TXN_4873180,Tea,5.0,1.5,7.5,Digital Wallet,In-store,2023-01-17
4304,TXN_9997620,Cookie,2.0,1.0,2.0,Cash,,2023-12-11
4305,TXN_2830671,Sandwich,1.0,4.0,4.0,Cash,Takeaway,2023-11-08
4308,TXN_5337074,Cookie,3.0,1.0,3.0,Credit Card,In-store,2023-01-12
4310,TXN_8619494,Coffee,2.0,2.0,4.0,Digital Wallet,In-store,
4311,TXN_7268802,Salad,2.0,5.0,10.0,Digital Wallet,Takeaway,2023-04-10
4313,TXN_1842981,Tea,5.0,1.5,7.5,Credit Card,,2023-04-12
4316,TXN_5793417,Sandwich,2.0,4.0,8.0,Digital Wallet,In-store,2023-12-29
4317,TXN_2927909,Cake,4.0,3.0,12.0,Credit Card,,2023-10-04
4321,TXN_9181224,Sandwich,5.0,4.0,20.0,Cash,,
4325,TXN_4781960,Juice,1.0,3.0,3.0,Digital Wallet,,2023-03-28
4328,TXN_3982257,Coffee,2.0,2.0,4.0,Digital Wallet,,2023-07-23
4329,TXN_1463795,Coffee,5.0,2.0,10.0,Credit Card,,2023-08-04
4331,TXN_5930304,Sandwich,2.0,4.0,8.0,Digital Wallet,,2023-11-02
4332,TXN_4249989,Coffee,4.0,2.0,8.0,Digital Wallet,,2023-01-22
4335,TXN_6585794,Smoothie,5.0,4.0,20.0,Credit Card,In-store,2023-02-15
4336,TXN_5721846,Cookie,3.0,1.0,3.0,Cash,Takeaway,2023-04-14
4337,TXN_6487493,Salad,3.0,5.0,15.0,Cash,In-store,2023-03-13
4339,TXN_1197495,Juice,5.0,3.0,15.0,UNKNOWN,Takeaway,
4340,TXN_9395087,Tea,1.0,1.5,1.5,Cash,In-store,2023-06-12
4341,TXN_4477559,Juice,5.0,3.0,15.0,Credit Card,,2023-10-02
4342,TXN_5542033,Sandwich,3.0,4.0,12.0,Digital Wallet,UNKNOWN,2023-06-26
4344,TXN_1710823,Salad,2.0,5.0,10.0,Credit Card,,2023-01-27
4345,TXN_6575440,Tea,1.0,1.5,1.5,Cash,,2023-02-05
4346,TXN_5225537,Tea,5.0,1.5,7.5,Digital Wallet,,2023-11-04
4349,TXN_3587444,Juice,2.0,3.0,6.0,Credit Card,,2023-02-03
4354,TXN_7738013,Salad,5.0,5.0,25.0,Credit Card,Takeaway,2023-11-28
4356,TXN_6617283,Tea,4.0,1.5,6.0,Digital Wallet,,2023-06-09
4357,TXN_1461221,Salad,2.0,5.0,10.0,Cash,In-store,2023-04-30
4358,TXN_2056358,Coffee,3.0,2.0,6.0,Cash,In-store,2023-09-17
4361,TXN_5616473,Sandwich,4.0,4.0,16.0,Cash,ERROR,2023-07-28
4366,TXN_1004184,Smoothie,1.0,4.0,4.0,Credit Card,In-store,2023-05-18
4367,TXN_4141868,Tea,3.0,1.5,4.5,Credit Card,,2023-02-08
4369,TXN_4168771,Coffee,5.0,2.0,10.0,Digital Wallet,,2023-08-02
4370,TXN_6328925,Salad,4.0,5.0,20.0,Credit Card,,2023-09-05
4374,TXN_2980632,Cookie,3.0,1.0,3.0,Credit Card,Takeaway,2023-01-14
4377,TXN_6679600,Coffee,1.0,2.0,2.0,Digital Wallet,,2023-03-15
4378,TXN_8722854,Juice,1.0,3.0,3.0,Credit Card,Takeaway,
4380,TXN_5722123,Cake,4.0,3.0,12.0,Digital Wallet,Takeaway,2023-11-23
4381,TXN_3446174,Cake,5.0,3.0,15.0,Cash,,2023-10-31
4382,TXN_3518261,Sandwich,2.0,4.0,8.0,Digital Wallet,,2023-08-05
4383,TXN_5927925,Juice,4.0,3.0,12.0,Digital Wallet,In-store,2023-11-02
4384,TXN_5101593,Cake,5.0,3.0,15.0,Credit Card,Takeaway,2023-01-25
4385,TXN_1578981,Cake,1.0,3.0,3.0,Cash,In-store,2023-05-15
4386,TXN_7876388,Cookie,4.0,1.0,4.0,Cash,In-store,2023-10-05
4387,TXN_5939363,Tea,5.0,1.5,7.5,Credit Card,In-store,2023-02-14
4388,TXN_1636908,Cake,4.0,3.0,12.0,Digital Wallet,,2023-10-17
4389,TXN_5221688,Coffee,2.0,2.0,4.0,Cash,,2023-07-03
4391,TXN_8944698,Coffee,3.0,2.0,6.0,Credit Card,,2023-09-15
4394,TXN_7811387,Cookie,5.0,1.0,5.0,Credit Card,Takeaway,2023-11-30
4395,TXN_1884923,Coffee,4.0,2.0,8.0,Digital Wallet,Takeaway,2023-05-11
4396,TXN_8215595,Tea,2.0,1.5,3.0,Cash,,2023-11-23
4397,TXN_7618171,Cake,5.0,3.0,15.0,Cash,,
4400,TXN_6035512,Cake,5.0,3.0,15.0,Cash,Takeaway,2023-02-19
4401,TXN_1398769,Smoothie,1.0,4.0,4.0,Cash,In-store,2023-06-02
4402,TXN_6874354,Sandwich,4.0,4.0,16.0,Credit Card,,2023-03-23
4403,TXN_9690711,Cookie,2.0,1.0,2.0,Credit Card,In-store,2023-09-13
4407,TXN_4507533,Cake,1.0,3.0,3.0,Digital Wallet,,2023-08-31
4408,TXN_7636238,Sandwich,4.0,4.0,16.0,Credit Card,,2023-03-27
4409,TXN_8913153,Smoothie,2.0,4.0,8.0,Credit Card,,2023-09-02
4410,TXN_7595206,Sandwich,5.0,4.0,20.0,Credit Card,In-store,2023-12-02
4411,TXN_8424592,Smoothie,4.0,4.0,16.0,Credit Card,Takeaway,2023-11-09
4413,TXN_2000406,Cake,2.0,3.0,6.0,Credit Card,UNKNOWN,2023-06-06
4415,TXN_7820220,Cake,3.0,3.0,9.0,Credit Card,In-store,2023-03-16
4416,TXN_5880883,Sandwich,5.0,4.0,20.0,Digital Wallet,In-store,2023-02-02
4417,TXN_4447856,Smoothie,2.0,4.0,8.0,Cash,Takeaway,2023-09-11
4418,TXN_6613909,Cake,4.0,3.0,12.0,Credit Card,In-store,2023-06-30
4419,TXN_5331924,Sandwich,2.0,4.0,8.0,Cash,Takeaway,2023-06-30
4420,TXN_9090433,Cookie,2.0,1.0,2.0,Cash,ERROR,2023-07-12
4422,TXN_9811033,Cookie,3.0,1.0,3.0,Cash,Takeaway,2023-11-30
4424,TXN_5384343,Juice,1.0,3.0,3.0,Credit Card,,2023-03-29
4425,TXN_6580743,Coffee,1.0,2.0,2.0,Digital Wallet,Takeaway,2023-12-18
4426,TXN_8361821,Tea,5.0,1.5,7.5,Cash,In-store,2023-06-30
4427,TXN_2103626,Juice,3.0,3.0,9.0,Cash,In-store,2023-04-23
4428,TXN_1891141,Juice,4.0,3.0,12.0,Digital Wallet,In-store,2023-10-25
4429,TXN_1252575,Tea,1.0,1.5,1.5,Digital Wallet,Takeaway,2023-10-16
4433,TXN_5247378,Sandwich,2.0,4.0,8.0,Digital Wallet,Takeaway,2023-06-16
4439,TXN_8917822,Cake,2.0,3.0,6.0,Digital Wallet,,2023-12-12
4442,TXN_1190151,Juice,5.0,3.0,15.0,Digital Wallet,,2023-08-14
4443,TXN_8304002,Juice,1.0,3.0,3.0,Credit Card,Takeaway,2023-05-02
4444,TXN_4341764,Coffee,2.0,2.0,4.0,Cash,,2023-12-02
4446,TXN_2112333,Cookie,2.0,1.0,2.0,Credit Card,In-store,
4447,TXN_1046384,Smoothie,1.0,4.0,4.0,Cash,UNKNOWN,2023-06-09
4450,TXN_4153132,Salad,3.0,5.0,15.0,Digital Wallet,,2023-03-21
4452,TXN_3061634,Coffee,1.0,2.0,2.0,Digital Wallet,,2023-03-17
4453,TXN_7433308,Salad,4.0,5.0,20.0,Cash,Takeaway,2023-02-14
4454,TXN_6991736,Juice,2.0,3.0,6.0,Digital Wallet,In-store,2023-11-07
4455,TXN_7334272,Sandwich,2.0,4.0,8.0,Credit Card,Takeaway,2023-07-07
4458,TXN_4705417,Salad,5.0,5.0,25.0,Credit Card,Takeaway,2023-12-14
4459,TXN_8145970,Juice,5.0,3.0,15.0,Digital Wallet,Takeaway,2023-10-26
4460,TXN_1910553,Smoothie,5.0,4.0,20.0,Cash,,2023-10-01
4462,TXN_2785563,Juice,5.0,3.0,15.0,Cash,Takeaway,
4463,TXN_6020552,Sandwich,2.0,4.0,8.0,Cash,Takeaway,2023-01-14
4465,TXN_5317458,Salad,2.0,5.0,10.0,Credit Card,,2023-01-22
4466,TXN_6913384,Tea,3.0,1.5,4.5,Credit Card,Takeaway,2023-09-18
4468,TXN_6142549,Juice,3.0,3.0,9.0,Digital Wallet,ERROR,2023-03-12
4470,TXN_4390911,Salad,2.0,5.0,10.0,Digital Wallet,,2023-12-19
4471,TXN_1445532,Coffee,3.0,2.0,6.0,Cash,Takeaway,2023-03-03
4474,TXN_2563505,Sandwich,1.0,4.0,4.0,Cash,Takeaway,2023-10-27
4475,TXN_5183674,Coffee,2.0,2.0,4.0,Digital Wallet,,2023-04-13
4476,TXN_6748199,Salad,2.0,5.0,10.0,Cash,,2023-07-23
4478,TXN_5795475,Tea,3.0,1.5,4.5,Digital Wallet,In-store,2023-09-21
4480,TXN_5865534,Smoothie,4.0,4.0,16.0,Digital Wallet,ERROR,2023-10-16
4481,TXN_7060144,Cake,5.0,3.0,15.0,Credit Card,,
4482,TXN_5159669,Tea,4.0,1.5,6.0,Credit Card,,2023-09-30
4483,TXN_4268051,Cookie,1.0,1.0,1.0,Digital Wallet,In-store,2023-05-05
4486,TXN_5530097,Juice,2.0,3.0,6.0,Credit Card,Takeaway,2023-12-19
4490,TXN_9094261,Juice,2.0,3.0,6.0,Digital Wallet,Takeaway,2023-05-15
4491,TXN_5661323,Cookie,2.0,1.0,2.0,Credit Card,Takeaway,2023-05-06
4493,TXN_4248711,Smoothie,1.0,4.0,4.0,Cash,,2023-08-01
4495,TXN_9697154,Tea,3.0,1.5,4.5,Credit Card,In-store,2023-10-08
4496,TXN_6381860,Coffee,1.0,2.0,2.0,Digital Wallet,In-store,2023-08-21
4497,TXN_6028331,Cake,4.0,3.0,12.0,Cash,,2023-10-22
4498,TXN_8830924,Tea,2.0,1.5,3.0,Credit Card,,2023-10-25
4501,TXN_6405210,Coffee,4.0,2.0,8.0,Cash,UNKNOWN,2023-08-11
4503,TXN_6321174,Tea,4.0,1.5,6.0,Digital Wallet,,2023-12-09
4505,TXN_6052901,Smoothie,5.0,4.0,20.0,Credit Card,Takeaway,2023-08-16
4507,TXN_5537517,Smoothie,3.0,4.0,12.0,Digital Wallet,Takeaway,2023-10-27
4508,TXN_5496019,Cookie,5.0,1.0,5.0,Cash,In-store,2023-11-26
4510,TXN_6359281,Coffee,2.0,2.0,4.0,Credit Card,UNKNOWN,2023-09-16
4511,TXN_3620122,Sandwich,1.0,4.0,4.0,Cash,In-store,2023-05-06
4512,TXN_8367716,Tea,2.0,1.5,3.0,Credit Card,Takeaway,2023-02-03
4513,TXN_6779763,Cookie,1.0,1.0,1.0,Credit Card,UNKNOWN,2023-04-25
4514,TXN_1985142,Smoothie,3.0,4.0,12.0,Digital Wallet,,
4515,TXN_8385321,Smoothie,2.0,4.0,8.0,Credit Card,Takeaway,2023-02-08
4516,TXN_5345258,Salad,2.0,5.0,10.0,Credit Card,Takeaway,2023-03-13
4517,TXN_8932759,Smoothie,3.0,4.0,12.0,Credit Card,Takeaway,2023-09-01
4519,TXN_3898665,Sandwich,2.0,4.0,8.0,Cash,Takeaway,2023-03-07
4520,TXN_4996304,Coffee,2.0,2.0,4.0,Credit Card,,2023-08-17
4521,TXN_9566593,Cake,2.0,3.0,6.0,Digital Wallet,,2023-09-30
4522,TXN_4808700,Cookie,4.0,1.0,4.0,Cash,Takeaway,2023-01-13
4523,TXN_5776252,Tea,4.0,1.5,6.0,Cash,Takeaway,2023-08-11
4524,TXN_5673476,Smoothie,4.0,4.0,16.0,Cash,Takeaway,2023-02-09
4527,TXN_8049635,Salad,3.0,5.0,15.0,Cash,,2023-11-16
4531,TXN_4135861,Salad,2.0,5.0,10.0,Credit Card,,2023-03-16
4532,TXN_2031545,Juice,2.0,3.0,6.0,Digital Wallet,In-store,2023-05-02
4533,TXN_4676976,Smoothie,3.0,4.0,12.0,Digital Wallet,In-store,2023-05-26
4534,TXN_7421018,Sandwich,4.0,4.0,16.0,Digital Wallet,,2023-08-26
4537,TXN_5364052,Sandwich,2.0,4.0,8.0,Credit Card,,2023-02-05
4538,TXN_8345649,Cookie,5.0,1.0,5.0,Cash,,2023-08-23
4539,TXN_8560548,Sandwich,1.0,4.0,4.0,Credit Card,Takeaway,2023-09-02
4542,TXN_1240476,Juice,2.0,3.0,6.0,Digital Wallet,Takeaway,2023-04-20
4543,TXN_8345092,Smoothie,1.0,4.0,4.0,Credit Card,ERROR,2023-07-24
4544,TXN_5849947,Sandwich,5.0,4.0,20.0,Cash,ERROR,2023-02-02
4546,TXN_7800602,Tea,1.0,1.5,1.5,Cash,,2023-04-30
4549,TXN_1585827,Cake,3.0,3.0,9.0,Credit Card,In-store,2023-09-30
4551,TXN_1990029,Tea,4.0,1.5,6.0,Credit Card,In-store,2023-11-18
4552,TXN_5796131,Smoothie,3.0,4.0,12.0,Digital Wallet,Takeaway,2023-09-30
4554,TXN_7804740,Smoothie,2.0,4.0,8.0,Digital Wallet,,2023-10-19
4556,TXN_6665881,Juice,2.0,3.0,6.0,Credit Card,,2023-07-04
4559,TXN_3042768,Cookie,3.0,1.0,3.0,Digital Wallet,Takeaway,2023-09-07
4560,TXN_4664329,Tea,2.0,1.5,3.0,Credit Card,Takeaway,2023-01-06
4561,TXN_7442492,Salad,5.0,5.0,25.0,Credit Card,Takeaway,2023-07-23
4562,TXN_8664335,Sandwich,5.0,4.0,20.0,Digital Wallet,Takeaway,2023-06-12
4569,TXN_5321145,Sandwich,5.0,4.0,20.0,Digital Wallet,Takeaway,2023-08-29
4570,TXN_3884995,Juice,5.0,3.0,15.0,Cash,In-store,2023-12-25
4571,TXN_4178488,Sandwich,3.0,4.0,12.0,Cash,In-store,2023-05-08
4573,TXN_2579157,Sandwich,1.0,4.0,4.0,UNKNOWN,,2023-09-27
4574,TXN_3597806,Cookie,3.0,1.0,3.0,Credit Card,UNKNOWN,2023-12-11
4577,TXN_4833378,Cake,5.0,3.0,15.0,Digital Wallet,,2023-10-15
4580,TXN_1715684,Smoothie,1.0,4.0,4.0,UNKNOWN,In-store,2023-07-13
4581,TXN_9073440,Sandwich,2.0,4.0,8.0,Credit Card,Takeaway,2023-08-28
4582,TXN_4089355,Salad,2.0,5.0,10.0,Credit Card,Takeaway,2023-02-18
4584,TXN_5048650,Smoothie,2.0,4.0,8.0,Cash,Takeaway,2023-11-18
4585,TXN_1882700,Tea,3.0,1.5,4.5,Digital Wallet,In-store,2023-04-18
4586,TXN_2112911,Salad,3.0,5.0,15.0,Digital Wallet,Takeaway,2023-09-18
4587,TXN_7568316,Cake,2.0,3.0,6.0,Credit Card,,2023-11-28
4588,TXN_3642982,Coffee,5.0,2.0,10.0,Cash,UNKNOWN,2023-10-04
4591,TXN_1419669,Cake,5.0,3.0,15.0,Cash,Takeaway,2023-03-07
4597,TXN_5453836,Smoothie,2.0,4.0,8.0,Credit Card,In-store,2023-05-29
4601,TXN_9487214,Coffee,5.0,2.0,10.0,UNKNOWN,,2023-03-25
4602,TXN_2274702,Cookie,5.0,1.0,5.0,Credit Card,In-store,2023-12-11
4603,TXN_2701016,Cake,5.0,3.0,15.0,Digital Wallet,,2023-03-06
4604,TXN_8809853,Coffee,1.0,2.0,2.0,Digital Wallet,Takeaway,2023-10-29
4605,TXN_7683607,Cake,1.0,3.0,3.0,Cash,,2023-03-17
4606,TXN_2402928,Coffee,4.0,2.0,8.0,Cash,,2023-10-20
4607,TXN_6516391,Cake,2.0,3.0,6.0,Digital Wallet,,2023-06-16
4608,TXN_9685326,Smoothie,3.0,4.0,12.0,Digital Wallet,Takeaway,2023-04-07
4610,TXN_9858627,Juice,4.0,3.0,12.0,UNKNOWN,,2023-01-22
4612,TXN_7656770,Coffee,1.0,2.0,2.0,Credit Card,,2023-12-24
4613,TXN_4092551,Juice,5.0,3.0,15.0,Credit Card,Takeaway,2023-10-11
4615,TXN_7241288,Sandwich,5.0,4.0,20.0,Cash,Takeaway,2023-04-11
4618,TXN_1436851,Sandwich,5.0,4.0,20.0,Cash,Takeaway,2023-07-28
4619,TXN_8598575,Sandwich,4.0,4.0,16.0,Digital Wallet,,2023-11-14
4620,TXN_1417871,Salad,3.0,5.0,15.0,Cash,Takeaway,2023-03-12
4623,TXN_6674257,Sandwich,3.0,4.0,12.0,Cash,Takeaway,2023-07-20
4625,TXN_1339158,Salad,4.0,5.0,20.0,Cash,,
4626,TXN_7948933,Sandwich,3.0,4.0,12.0,Cash,,
4627,TXN_4965631,Smoothie,3.0,4.0,12.0,Credit Card,ERROR,2023-01-27
4628,TXN_9254064,Coffee,2.0,2.0,4.0,Cash,Takeaway,2023-12-10
4629,TXN_4554168,Tea,4.0,1.5,6.0,Digital Wallet,In-store,2023-04-08
4630,TXN_6536418,Salad,5.0,5.0,25.0,Credit Card,In-store,2023-02-11
4632,TXN_4580084,Sandwich,5.0,4.0,20.0,Credit Card,Takeaway,2023-12-17
4633,TXN_3996874,Tea,4.0,1.5,6.0,Digital Wallet,,2023-05-18
4635,TXN_5439860,Tea,1.0,1.5,1.5,Digital Wallet,In-store,2023-04-18
4636,TXN_3216618,Salad,4.0,5.0,20.0,Credit Card,In-store,2023-12-30
4637,TXN_8360779,Cookie,4.0,1.0,4.0,Credit Card,In-store,2023-10-25
4639,TXN_6369590,Salad,5.0,5.0,25.0,Digital Wallet,Takeaway,2023-10-26
4640,TXN_5039782,Tea,3.0,1.5,4.5,Credit Card,Takeaway,2023-06-21
4644,TXN_3171673,Smoothie,2.0,4.0,8.0,Digital Wallet,Takeaway,2023-12-07
4645,TXN_4827637,Smoothie,4.0,4.0,16.0,Cash,In-store,2023-04-28
4646,TXN_1170198,Tea,4.0,1.5,6.0,Credit Card,In-store,2023-02-09
4647,TXN_8166527,Salad,2.0,5.0,10.0,Cash,In-store,2023-05-24
4648,TXN_3097593,Smoothie,2.0,4.0,8.0,Credit Card,In-store,2023-06-18
4650,TXN_3431526,Cookie,3.0,1.0,3.0,Credit Card,Takeaway,2023-12-27
4652,TXN_1489218,Salad,2.0,5.0,10.0,Digital Wallet,,2023-09-13
4653,TXN_1936644,Juice,3.0,3.0,9.0,Digital Wallet,ERROR,2023-01-28
4654,TXN_4293694,Smoothie,5.0,4.0,20.0,Cash,,2023-08-03
4659,TXN_7677750,Tea,2.0,1.5,3.0,Cash,Takeaway,2023-12-24
4660,TXN_9799633,Juice,4.0,3.0,12.0,Cash,In-store,2023-11-07
4661,TXN_4252036,Sandwich,2.0,4.0,8.0,Cash,Takeaway,2023-01-22
4662,TXN_6637989,Smoothie,1.0,4.0,4.0,Cash,,2023-11-09
4663,TXN_2860514,Cookie,5.0,1.0,5.0,Credit Card,,2023-09-01
4664,TXN_4143449,Smoothie,3.0,4.0,12.0,Digital Wallet,,2023-08-23
4666,TXN_1960599,Cake,4.0,3.0,12.0,Cash,,2023-01-06
4667,TXN_1184377,Juice,1.0,3.0,3.0,Cash,,2023-10-25
4674,TXN_7792223,Smoothie,3.0,4.0,12.0,Credit Card,,2023-07-21
4675,TXN_7205370,Smoothie,4.0,4.0,16.0,Cash,,2023-12-07
4676,TXN_9992148,Tea,3.0,1.5,4.5,Cash,Takeaway,2023-01-14
4678,TXN_9982090,Tea,5.0,1.5,7.5,Digital Wallet,In-store,2023-06-03
4683,TXN_8402941,Cake,5.0,3.0,15.0,Credit Card,In-store,2023-11-26
4684,TXN_4265056,Juice,1.0,3.0,3.0,Cash,,2023-07-16
4686,TXN_7976001,Juice,4.0,3.0,12.0,Credit Card,In-store,2023-06-27
4687,TXN_4969003,Cookie,1.0,1.0,1.0,Digital Wallet,In-store,2023-04-19
4688,TXN_3629728,Smoothie,1.0,4.0,4.0,Digital Wallet,Takeaway,2023-03-11
4690,TXN_1907428,Juice,4.0,3.0,12.0,Credit Card,In-store,2023-06-06
4692,TXN_8554646,Coffee,2.0,2.0,4.0,Cash,,2023-01-10
4693,TXN_5860664,Juice,5.0,3.0,15.0,Digital Wallet,,2023-06-06
4695,TXN_5765294,Cookie,4.0,1.0,4.0,Digital Wallet,In-store,2023-11-14
4696,TXN_4966149,Juice,2.0,3.0,6.0,Cash,,2023-04-10
4698,TXN_2273573,Cookie,5.0,1.0,5.0,Cash,In-store,2023-11-12
4699,TXN_7924516,Cookie,1.0,1.0,1.0,Credit Card,,2023-04-23
4700,TXN_2083132,Salad,1.0,5.0,5.0,UNKNOWN,,2023-08-31
4703,TXN_5049646,Juice,2.0,3.0,6.0,Credit Card,In-store,2023-08-30
4706,TXN_6853142,Smoothie,3.0,4.0,12.0,Cash,ERROR,2023-07-21
4707,TXN_4031726,Cake,4.0,3.0,12.0,Credit Card,Takeaway,2023-11-22
4708,TXN_9512112,Coffee,4.0,2.0,8.0,Cash,Takeaway,2023-05-25
4709,TXN_9428611,Salad,4.0,5.0,20.0,Digital Wallet,,2023-07-13
4712,TXN_5483635,Juice,3.0,3.0,9.0,Credit Card,In-store,2023-03-23
4713,TXN_1848481,Cookie,4.0,1.0,4.0,Credit Card,,
4714,TXN_3478169,Juice,2.0,3.0,6.0,Cash,In-store,2023-02-03
4715,TXN_3842766,Tea,3.0,1.5,4.5,Credit Card,In-store,2023-03-24
4718,TXN_8225343,Smoothie,1.0,4.0,4.0,Cash,,2023-05-10
4719,TXN_3822036,Smoothie,3.0,4.0,12.0,Credit Card,Takeaway,2023-05-07
4720,TXN_3019996,Sandwich,2.0,4.0,8.0,Cash,,2023-06-27
4723,TXN_8165784,Cake,5.0,3.0,15.0,Digital Wallet,,2023-10-15
4724,TXN_3619141,Cookie,4.0,1.0,4.0,Digital Wallet,In-store,2023-09-30
4725,TXN_7160017,Juice,1.0,3.0,3.0,Cash,In-store,2023-09-27
4726,TXN_9513509,Sandwich,1.0,4.0,4.0,Credit Card,,2023-04-27
4727,TXN_5919038,Cookie,1.0,1.0,1.0,Credit Card,In-store,2023-12-15
4728,TXN_8384229,Tea,4.0,1.5,6.0,Digital Wallet,,2023-01-08
4729,TXN_9011816,Cake,1.0,3.0,3.0,UNKNOWN,Takeaway,2023-04-02
4730,TXN_2916992,Salad,2.0,5.0,10.0,Cash,Takeaway,2023-08-20
4733,TXN_9126573,Salad,4.0,5.0,20.0,Digital Wallet,,2023-06-17
4734,TXN_5347338,Cake,4.0,3.0,12.0,Digital Wallet,Takeaway,2023-07-04
4738,TXN_1907740,Sandwich,1.0,4.0,4.0,Cash,,2023-03-17
4739,TXN_3654670,Juice,1.0,3.0,3.0,Credit Card,Takeaway,2023-06-14
4743,TXN_1870423,Salad,2.0,5.0,10.0,Credit Card,Takeaway,2023-04-12
4744,TXN_1006942,Salad,1.0,5.0,5.0,Credit Card,In-store,2023-11-30
4745,TXN_2282319,Juice,2.0,3.0,6.0,Cash,In-store,2023-08-14
4748,TXN_1026799,Cake,5.0,3.0,15.0,Credit Card,,
4750,TXN_8489120,Cookie,2.0,1.0,2.0,Credit Card,,2023-11-07
4751,TXN_6200609,Salad,5.0,5.0,25.0,Digital Wallet,Takeaway,2023-04-12
4752,TXN_8194534,Coffee,2.0,2.0,4.0,Cash,,2023-05-19
4757,TXN_8742689,Tea,5.0,1.5,7.5,Digital Wallet,Takeaway,2023-01-05
4759,TXN_1996466,Smoothie,1.0,4.0,4.0,Digital Wallet,,2023-04-24
4761,TXN_7124156,Salad,1.0,5.0,5.0,Credit Card,Takeaway,2023-07-28
4762,TXN_3150614,Sandwich,1.0,4.0,4.0,Cash,Takeaway,2023-08-06
4763,TXN_5263693,Juice,1.0,3.0,3.0,Digital Wallet,Takeaway,2023-01-20
4765,TXN_1702437,Smoothie,4.0,4.0,16.0,Credit Card,Takeaway,2023-06-27
4767,TXN_8725721,Sandwich,1.0,4.0,4.0,Cash,ERROR,2023-06-04
4768,TXN_8965025,Salad,1.0,5.0,5.0,Cash,In-store,2023-04-14
4770,TXN_4328869,Sandwich,2.0,4.0,8.0,Cash,,2023-05-02
4771,TXN_3849711,Smoothie,5.0,4.0,20.0,Cash,,2023-08-14
4772,TXN_1334406,Juice,1.0,3.0,3.0,Digital Wallet,In-store,2023-09-26
4773,TXN_1556708,Smoothie,1.0,4.0,4.0,Digital Wallet,Takeaway,2023-06-11
4774,TXN_8422494,Salad,4.0,5.0,20.0,Cash,In-store,2023-06-08
4775,TXN_3427754,Smoothie,2.0,4.0,8.0,Digital Wallet,Takeaway,2023-08-06
4779,TXN_9904505,Smoothie,2.0,4.0,8.0,Digital Wallet,ERROR,2023-06-07
4780,TXN_5020643,Tea,3.0,1.5,4.5,Digital Wallet,In-store,2023-10-19
4781,TXN_8170122,Cookie,5.0,1.0,5.0,Digital Wallet,In-store,2023-03-20
4783,TXN_3930540,Smoothie,3.0,4.0,12.0,Cash,UNKNOWN,2023-03-24
4784,TXN_4663537,Coffee,5.0,2.0,10.0,Credit Card,,2023-10-22
4785,TXN_5392630,Juice,5.0,3.0,15.0,Cash,Takeaway,2023-11-23
4787,TXN_5927620,Smoothie,1.0,4.0,4.0,Credit Card,,2023-05-04
4789,TXN_1133945,Smoothie,2.0,4.0,8.0,Digital Wallet,In-store,2023-10-23
4790,TXN_5467240,Smoothie,5.0,4.0,20.0,Digital Wallet,UNKNOWN,2023-10-20
4792,TXN_1586452,Salad,2.0,5.0,10.0,Cash,In-store,2023-02-01
4793,TXN_9814929,Cake,3.0,3.0,9.0,Digital Wallet,In-store,2023-10-01
4794,TXN_8961480,Tea,4.0,1.5,6.0,Cash,,2023-02-18
4795,TXN_1826919,Juice,4.0,3.0,12.0,Credit Card,In-store,2023-02-21
4796,TXN_3135048,Salad,1.0,5.0,5.0,Credit Card,Takeaway,2023-02-03
4798,TXN_4504141,Sandwich,5.0,4.0,20.0,Credit Card,,2023-09-28
4799,TXN_7408461,Juice,3.0,3.0,9.0,UNKNOWN,In-store,2023-11-05
4802,TXN_9120328,Tea,5.0,1.5,7.5,Credit Card,Takeaway,2023-10-22
4803,TXN_3906862,Cake,5.0,3.0,15.0,Cash,,2023-08-14
4805,TXN_7543921,Coffee,3.0,2.0,6.0,Cash,In-store,2023-12-06
4809,TXN_2970011,Coffee,4.0,2.0,8.0,Credit Card,Takeaway,2023-06-04
4810,TXN_5556328,Tea,5.0,1.5,7.5,Digital Wallet,In-store,2023-12-10
4811,TXN_8786159,Coffee,3.0,2.0,6.0,Cash,In-store,2023-04-05
4812,TXN_2467699,Tea,1.0,1.5,1.5,Cash,UNKNOWN,2023-06-17
4813,TXN_3085628,Salad,1.0,5.0,5.0,Cash,,2023-08-26
4814,TXN_7952153,Smoothie,2.0,4.0,8.0,Digital Wallet,,2023-07-24
4815,TXN_4439321,Coffee,3.0,2.0,6.0,Cash,In-store,2023-04-25
4818,TXN_7323885,Sandwich,5.0,4.0,20.0,Cash,In-store,2023-09-15
4820,TXN_4019040,Tea,1.0,1.5,1.5,Cash,In-store,2023-02-01
4821,TXN_1570573,Sandwich,3.0,4.0,12.0,Digital Wallet,Takeaway,2023-04-09
4822,TXN_5991995,Cake,1.0,3.0,3.0,Digital Wallet,In-store,2023-01-08
4823,TXN_2437586,Sandwich,4.0,4.0,16.0,Cash,,2023-08-29
4825,TXN_6004431,Sandwich,2.0,4.0,8.0,Cash,Takeaway,2023-04-07
4826,TXN_7475500,Cookie,2.0,1.0,2.0,Cash,,2023-11-22
4827,TXN_8122317,Coffee,3.0,2.0,6.0,Cash,Takeaway,2023-10-16
4828,TXN_2028930,Cookie,2.0,1.0,2.0,Digital Wallet,,2023-11-25
4829,TXN_3394874,Coffee,4.0,2.0,8.0,Credit Card,Takeaway,2023-06-18
4832,TXN_2220389,Salad,4.0,5.0,20.0,Credit Card,UNKNOWN,2023-07-26
4833,TXN_9603773,Cookie,2.0,1.0,2.0,Credit Card,,2023-10-10
4834,TXN_1285279,Coffee,2.0,2.0,4.0,Cash,Takeaway,2023-04-09
4835,TXN_5244558,Smoothie,4.0,4.0,16.0,Digital Wallet,,2023-06-06
4836,TXN_1702434,Smoothie,3.0,4.0,12.0,Digital Wallet,,2023-07-22
4839,TXN_7151817,Sandwich,1.0,4.0,4.0,Cash,In-store,2023-05-18
4840,TXN_7514589,Juice,3.0,3.0,9.0,Cash,Takeaway,2023-07-25
4844,TXN_8019335,Smoothie,3.0,4.0,12.0,Digital Wallet,Takeaway,2023-11-26
4847,TXN_7332957,Sandwich,5.0,4.0,20.0,Digital Wallet,,2023-07-26
4848,TXN_1278539,Tea,1.0,1.5,1.5,Credit Card,Takeaway,2023-04-04
4849,TXN_1186221,Salad,4.0,5.0,20.0,Cash,Takeaway,2023-04-21
4850,TXN_3086676,Cake,2.0,3.0,6.0,Cash,UNKNOWN,2023-07-21
4854,TXN_1839407,Cookie,3.0,1.0,3.0,Cash,,2023-03-15
4855,TXN_9028798,Cake,2.0,3.0,6.0,Cash,In-store,2023-05-25
4856,TXN_4672332,Cake,4.0,3.0,12.0,Cash,In-store,2023-03-29
4857,TXN_2726078,Coffee,3.0,2.0,6.0,Digital Wallet,,2023-11-27
4858,TXN_5249091,Smoothie,5.0,4.0,20.0,Credit Card,In-store,2023-08-15
4859,TXN_9507397,Cookie,3.0,1.0,3.0,Credit Card,Takeaway,2023-10-26
4861,TXN_3300171,Cookie,5.0,1.0,5.0,Credit Card,In-store,2023-02-14
4863,TXN_4697112,Sandwich,3.0,4.0,12.0,Credit Card,,2023-04-08
4865,TXN_6373380,Coffee,4.0,2.0,8.0,Cash,In-store,2023-07-21
4866,TXN_8668590,Cookie,4.0,1.0,4.0,Digital Wallet,,2023-04-18
4869,TXN_4341126,Cake,2.0,3.0,6.0,Cash,,2023-07-01
4871,TXN_2103018,Cake,5.0,3.0,15.0,Credit Card,In-store,2023-11-24
4873,TXN_2227781,Cake,1.0,3.0,3.0,Cash,Takeaway,2023-01-21
4874,TXN_6159539,Juice,1.0,3.0,3.0,Digital Wallet,,2023-01-12
4876,TXN_5234152,Cookie,5.0,1.0,5.0,Digital Wallet,Takeaway,2023-03-26
4877,TXN_9468033,Juice,1.0,3.0,3.0,Credit Card,,2023-12-13
4878,TXN_3132304,Sandwich,1.0,4.0,4.0,Credit Card,,2023-01-21
4879,TXN_6262910,Cake,4.0,3.0,12.0,Cash,Takeaway,2023-07-02
4880,TXN_7543841,Cookie,3.0,1.0,3.0,Cash,In-store,2023-11-07
4882,TXN_1058957,Juice,2.0,3.0,6.0,Cash,In-store,2023-03-21
4884,TXN_2728444,Salad,1.0,5.0,5.0,Digital Wallet,Takeaway,2023-01-23
4885,TXN_9073184,Cake,2.0,3.0,6.0,UNKNOWN,,2023-04-14
4887,TXN_5665341,Tea,5.0,1.5,7.5,Cash,,2023-02-27
4890,TXN_5518591,Cookie,4.0,1.0,4.0,Digital Wallet,,2023-09-21
4893,TXN_7939659,Cake,3.0,3.0,9.0,Digital Wallet,Takeaway,2023-07-26
4894,TXN_7531403,Smoothie,2.0,4.0,8.0,Cash,In-store,2023-07-08
4895,TXN_3767196,Salad,4.0,5.0,20.0,Cash,,2023-08-30
4897,TXN_7302788,Coffee,1.0,2.0,2.0,Cash,In-store,2023-09-18
4898,TXN_9233948,Cookie,4.0,1.0,4.0,Cash,,2023-03-26
4904,TXN_2723755,Juice,3.0,3.0,9.0,Cash,,2023-06-30
4907,TXN_4028494,Cake,3.0,3.0,9.0,Digital Wallet,In-store,2023-10-22
4908,TXN_1412415,Juice,3.0,3.0,9.0,Cash,In-store,2023-02-24
4910,TXN_6546131,Coffee,4.0,2.0,8.0,Credit Card,In-store,2023-06-26
4911,TXN_9030656,Juice,5.0,3.0,15.0,Digital Wallet,Takeaway,2023-12-12
4912,TXN_1950777,Salad,5.0,5.0,25.0,Cash,Takeaway,2023-08-26
4913,TXN_4605239,Coffee,1.0,2.0,2.0,Credit Card,,2023-08-06
4916,TXN_1580822,Juice,5.0,3.0,15.0,Credit Card,,
4917,TXN_5060289,Tea,5.0,1.5,7.5,Credit Card,UNKNOWN,
4918,TXN_7874772,Tea,1.0,1.5,1.5,Credit Card,Takeaway,2023-04-26
4919,TXN_2625464,Smoothie,3.0,4.0,12.0,Credit Card,In-store,2023-10-06
4920,TXN_9338442,Cake,1.0,3.0,3.0,Digital Wallet,In-store,2023-12-29
4921,TXN_2953908,Coffee,5.0,2.0,10.0,Credit Card,In-store,2023-10-11
4922,TXN_2576936,Cake,3.0,3.0,9.0,Cash,,2023-10-14
4925,TXN_8069514,Smoothie,4.0,4.0,16.0,Credit Card,,
4926,TXN_6410244,Tea,4.0,1.5,6.0,Credit Card,Takeaway,2023-01-06
4928,TXN_3106348,Salad,4.0,5.0,20.0,Digital Wallet,In-store,2023-01-10
4929,TXN_6216278,Coffee,4.0,2.0,8.0,Credit Card,In-store,2023-11-06
4930,TXN_9947324,Sandwich,2.0,4.0,8.0,Digital Wallet,Takeaway,2023-08-22
4931,TXN_9531434,Cookie,1.0,1.0,1.0,Credit Card,Takeaway,2023-10-09
4932,TXN_4104718,Cookie,2.0,1.0,2.0,Cash,,2023-11-08
4933,TXN_5789560,Juice,2.0,3.0,6.0,Cash,Takeaway,2023-02-13
4936,TXN_7733300,Smoothie,2.0,4.0,8.0,Cash,Takeaway,2023-12-10
4938,TXN_3551665,Juice,4.0,3.0,12.0,Credit Card,In-store,2023-04-06
4942,TXN_2525207,Cookie,2.0,1.0,2.0,Digital Wallet,,2023-11-25
4943,TXN_7354480,Cake,2.0,3.0,6.0,Cash,,2023-01-17
4944,TXN_6819128,Salad,1.0,5.0,5.0,Cash,,2023-10-19
4945,TXN_5023419,Cookie,3.0,1.0,3.0,Digital Wallet,Takeaway,2023-02-26
4948,TXN_9951411,Coffee,1.0,2.0,2.0,Cash,In-store,2023-08-09
4949,TXN_6755795,Smoothie,5.0,4.0,20.0,Cash,UNKNOWN,2023-02-22
4954,TXN_8482647,Sandwich,5.0,4.0,20.0,Credit Card,,2023-01-08
4956,TXN_3520910,Salad,1.0,5.0,5.0,Credit Card,Takeaway,2023-05-06
4957,TXN_8589003,Tea,4.0,1.5,6.0,Cash,UNKNOWN,2023-08-25
4958,TXN_3219263,Smoothie,5.0,4.0,20.0,UNKNOWN,Takeaway,2023-03-31
4959,TXN_9619442,Cake,4.0,3.0,12.0,Digital Wallet,In-store,2023-05-23
4962,TXN_6746916,Coffee,1.0,2.0,2.0,Cash,Takeaway,2023-11-15
4964,TXN_8407982,Salad,2.0,5.0,10.0,Digital Wallet,Takeaway,2023-09-17
4965,TXN_3484276,Cookie,5.0,1.0,5.0,Digital Wallet,Takeaway,2023-06-14
4967,TXN_4105487,Sandwich,4.0,4.0,16.0,Digital Wallet,In-store,2023-04-13
4969,TXN_3669990,Tea,2.0,1.5,3.0,Cash,Takeaway,2023-01-27
4971,TXN_8091357,Coffee,1.0,2.0,2.0,Cash,UNKNOWN,2023-12-28
4972,TXN_9555958,Smoothie,4.0,4.0,16.0,Digital Wallet,Takeaway,2023-09-30
4973,TXN_4194085,Salad,1.0,5.0,5.0,Credit Card,,2023-05-25
4974,TXN_7780748,Cookie,3.0,1.0,3.0,Credit Card,In-store,2023-01-19
4976,TXN_7780786,Cake,1.0,3.0,3.0,Credit Card,,2023-10-30
4977,TXN_1048284,Salad,2.0,5.0,10.0,Cash,In-store,2023-08-19
4979,TXN_3120848,Cookie,1.0,1.0,1.0,Cash,In-store,2023-11-01
4981,TXN_3315467,Sandwich,2.0,4.0,8.0,Digital Wallet,Takeaway,2023-11-17
4982,TXN_9363990,Cake,3.0,3.0,9.0,Credit Card,UNKNOWN,2023-01-17
4984,TXN_1504466,Coffee,1.0,2.0,2.0,Cash,,2023-11-07
4986,TXN_7603895,Smoothie,5.0,4.0,20.0,Credit Card,In-store,
4987,TXN_1477525,Salad,3.0,5.0,15.0,Cash,Takeaway,2023-11-06
4988,TXN_9063624,Coffee,1.0,2.0,2.0,Credit Card,UNKNOWN,2023-04-21
4989,TXN_1595139,Smoothie,5.0,4.0,20.0,Cash,,2023-08-24
4991,TXN_8548232,Sandwich,4.0,4.0,16.0,Digital Wallet,In-store,2023-06-21
4992,TXN_6074414,Salad,2.0,5.0,10.0,Credit Card,ERROR,2023-11-13
4996,TXN_8867957,Sandwich,1.0,4.0,4.0,Digital Wallet,,2023-01-04
4997,TXN_3241422,Salad,2.0,5.0,10.0,Cash,Takeaway,2023-07-17
5000,TXN_2756336,Smoothie,3.0,4.0,12.0,Credit Card,Takeaway,2023-07-07
5003,TXN_9699116,Cookie,2.0,1.0,2.0,Digital Wallet,In-store,
5007,TXN_1015883,Cookie,4.0,1.0,4.0,Cash,In-store,2023-10-16
5008,TXN_8838566,Cake,5.0,3.0,15.0,Digital Wallet,In-store,2023-07-25
5012,TXN_7670699,Juice,1.0,3.0,3.0,Cash,In-store,2023-12-24
5015,TXN_2053631,Salad,1.0,5.0,5.0,Credit Card,,2023-03-21
5016,TXN_3632064,Cookie,5.0,1.0,5.0,Cash,,2023-02-12
5017,TXN_4254587,Smoothie,1.0,4.0,4.0,Digital Wallet,,2023-05-27
5020,TXN_7989903,Juice,2.0,3.0,6.0,Cash,,2023-06-19
5021,TXN_7423885,Juice,4.0,3.0,12.0,Digital Wallet,Takeaway,2023-09-06
5022,TXN_1495371,Sandwich,2.0,4.0,8.0,Credit Card,Takeaway,2023-07-21
5026,TXN_3841683,Sandwich,1.0,4.0,4.0,UNKNOWN,In-store,2023-06-20
5027,TXN_9100530,Sandwich,3.0,4.0,12.0,Digital Wallet,,2023-05-21
5028,TXN_3112013,Sandwich,5.0,4.0,20.0,Cash,In-store,2023-01-06
5029,TXN_7786787,Tea,1.0,1.5,1.5,Credit Card,Takeaway,2023-07-08
5034,TXN_8566683,Smoothie,4.0,4.0,16.0,Cash,Takeaway,2023-08-09
5035,TXN_2784588,Juice,2.0,3.0,6.0,Cash,Takeaway,2023-03-26
5037,TXN_9999124,Juice,2.0,3.0,6.0,Digital Wallet,Takeaway,
5043,TXN_6024139,Juice,4.0,3.0,12.0,Digital Wallet,UNKNOWN,2023-08-15
5044,TXN_9841397,Coffee,4.0,2.0,8.0,Cash,In-store,2023-12-28
5046,TXN_6093331,Smoothie,2.0,4.0,8.0,Credit Card,,2023-06-24
5049,TXN_8933679,Salad,3.0,5.0,15.0,Digital Wallet,In-store,2023-09-24
5050,TXN_3528653,Cake,1.0,3.0,3.0,UNKNOWN,,2023-02-26
5052,TXN_7186675,Cookie,4.0,1.0,4.0,Cash,,2023-11-09
5054,TXN_8578861,Salad,5.0,5.0,25.0,Digital Wallet,In-store,2023-05-16
5057,TXN_4807037,Salad,5.0,5.0,25.0,Cash,In-store,2023-12-08
5058,TXN_3975938,Sandwich,3.0,4.0,12.0,Credit Card,,2023-09-04
5059,TXN_3312653,Cookie,5.0,1.0,5.0,Cash,Takeaway,2023-12-09
5060,TXN_1405498,Juice,2.0,3.0,6.0,UNKNOWN,Takeaway,2023-12-31
5061,TXN_6571288,Sandwich,2.0,4.0,8.0,Credit Card,,2023-10-23
5063,TXN_2905234,Cookie,1.0,1.0,1.0,Credit Card,,2023-09-24
5067,TXN_7854306,Sandwich,1.0,4.0,4.0,Cash,In-store,2023-09-17
5069,TXN_3072565,Juice,3.0,3.0,9.0,Credit Card,,2023-07-09
5071,TXN_9924421,Cake,5.0,3.0,15.0,Credit Card,,
5072,TXN_8374101,Salad,5.0,5.0,25.0,Credit Card,,2023-08-16
5073,TXN_5814878,Smoothie,2.0,4.0,8.0,Digital Wallet,,2023-04-02
5074,TXN_2398895,Juice,5.0,3.0,15.0,Digital Wallet,In-store,2023-04-04
5075,TXN_1205020,Tea,5.0,1.5,7.5,Cash,,2023-10-03
5076,TXN_4620459,Sandwich,5.0,4.0,20.0,Cash,ERROR,
5079,TXN_8116676,Cake,2.0,3.0,6.0,Digital Wallet,,2023-09-16
5081,TXN_3172090,Juice,1.0,3.0,3.0,Credit Card,,2023-05-09
5082,TXN_5193568,Juice,3.0,3.0,9.0,Cash,,2023-12-10
5084,TXN_8724711,Salad,3.0,5.0,15.0,Cash,In-store,2023-02-07
5086,TXN_5899361,Cake,1.0,3.0,3.0,Credit Card,,2023-08-08
5087,TXN_8261380,Cake,3.0,3.0,9.0,Cash,In-store,2023-10-01
5090,TXN_4799873,Cookie,3.0,1.0,3.0,Digital Wallet,In-store,2023-03-04
5092,TXN_3014261,Salad,4.0,5.0,20.0,Cash,In-store,2023-11-29
5094,TXN_1093668,Coffee,2.0,2.0,4.0,Digital Wallet,ERROR,2023-05-18
5097,TXN_1758689,Smoothie,3.0,4.0,12.0,Cash,ERROR,2023-02-17
5098,TXN_4312977,Juice,1.0,3.0,3.0,Digital Wallet,In-store,2023-03-15
5101,TXN_7176851,Tea,4.0,1.5,6.0,Credit Card,Takeaway,2023-11-20
5103,TXN_6632882,Smoothie,1.0,4.0,4.0,Digital Wallet,In-store,2023-04-30
5104,TXN_7775016,Sandwich,5.0,4.0,20.0,Cash,In-store,2023-09-27
5107,TXN_3670041,Smoothie,3.0,4.0,12.0,Digital Wallet,,2023-03-22
5108,TXN_5124080,Cookie,1.0,1.0,1.0,Credit Card,In-store,2023-01-14
5110,TXN_3953316,Cookie,2.0,1.0,2.0,Digital Wallet,,2023-06-06
5112,TXN_7089316,Tea,2.0,1.5,3.0,Cash,In-store,2023-11-27
5115,TXN_6850528,Cookie,3.0,1.0,3.0,Cash,In-store,2023-10-13
5116,TXN_6900182,Smoothie,3.0,4.0,12.0,Cash,In-store,2023-09-10
5117,TXN_2643748,Salad,3.0,5.0,15.0,Cash,,2023-11-28
5118,TXN_4858908,Cake,2.0,3.0,6.0,Cash,In-store,2023-02-11
5121,TXN_3489721,Coffee,3.0,2.0,6.0,Cash,,2023-09-27
5123,TXN_5223702,Smoothie,4.0,4.0,16.0,Credit Card,,2023-06-23
5124,TXN_2788676,Cookie,2.0,1.0,2.0,Digital Wallet,,2023-11-05
5126,TXN_5172164,Tea,3.0,1.5,4.5,Digital Wallet,In-store,2023-09-13
5127,TXN_2818867,Salad,3.0,5.0,15.0,Cash,,2023-01-11
5128,TXN_1303984,Salad,4.0,5.0,20.0,Digital Wallet,,2023-07-24
5129,TXN_3373078,Smoothie,4.0,4.0,16.0,Digital Wallet,In-store,2023-12-01
5134,TXN_7701878,Smoothie,4.0,4.0,16.0,Credit Card,In-store,2023-08-11
5137,TXN_4755934,Tea,2.0,1.5,3.0,Cash,,2023-12-29
5138,TXN_2931198,Cake,2.0,3.0,6.0,Credit Card,In-store,2023-04-21
5139,TXN_7426387,Smoothie,5.0,4.0,20.0,Cash,,2023-10-30
5141,TXN_6980463,Salad,1.0,5.0,5.0,Digital Wallet,In-store,2023-09-03
5143,TXN_4310629,Cake,3.0,3.0,9.0,Credit Card,Takeaway,2023-10-02
5144,TXN_4650611,Coffee,1.0,2.0,2.0,Credit Card,,2023-10-14
5145,TXN_7952232,Tea,4.0,1.5,6.0,Cash,,2023-03-31
5148,TXN_3781198,Cake,3.0,3.0,9.0,Digital Wallet,In-store,2023-11-04
5151,TXN_8851113,Tea,3.0,1.5,4.5,Digital Wallet,,2023-12-23
5152,TXN_9131136,Juice,2.0,3.0,6.0,Credit Card,UNKNOWN,2023-03-20
5153,TXN_8872160,Salad,5.0,5.0,25.0,Digital Wallet,,
5154,TXN_1449065,Salad,2.0,5.0,10.0,Cash,,2023-10-03
5155,TXN_1230311,Juice,3.0,3.0,9.0,Digital Wallet,UNKNOWN,2023-08-14
5157,TXN_2647425,Juice,4.0,3.0,12.0,Credit Card,ERROR,2023-07-30
5158,TXN_5525916,Coffee,2.0,2.0,4.0,Cash,Takeaway,2023-03-02
5159,TXN_4297979,Coffee,1.0,2.0,2.0,Digital Wallet,In-store,2023-08-14
5160,TXN_1686323,Smoothie,4.0,4.0,16.0,Digital Wallet,In-store,2023-11-30
5161,TXN_5373154,Cake,3.0,3.0,9.0,Digital Wallet,,2023-04-06
5162,TXN_6225571,Smoothie,2.0,4.0,8.0,Credit Card,Takeaway,2023-09-13
5164,TXN_3033598,Sandwich,5.0,4.0,20.0,Cash,Takeaway,2023-03-12
5166,TXN_8117583,Salad,1.0,5.0,5.0,Cash,In-store,2023-02-25
5168,TXN_2118759,Coffee,2.0,2.0,4.0,Digital Wallet,,2023-08-07
5169,TXN_7603948,Cake,3.0,3.0,9.0,Credit Card,,2023-01-28
5170,TXN_5519424,Tea,2.0,1.5,3.0,Digital Wallet,,2023-09-23
5171,TXN_3483911,Salad,1.0,5.0,5.0,Digital Wallet,Takeaway,2023-07-10
5174,TXN_5120215,Coffee,2.0,2.0,4.0,Digital Wallet,,2023-10-29
5175,TXN_4417257,Salad,5.0,5.0,25.0,Digital Wallet,Takeaway,2023-05-06
5176,TXN_2871592,Cookie,4.0,1.0,4.0,Cash,In-store,2023-08-07
5177,TXN_8283199,Juice,3.0,3.0,9.0,Digital Wallet,Takeaway,2023-01-23
5178,TXN_1571874,Cake,1.0,3.0,3.0,Digital Wallet,ERROR,2023-07-10
5180,TXN_6534833,Salad,4.0,5.0,20.0,Digital Wallet,In-store,2023-12-14
5182,TXN_7029944,Cookie,2.0,1.0,2.0,Cash,Takeaway,2023-04-17
5184,TXN_9791421,Sandwich,1.0,4.0,4.0,Cash,Takeaway,2023-07-15
5187,TXN_7359566,Coffee,1.0,2.0,2.0,Cash,In-store,2023-04-06
5188,TXN_4813580,Sandwich,3.0,4.0,12.0,Digital Wallet,Takeaway,2023-04-15
5190,TXN_4583957,Cookie,2.0,1.0,2.0,Credit Card,Takeaway,2023-10-08
5191,TXN_8187222,Coffee,4.0,2.0,8.0,Credit Card,,2023-03-08
5196,TXN_5083311,Sandwich,4.0,4.0,16.0,Digital Wallet,,2023-04-30
5198,TXN_8847610,Juice,3.0,3.0,9.0,Digital Wallet,Takeaway,2023-12-06
5199,TXN_9817102,Coffee,3.0,2.0,6.0,Credit Card,In-store,2023-02-22
5200,TXN_5566774,Tea,3.0,1.5,4.5,UNKNOWN,In-store,2023-03-29
5203,TXN_5811955,Salad,2.0,5.0,10.0,Credit Card,Takeaway,2023-06-29
5204,TXN_3737378,Smoothie,1.0,4.0,4.0,Cash,,
5205,TXN_5406762,Salad,4.0,5.0,20.0,Credit Card,ERROR,2023-09-12
5206,TXN_3039985,Cookie,5.0,1.0,5.0,Digital Wallet,In-store,2023-04-08
5207,TXN_1424056,Smoothie,1.0,4.0,4.0,Cash,,2023-07-31
5208,TXN_1193221,Tea,3.0,1.5,4.5,Credit Card,In-store,2023-10-21
5209,TXN_8610501,Sandwich,5.0,4.0,20.0,Cash,UNKNOWN,2023-09-29
5211,TXN_3694901,Cookie,2.0,1.0,2.0,UNKNOWN,In-store,2023-08-16
5217,TXN_6699408,Cookie,5.0,1.0,5.0,Cash,Takeaway,2023-12-22
5218,TXN_6400351,Juice,2.0,3.0,6.0,Digital Wallet,Takeaway,2023-08-11
5222,TXN_8875043,Salad,4.0,5.0,20.0,Digital Wallet,,2023-02-21
5224,TXN_2653400,Smoothie,1.0,4.0,4.0,Cash,,
5225,TXN_7343062,Sandwich,5.0,4.0,20.0,Digital Wallet,In-store,2023-08-11
5226,TXN_2535099,Sandwich,5.0,4.0,20.0,Credit Card,In-store,2023-02-10
5227,TXN_2951148,Sandwich,4.0,4.0,16.0,Cash,In-store,2023-02-21
5228,TXN_1294101,Tea,5.0,1.5,7.5,Digital Wallet,Takeaway,2023-03-31
5231,TXN_4336247,Coffee,5.0,2.0,10.0,Digital Wallet,Takeaway,2023-03-03
5233,TXN_1356599,Cookie,2.0,1.0,2.0,Cash,Takeaway,2023-12-14
5234,TXN_4568452,Cookie,3.0,1.0,3.0,Digital Wallet,In-store,2023-01-14
5235,TXN_5036856,Coffee,5.0,2.0,10.0,Cash,In-store,2023-03-27
5236,TXN_6927392,Salad,3.0,5.0,15.0,Digital Wallet,In-store,
5238,TXN_1345440,Salad,5.0,5.0,25.0,Cash,,2023-06-20
5239,TXN_8043218,Salad,2.0,5.0,10.0,Cash,In-store,2023-10-23
5240,TXN_4026277,Tea,3.0,1.5,4.5,Digital Wallet,In-store,2023-08-27
5242,TXN_6196052,Smoothie,5.0,4.0,20.0,Cash,Takeaway,2023-04-07
5246,TXN_9918597,Smoothie,4.0,4.0,16.0,Digital Wallet,In-store,2023-10-17
5247,TXN_3460926,Juice,3.0,3.0,9.0,Digital Wallet,Takeaway,2023-03-25
5248,TXN_2671272,Smoothie,1.0,4.0,4.0,Digital Wallet,,2023-02-13
5249,TXN_8437157,Smoothie,4.0,4.0,16.0,Credit Card,,2023-02-09
5251,TXN_7309365,Cake,2.0,3.0,6.0,Cash,,2023-08-31
5253,TXN_8872997,Sandwich,4.0,4.0,16.0,Credit Card,In-store,2023-01-31
5254,TXN_8425085,Juice,1.0,3.0,3.0,Credit Card,,2023-12-23
5257,TXN_4806003,Cookie,5.0,1.0,5.0,Credit Card,,2023-08-06
5258,TXN_9089797,Coffee,1.0,2.0,2.0,Credit Card,Takeaway,2023-09-19
5261,TXN_6483589,Juice,3.0,3.0,9.0,Digital Wallet,,2023-10-13
5264,TXN_3024493,Smoothie,1.0,4.0,4.0,Credit Card,In-store,
5265,TXN_2078232,Tea,1.0,1.5,1.5,UNKNOWN,,2023-06-11
5266,TXN_7551689,Cookie,5.0,1.0,5.0,Cash,,2023-09-16
5267,TXN_8408103,Sandwich,5.0,4.0,20.0,UNKNOWN,Takeaway,2023-06-01
5270,TXN_8688565,Smoothie,5.0,4.0,20.0,Digital Wallet,ERROR,2023-05-23
5271,TXN_3067195,Salad,3.0,5.0,15.0,Cash,,2023-12-03
5273,TXN_8978004,Coffee,2.0,2.0,4.0,Digital Wallet,In-store,2023-04-01
5274,TXN_9679889,Sandwich,3.0,4.0,12.0,Credit Card,In-store,2023-06-18
5277,TXN_1712662,Juice,2.0,3.0,6.0,Cash,UNKNOWN,2023-05-31
5278,TXN_4077799,Cake,4.0,3.0,12.0,Digital Wallet,Takeaway,2023-08-12
5281,TXN_2084080,Cookie,4.0,1.0,4.0,Digital Wallet,Takeaway,2023-09-22
5282,TXN_2740398,Cookie,4.0,1.0,4.0,Digital Wallet,In-store,
5283,TXN_8046057,Coffee,1.0,2.0,2.0,Credit Card,In-store,2023-11-24
5285,TXN_6995665,Tea,2.0,1.5,3.0,UNKNOWN,,
5286,TXN_3752448,Cake,5.0,3.0,15.0,Digital Wallet,Takeaway,2023-05-16
5289,TXN_3847405,Sandwich,1.0,4.0,4.0,Digital Wallet,Takeaway,2023-06-15
5290,TXN_5103644,Cake,4.0,3.0,12.0,Credit Card,Takeaway,2023-04-17
5296,TXN_8925566,Tea,2.0,1.5,3.0,Digital Wallet,In-store,2023-08-07
5297,TXN_1679800,Smoothie,4.0,4.0,16.0,Cash,In-store,2023-10-17
5298,TXN_3785678,Tea,1.0,1.5,1.5,Credit Card,Takeaway,2023-03-13
5299,TXN_1056256,Cake,4.0,3.0,12.0,UNKNOWN,In-store,2023-12-04
5301,TXN_2289122,Smoothie,4.0,4.0,16.0,Cash,In-store,2023-08-20
5302,TXN_2988434,Juice,1.0,3.0,3.0,Digital Wallet,In-store,2023-12-09
5304,TXN_7327362,Coffee,5.0,2.0,10.0,Credit Card,In-store,2023-06-29
5305,TXN_5628251,Cake,4.0,3.0,12.0,Credit Card,,2023-11-14
5308,TXN_7597276,Smoothie,4.0,4.0,16.0,Digital Wallet,,2023-05-01
5310,TXN_6000890,Coffee,3.0,2.0,6.0,Digital Wallet,In-store,2023-01-06
5311,TXN_8917565,Coffee,1.0,2.0,2.0,Cash,ERROR,2023-11-19
5315,TXN_7420434,Coffee,4.0,2.0,8.0,Credit Card,Takeaway,2023-07-16
5318,TXN_1556046,Sandwich,4.0,4.0,16.0,Credit Card,Takeaway,2023-04-09
5319,TXN_7129511,Coffee,5.0,2.0,10.0,Cash,Takeaway,2023-10-29
5320,TXN_6324434,Coffee,4.0,2.0,8.0,Cash,Takeaway,2023-12-04
5321,TXN_2380352,Tea,3.0,1.5,4.5,Digital Wallet,,2023-11-03
5322,TXN_6455325,Juice,4.0,3.0,12.0,Credit Card,In-store,2023-01-05
5323,TXN_6682253,Tea,5.0,1.5,7.5,Cash,In-store,2023-02-17
5325,TXN_7819240,Smoothie,5.0,4.0,20.0,Cash,In-store,2023-03-06
5326,TXN_4451380,Cookie,3.0,1.0,3.0,Digital Wallet,In-store,2023-07-10
5328,TXN_2606750,Tea,3.0,1.5,4.5,Cash,ERROR,2023-06-20
5330,TXN_2705302,Salad,2.0,5.0,10.0,Credit Card,,2023-01-18
5331,TXN_3706167,Sandwich,5.0,4.0,20.0,Digital Wallet,Takeaway,2023-10-02
5332,TXN_7414587,Tea,3.0,1.5,4.5,Cash,Takeaway,2023-03-22
5334,TXN_6132245,Salad,2.0,5.0,10.0,Digital Wallet,,2023-06-01
5338,TXN_4315166,Sandwich,2.0,4.0,8.0,Digital Wallet,Takeaway,2023-06-10
5341,TXN_2503128,Cake,1.0,3.0,3.0,Cash,In-store,2023-01-12
5343,TXN_2371763,Sandwich,4.0,4.0,16.0,Cash,,2023-05-17
5344,TXN_5726114,Smoothie,3.0,4.0,12.0,Digital Wallet,Takeaway,2023-07-14
5345,TXN_1079844,Salad,2.0,5.0,10.0,Digital Wallet,,2023-10-27
5346,TXN_8726097,Tea,1.0,1.5,1.5,Digital Wallet,Takeaway,
5347,TXN_1633337,Salad,5.0,5.0,25.0,Credit Card,,2023-06-29
5349,TXN_7480940,Coffee,2.0,2.0,4.0,Cash,In-store,2023-01-25
5351,TXN_7445500,Salad,4.0,5.0,20.0,Cash,In-store,
5352,TXN_5036614,Smoothie,4.0,4.0,16.0,Digital Wallet,In-store,2023-10-10
5353,TXN_9731164,Salad,1.0,5.0,5.0,Cash,,2023-12-07
5354,TXN_1417291,Juice,4.0,3.0,12.0,Digital Wallet,In-store,2023-05-11
5357,TXN_6055570,Tea,3.0,1.5,4.5,Cash,,2023-02-06
5358,TXN_1231531,Coffee,5.0,2.0,10.0,Digital Wallet,In-store,2023-07-24
5361,TXN_8754977,Sandwich,3.0,4.0,12.0,Digital Wallet,In-store,2023-10-24
5362,TXN_2052060,Sandwich,3.0,4.0,12.0,Cash,Takeaway,2023-11-07
5364,TXN_3534536,Coffee,1.0,2.0,2.0,Credit Card,,2023-02-02
5370,TXN_1171080,Sandwich,3.0,4.0,12.0,Credit Card,,2023-07-29
5373,TXN_6395070,Smoothie,4.0,4.0,16.0,Credit Card,,2023-12-10
5374,TXN_9576454,Juice,1.0,3.0,3.0,Credit Card,In-store,2023-09-23
5375,TXN_7907259,Cake,1.0,3.0,3.0,Digital Wallet,Takeaway,2023-10-19
5378,TXN_6021173,Juice,5.0,3.0,15.0,Cash,Takeaway,2023-12-16
5379,TXN_6272473,Coffee,4.0,2.0,8.0,Cash,Takeaway,2023-03-06
5380,TXN_5243032,Cookie,1.0,1.0,1.0,Cash,Takeaway,2023-08-24
5381,TXN_5863411,Cookie,3.0,1.0,3.0,Digital Wallet,In-store,2023-09-21
5383,TXN_7680197,Cookie,5.0,1.0,5.0,Cash,Takeaway,2023-09-23
5384,TXN_8773639,Coffee,3.0,2.0,6.0,Digital Wallet,Takeaway,2023-02-20
5385,TXN_5960979,Coffee,5.0,2.0,10.0,Digital Wallet,In-store,2023-05-03
5386,TXN_7894534,Tea,3.0,1.5,4.5,Credit Card,In-store,2023-03-16
5390,TXN_1124311,Cookie,1.0,1.0,1.0,Cash,,2023-05-05
5392,TXN_5720183,Cookie,5.0,1.0,5.0,Credit Card,Takeaway,2023-05-30
5393,TXN_6382322,Tea,3.0,1.5,4.5,Digital Wallet,In-store,2023-12-14
5395,TXN_1674042,Coffee,5.0,2.0,10.0,Digital Wallet,,2023-09-19
5396,TXN_8398809,Tea,2.0,1.5,3.0,UNKNOWN,Takeaway,2023-11-25
5397,TXN_7728415,Tea,5.0,1.5,7.5,Credit Card,In-store,2023-12-28
5398,TXN_5285171,Sandwich,5.0,4.0,20.0,Cash,Takeaway,2023-12-11
5399,TXN_2527007,Smoothie,1.0,4.0,4.0,Digital Wallet,,2023-10-22
5401,TXN_2999220,Smoothie,4.0,4.0,16.0,Digital Wallet,Takeaway,2023-02-23
5403,TXN_6680963,Sandwich,2.0,4.0,8.0,Credit Card,Takeaway,2023-08-01
5404,TXN_2308317,Coffee,2.0,2.0,4.0,Digital Wallet,Takeaway,2023-11-13
5405,TXN_8811902,Tea,5.0,1.5,7.5,Credit Card,,2023-08-07
5408,TXN_2276722,Salad,2.0,5.0,10.0,Cash,Takeaway,2023-12-21
5409,TXN_2519044,Salad,5.0,5.0,25.0,Digital Wallet,Takeaway,2023-05-20
5410,TXN_2851147,Salad,2.0,5.0,10.0,Digital Wallet,In-store,2023-06-24
5411,TXN_3349404,Coffee,3.0,2.0,6.0,Digital Wallet,UNKNOWN,2023-01-31
5412,TXN_7939011,Juice,5.0,3.0,15.0,UNKNOWN,In-store,2023-04-07
5413,TXN_3877580,Salad,2.0,5.0,10.0,Digital Wallet,ERROR,2023-05-30
5414,TXN_5220523,Juice,3.0,3.0,9.0,Cash,Takeaway,2023-01-30
5415,TXN_5934526,Coffee,5.0,2.0,10.0,Credit Card,In-store,2023-05-27
5416,TXN_8935939,Tea,3.0,1.5,4.5,Digital Wallet,Takeaway,2023-03-27
5417,TXN_3586935,Salad,5.0,5.0,25.0,Cash,,2023-05-21
5418,TXN_1781777,Salad,3.0,5.0,15.0,Credit Card,Takeaway,2023-10-26
5420,TXN_1707251,Sandwich,2.0,4.0,8.0,Digital Wallet,Takeaway,2023-10-06
5422,TXN_2446874,Juice,4.0,3.0,12.0,Credit Card,,2023-07-22
5423,TXN_5747859,Cake,1.0,3.0,3.0,Credit Card,Takeaway,2023-03-13
5424,TXN_8172333,Cookie,4.0,1.0,4.0,Credit Card,,2023-12-25
5427,TXN_3884527,Sandwich,1.0,4.0,4.0,Digital Wallet,In-store,2023-06-06
5428,TXN_9072517,Smoothie,2.0,4.0,8.0,Credit Card,Takeaway,2023-01-09
5429,TXN_4378200,Tea,5.0,1.5,7.5,Credit Card,In-store,2023-09-04
5430,TXN_3918998,Coffee,5.0,2.0,10.0,Digital Wallet,Takeaway,2023-12-18
5432,TXN_3875049,Tea,2.0,1.5,3.0,Digital Wallet,Takeaway,2023-09-15
5433,TXN_5400266,Tea,3.0,1.5,4.5,Digital Wallet,Takeaway,2023-06-14
5434,TXN_2402978,Cookie,3.0,1.0,3.0,Credit Card,In-store,2023-01-21
5436,TXN_1148874,Cookie,1.0,1.0,1.0,Credit Card,In-store,2023-09-18
5437,TXN_1888708,Sandwich,4.0,4.0,16.0,Cash,,2023-08-17
5439,TXN_2761204,Cake,3.0,3.0,9.0,Cash,,2023-07-14
5443,TXN_7714378,Smoothie,2.0,4.0,8.0,Cash,,2023-08-10
5445,TXN_6718205,Smoothie,2.0,4.0,8.0,Digital Wallet,Takeaway,2023-06-30
5446,TXN_8878429,Cake,5.0,3.0,15.0,Digital Wallet,In-store,
5447,TXN_6899576,Salad,2.0,5.0,10.0,Digital Wallet,Takeaway,2023-10-26
5449,TXN_6929413,Tea,1.0,1.5,1.5,Digital Wallet,,2023-10-13
5453,TXN_1072232,Sandwich,1.0,4.0,4.0,Digital Wallet,In-store,2023-01-07
5455,TXN_7139053,Salad,4.0,5.0,20.0,Digital Wallet,Takeaway,2023-09-12
5457,TXN_3622194,Cake,1.0,3.0,3.0,Digital Wallet,,2023-06-26
5459,TXN_4385240,Cookie,4.0,1.0,4.0,Cash,Takeaway,2023-02-10
5461,TXN_5697778,Cake,3.0,3.0,9.0,Cash,,2023-03-08
5462,TXN_1749299,Smoothie,2.0,4.0,8.0,UNKNOWN,,2023-10-28
5466,TXN_5090839,Sandwich,5.0,4.0,20.0,Cash,,2023-03-06
5467,TXN_5743619,Salad,5.0,5.0,25.0,Digital Wallet,Takeaway,2023-11-07
5468,TXN_8785432,Cookie,2.0,1.0,2.0,Cash,,2023-08-14
5472,TXN_8211146,Sandwich,5.0,4.0,20.0,Digital Wallet,Takeaway,2023-04-30
5473,TXN_5826333,Cookie,1.0,1.0,1.0,Cash,,2023-05-14
5475,TXN_4611673,Smoothie,5.0,4.0,20.0,Digital Wallet,,2023-03-05
5479,TXN_9943917,Sandwich,3.0,4.0,12.0,Credit Card,In-store,2023-01-16
5481,TXN_5852244,Cake,2.0,3.0,6.0,Credit Card,Takeaway,2023-10-15
5482,TXN_9874775,Tea,1.0,1.5,1.5,Cash,,2023-09-02
5483,TXN_2586215,Juice,2.0,3.0,6.0,Digital Wallet,,2023-03-23
5485,TXN_5444860,Tea,2.0,1.5,3.0,Digital Wallet,,2023-04-28
5487,TXN_3557583,Smoothie,5.0,4.0,20.0,Credit Card,ERROR,2023-07-26
5491,TXN_3995266,Sandwich,1.0,4.0,4.0,Credit Card,In-store,2023-04-21
5492,TXN_7326974,Cake,4.0,3.0,12.0,Credit Card,,2023-12-31
5494,TXN_8075323,Sandwich,1.0,4.0,4.0,Digital Wallet,,2023-04-18
5497,TXN_1456374,Cookie,5.0,1.0,5.0,Cash,,2023-02-15
5498,TXN_3263746,Coffee,1.0,2.0,2.0,Cash,Takeaway,2023-11-14
5503,TXN_7430227,Cake,3.0,3.0,9.0,Cash,In-store,2023-07-24
5505,TXN_8807199,Salad,5.0,5.0,25.0,Credit Card,,2023-05-30
5506,TXN_8700466,Coffee,4.0,2.0,8.0,Digital Wallet,In-store,2023-04-29
5507,TXN_2190325,Sandwich,4.0,4.0,16.0,Credit Card,In-store,2023-03-10
5508,TXN_4150495,Cookie,2.0,1.0,2.0,Cash,,2023-04-12
5509,TXN_3794410,Cake,4.0,3.0,12.0,Credit Card,,2023-12-06
5510,TXN_5677869,Juice,5.0,3.0,15.0,Cash,In-store,2023-11-19
5511,TXN_3436462,Salad,2.0,5.0,10.0,Credit Card,In-store,2023-06-29
5513,TXN_7388752,Salad,1.0,5.0,5.0,Credit Card,Takeaway,2023-08-28
5514,TXN_9448209,Sandwich,3.0,4.0,12.0,Cash,In-store,
5516,TXN_9720012,Smoothie,5.0,4.0,20.0,Cash,In-store,2023-09-25
5520,TXN_7605154,Juice,5.0,3.0,15.0,Cash,In-store,2023-09-09
5521,TXN_2684400,Coffee,3.0,2.0,6.0,UNKNOWN,In-store,2023-03-30
5522,TXN_4702378,Cake,2.0,3.0,6.0,Cash,UNKNOWN,2023-08-28
5523,TXN_6312755,Sandwich,2.0,4.0,8.0,Credit Card,,2023-02-11
5527,TXN_4325648,Juice,3.0,3.0,9.0,Digital Wallet,Takeaway,2023-05-04
5528,TXN_7151374,Tea,4.0,1.5,6.0,Credit Card,In-store,2023-07-30
5530,TXN_6496506,Juice,1.0,3.0,3.0,Digital Wallet,In-store,2023-01-11
5532,TXN_4823513,Cookie,5.0,1.0,5.0,Cash,Takeaway,2023-07-02
5534,TXN_3222677,Sandwich,1.0,4.0,4.0,Digital Wallet,Takeaway,2023-12-16
5535,TXN_9942517,Coffee,4.0,2.0,8.0,Digital Wallet,In-store,2023-04-29
5536,TXN_8735418,Coffee,5.0,2.0,10.0,Digital Wallet,Takeaway,2023-03-03
5538,TXN_6347670,Tea,2.0,1.5,3.0,Digital Wallet,In-store,2023-06-24
5540,TXN_9632482,Cake,2.0,3.0,6.0,Credit Card,,2023-08-27
5543,TXN_5148730,Cake,1.0,3.0,3.0,Cash,UNKNOWN,2023-12-12
5544,TXN_8848847,Cookie,3.0,1.0,3.0,Cash,Takeaway,2023-08-15
5546,TXN_2328896,Smoothie,4.0,4.0,16.0,Cash,,2023-10-20
5547,TXN_6361856,Cookie,5.0,1.0,5.0,UNKNOWN,,2023-05-11
5548,TXN_5942011,Tea,1.0,1.5,1.5,Cash,,2023-10-08
5549,TXN_7137364,Salad,5.0,5.0,25.0,Cash,UNKNOWN,2023-08-09
5552,TXN_8176812,Sandwich,5.0,4.0,20.0,Digital Wallet,,2023-06-21
5554,TXN_4413776,Coffee,5.0,2.0,10.0,Cash,Takeaway,2023-07-21
5555,TXN_1811953,Cookie,2.0,1.0,2.0,UNKNOWN,,2023-06-26
5556,TXN_9382596,Smoothie,5.0,4.0,20.0,Credit Card,Takeaway,2023-11-18
5557,TXN_9480564,Cookie,4.0,1.0,4.0,Cash,In-store,2023-06-12
5558,TXN_1094479,Cake,3.0,3.0,9.0,UNKNOWN,In-store,2023-06-08
5559,TXN_8301190,Coffee,1.0,2.0,2.0,Cash,Takeaway,2023-04-01
5560,TXN_7653946,Smoothie,4.0,4.0,16.0,Cash,,2023-09-19
5562,TXN_2855149,Sandwich,2.0,4.0,8.0,Cash,In-store,2023-07-16
5563,TXN_9320167,Juice,5.0,3.0,15.0,Credit Card,,2023-11-12
5565,TXN_6158518,Cookie,5.0,1.0,5.0,Cash,ERROR,2023-09-28
5566,TXN_5734442,Cookie,4.0,1.0,4.0,Credit Card,Takeaway,2023-10-01
5569,TXN_3644269,Cookie,5.0,1.0,5.0,Credit Card,Takeaway,2023-09-26
5571,TXN_4020100,Cookie,1.0,1.0,1.0,Cash,In-store,2023-08-09
5572,TXN_1643870,Salad,4.0,5.0,20.0,Digital Wallet,Takeaway,2023-10-07
5573,TXN_4734216,Salad,3.0,5.0,15.0,Digital Wallet,In-store,2023-11-30
5574,TXN_4060538,Cake,2.0,3.0,6.0,Digital Wallet,Takeaway,2023-09-08
5578,TXN_9040196,Juice,3.0,3.0,9.0,Cash,UNKNOWN,2023-06-28
5579,TXN_1853983,Tea,1.0,1.5,1.5,Cash,In-store,2023-12-04
5581,TXN_1936915,Salad,3.0,5.0,15.0,Digital Wallet,In-store,2023-01-24
5583,TXN_2911864,Cookie,3.0,1.0,3.0,Digital Wallet,Takeaway,2023-03-21
5584,TXN_2336921,Juice,3.0,3.0,9.0,Digital Wallet,Takeaway,2023-05-01
5586,TXN_6472656,Tea,3.0,1.5,4.5,Cash,Takeaway,2023-11-25
5587,TXN_3494191,Smoothie,2.0,4.0,8.0,Credit Card,In-store,2023-01-08
5591,TXN_6832697,Salad,3.0,5.0,15.0,Credit Card,Takeaway,2023-01-21
5592,TXN_2919225,Coffee,4.0,2.0,8.0,Credit Card,Takeaway,2023-02-14
5594,TXN_6444366,Coffee,1.0,2.0,2.0,Digital Wallet,,2023-08-19
5599,TXN_1856153,Coffee,5.0,2.0,10.0,Credit Card,,2023-12-02
5602,TXN_8252793,Cookie,4.0,1.0,4.0,Digital Wallet,,2023-07-28
5603,TXN_1313643,Cake,4.0,3.0,12.0,UNKNOWN,,2023-02-11
5604,TXN_2941227,Cookie,3.0,1.0,3.0,Cash,In-store,2023-08-29
5605,TXN_1206585,Tea,2.0,1.5,3.0,Cash,,2023-06-29
5608,TXN_4475487,Smoothie,3.0,4.0,12.0,Cash,In-store,2023-06-01
5612,TXN_6242107,Coffee,3.0,2.0,6.0,Cash,,2023-11-14
5613,TXN_2352246,Smoothie,4.0,4.0,16.0,Credit Card,Takeaway,2023-06-20
5614,TXN_9523335,Cookie,4.0,1.0,4.0,Credit Card,ERROR,2023-01-29
5615,TXN_4475412,Sandwich,3.0,4.0,12.0,UNKNOWN,,2023-10-31
5616,TXN_2656162,Coffee,1.0,2.0,2.0,Digital Wallet,In-store,2023-04-11
5618,TXN_6243134,Tea,2.0,1.5,3.0,Digital Wallet,,
5620,TXN_9022617,Coffee,1.0,2.0,2.0,Credit Card,In-store,2023-01-23
5622,TXN_2346296,Cake,4.0,3.0,12.0,Digital Wallet,,2023-10-04
5623,TXN_8219210,Smoothie,5.0,4.0,20.0,Cash,,2023-01-12
5625,TXN_8522571,Juice,2.0,3.0,6.0,Credit Card,Takeaway,2023-09-19
5627,TXN_1894142,Sandwich,4.0,4.0,16.0,Cash,In-store,2023-09-13
5629,TXN_8885727,Tea,2.0,1.5,3.0,Cash,Takeaway,2023-10-05
5631,TXN_4625165,Salad,3.0,5.0,15.0,Credit Card,,2023-03-02
5634,TXN_6824743,Sandwich,2.0,4.0,8.0,Digital Wallet,Takeaway,2023-11-08
5640,TXN_7374304,Tea,5.0,1.5,7.5,Digital Wallet,In-store,2023-05-10
5641,TXN_9447946,Smoothie,2.0,4.0,8.0,Credit Card,In-store,2023-10-21
5644,TXN_8223689,Salad,5.0,5.0,25.0,Digital Wallet,In-store,2023-09-08
5648,TXN_2594056,Salad,4.0,5.0,20.0,Cash,,2023-03-11
5651,TXN_4615235,Cake,4.0,3.0,12.0,Cash,,2023-01-08
5653,TXN_4677415,Cake,2.0,3.0,6.0,Digital Wallet,,2023-12-12
5654,TXN_3548788,Salad,4.0,5.0,20.0,Digital Wallet,,2023-02-22
5655,TXN_2503245,Sandwich,3.0,4.0,12.0,UNKNOWN,Takeaway,2023-04-15
5658,TXN_2417402,Sandwich,3.0,4.0,12.0,Digital Wallet,,2023-05-09
5659,TXN_6266017,Cookie,4.0,1.0,4.0,UNKNOWN,In-store,2023-09-28
5660,TXN_4619018,Cake,5.0,3.0,15.0,Digital Wallet,,2023-12-19
5662,TXN_2221447,Cookie,1.0,1.0,1.0,Credit Card,In-store,2023-12-06
5664,TXN_8464222,Cake,4.0,3.0,12.0,Cash,In-store,2023-08-17
5665,TXN_6815753,Cookie,4.0,1.0,4.0,Digital Wallet,Takeaway,2023-10-27
5667,TXN_9477892,Cake,3.0,3.0,9.0,Credit Card,UNKNOWN,2023-08-21
5670,TXN_4644671,Coffee,3.0,2.0,6.0,UNKNOWN,,2023-04-20
5673,TXN_1350239,Smoothie,5.0,4.0,20.0,Cash,,2023-11-18
5675,TXN_9603912,Juice,5.0,3.0,15.0,UNKNOWN,,2023-12-23
5678,TXN_5269634,Cake,5.0,3.0,15.0,Digital Wallet,In-store,2023-04-07
5679,TXN_3043982,Sandwich,5.0,4.0,20.0,Cash,In-store,2023-01-10
5684,TXN_7254494,Coffee,5.0,2.0,10.0,Credit Card,Takeaway,2023-03-16
5686,TXN_6164035,Cookie,1.0,1.0,1.0,Credit Card,Takeaway,2023-03-30
5688,TXN_5671075,Tea,5.0,1.5,7.5,Cash,In-store,2023-12-25
5689,TXN_5004986,Sandwich,3.0,4.0,12.0,Digital Wallet,,2023-01-23
5690,TXN_4856575,Salad,3.0,5.0,15.0,Digital Wallet,In-store,2023-09-10
5692,TXN_8512136,Juice,1.0,3.0,3.0,Cash,Takeaway,2023-08-26
5694,TXN_3129441,Juice,3.0,3.0,9.0,Credit Card,In-store,2023-05-31
5695,TXN_1652596,Smoothie,5.0,4.0,20.0,Digital Wallet,,2023-10-04
5696,TXN_3487896,Coffee,5.0,2.0,10.0,Credit Card,,2023-01-09
5697,TXN_1429858,Cookie,4.0,1.0,4.0,Credit Card,ERROR,2023-03-15
5699,TXN_3472707,Sandwich,2.0,4.0,8.0,Cash,Takeaway,2023-03-26
5702,TXN_2181920,Sandwich,3.0,4.0,12.0,Cash,,2023-02-11
5703,TXN_1173155,Coffee,1.0,2.0,2.0,Cash,In-store,2023-03-14
5706,TXN_5341644,Cake,4.0,3.0,12.0,Cash,,2023-01-24
5707,TXN_4548274,Juice,5.0,3.0,15.0,Digital Wallet,,2023-05-09
5709,TXN_3639760,Cake,5.0,3.0,15.0,Credit Card,Takeaway,2023-01-29
5711,TXN_5061028,Cookie,1.0,1.0,1.0,Credit Card,Takeaway,2023-05-17
5715,TXN_4775791,Smoothie,4.0,4.0,16.0,Credit Card,,2023-04-13
5716,TXN_6724554,Tea,3.0,1.5,4.5,UNKNOWN,,2023-03-22
5717,TXN_6897608,Coffee,2.0,2.0,4.0,Credit Card,Takeaway,2023-06-28
5718,TXN_1481470,Juice,3.0,3.0,9.0,Digital Wallet,Takeaway,
5721,TXN_5752187,Juice,4.0,3.0,12.0,Digital Wallet,In-store,
5723,TXN_3434549,Sandwich,5.0,4.0,20.0,Credit Card,Takeaway,2023-05-25
5724,TXN_7918317,Tea,1.0,1.5,1.5,Credit Card,,2023-07-27
5725,TXN_3467985,Sandwich,3.0,4.0,12.0,Cash,Takeaway,2023-12-10
5726,TXN_3526095,Sandwich,3.0,4.0,12.0,Cash,Takeaway,2023-08-30
5727,TXN_8316915,Cookie,5.0,1.0,5.0,Digital Wallet,In-store,2023-05-30
5728,TXN_4876685,Tea,1.0,1.5,1.5,Digital Wallet,Takeaway,2023-07-14
5729,TXN_7505290,Salad,4.0,5.0,20.0,Digital Wallet,Takeaway,2023-10-21
5730,TXN_5709834,Cake,4.0,3.0,12.0,Digital Wallet,,2023-03-24
5731,TXN_9626624,Smoothie,3.0,4.0,12.0,Cash,In-store,2023-10-10
5732,TXN_4563526,Smoothie,4.0,4.0,16.0,Credit Card,,2023-06-30
5733,TXN_5512533,Coffee,4.0,2.0,8.0,Digital Wallet,,2023-06-13
5734,TXN_9399452,Cake,4.0,3.0,12.0,Credit Card,In-store,2023-12-03
5736,TXN_1934166,Sandwich,5.0,4.0,20.0,Cash,In-store,2023-03-06
5737,TXN_5594695,Cake,3.0,3.0,9.0,Credit Card,In-store,2023-01-18
5738,TXN_8379868,Cake,3.0,3.0,9.0,Cash,In-store,2023-01-16
5740,TXN_5299440,Juice,2.0,3.0,6.0,Credit Card,In-store,2023-10-21
5742,TXN_6059878,Salad,3.0,5.0,15.0,Digital Wallet,,2023-01-23
5745,TXN_3919225,Cake,2.0,3.0,6.0,Cash,In-store,2023-03-26
5746,TXN_5598744,Sandwich,4.0,4.0,16.0,Digital Wallet,Takeaway,2023-10-17
5750,TXN_4392519,Cookie,2.0,1.0,2.0,UNKNOWN,Takeaway,2023-09-20
5751,TXN_1716710,Coffee,2.0,2.0,4.0,UNKNOWN,,2023-02-23
5753,TXN_9655021,Coffee,3.0,2.0,6.0,UNKNOWN,,2023-04-22
5754,TXN_3868402,Coffee,3.0,2.0,6.0,Cash,In-store,2023-01-21
5755,TXN_4624591,Salad,2.0,5.0,10.0,Credit Card,In-store,2023-08-03
5756,TXN_9640865,Cookie,2.0,1.0,2.0,Cash,Takeaway,2023-03-18
5757,TXN_6456008,Salad,5.0,5.0,25.0,Credit Card,In-store,2023-03-26
5758,TXN_9547654,Cookie,2.0,1.0,2.0,UNKNOWN,In-store,2023-11-19
5759,TXN_4986668,Cake,3.0,3.0,9.0,Digital Wallet,UNKNOWN,2023-11-30
5760,TXN_6235329,Salad,2.0,5.0,10.0,Digital Wallet,In-store,2023-10-11
5761,TXN_8536578,Cake,5.0,3.0,15.0,Digital Wallet,In-store,2023-11-11
5763,TXN_2156128,Sandwich,1.0,4.0,4.0,Digital Wallet,In-store,2023-07-21
5764,TXN_9188172,Juice,3.0,3.0,9.0,Digital Wallet,In-store,2023-08-27
5767,TXN_4788748,Sandwich,4.0,4.0,16.0,Credit Card,In-store,2023-04-30
5768,TXN_6460409,Salad,3.0,5.0,15.0,Cash,ERROR,2023-01-03
5771,TXN_2534831,Tea,5.0,1.5,7.5,Cash,Takeaway,2023-08-19
5774,TXN_2007418,Smoothie,4.0,4.0,16.0,Cash,,2023-06-16
5776,TXN_2632916,Juice,3.0,3.0,9.0,Credit Card,,2023-06-17
5778,TXN_3201783,Juice,3.0,3.0,9.0,UNKNOWN,,2023-12-03
5779,TXN_2374950,Cake,5.0,3.0,15.0,Digital Wallet,,2023-04-28
5780,TXN_5962196,Smoothie,2.0,4.0,8.0,Cash,Takeaway,2023-11-29
5781,TXN_4342098,Smoothie,4.0,4.0,16.0,Cash,In-store,2023-05-24
5782,TXN_7367134,Smoothie,4.0,4.0,16.0,Digital Wallet,,2023-10-03
5783,TXN_3651743,Cake,5.0,3.0,15.0,Cash,In-store,2023-04-24
5784,TXN_4411007,Cookie,5.0,1.0,5.0,Digital Wallet,Takeaway,2023-05-17
5785,TXN_6026451,Juice,2.0,3.0,6.0,Cash,In-store,2023-11-06
5786,TXN_5896413,Coffee,3.0,2.0,6.0,Cash,In-store,
5787,TXN_5093312,Cookie,4.0,1.0,4.0,Credit Card,Takeaway,2023-08-12
5788,TXN_6685570,Tea,1.0,1.5,1.5,Credit Card,In-store,2023-03-14
5789,TXN_7905853,Cookie,4.0,1.0,4.0,Digital Wallet,,2023-07-25
5792,TXN_2355099,Salad,5.0,5.0,25.0,Cash,Takeaway,2023-03-18
5795,TXN_8156272,Salad,2.0,5.0,10.0,Cash,In-store,
5796,TXN_8344035,Smoothie,2.0,4.0,8.0,Cash,,2023-08-23
5797,TXN_7332192,Coffee,1.0,2.0,2.0,Credit Card,Takeaway,2023-11-17
5800,TXN_6400461,Coffee,4.0,2.0,8.0,Digital Wallet,,2023-01-18
5801,TXN_9262504,Smoothie,3.0,4.0,12.0,Credit Card,,2023-12-01
5802,TXN_6225305,Cake,1.0,3.0,3.0,Cash,Takeaway,2023-05-05
5804,TXN_2607233,Coffee,3.0,2.0,6.0,Cash,Takeaway,
5805,TXN_2797871,Cookie,2.0,1.0,2.0,UNKNOWN,Takeaway,2023-09-21
5809,TXN_7606965,Juice,5.0,3.0,15.0,Digital Wallet,In-store,2023-12-08
5811,TXN_8059034,Coffee,1.0,2.0,2.0,Digital Wallet,,2023-01-10
5812,TXN_2238287,Salad,3.0,5.0,15.0,Digital Wallet,In-store,2023-05-22
5814,TXN_9667721,Tea,5.0,1.5,7.5,Credit Card,Takeaway,2023-04-29
5815,TXN_6317991,Cookie,5.0,1.0,5.0,Digital Wallet,In-store,2023-03-03
5816,TXN_7866723,Sandwich,2.0,4.0,8.0,Credit Card,In-store,2023-03-26
5818,TXN_5251180,Cookie,1.0,1.0,1.0,Digital Wallet,,2023-06-25
5819,TXN_5891724,Salad,5.0,5.0,25.0,Credit Card,,2023-12-10
5823,TXN_2638434,Juice,5.0,3.0,15.0,Credit Card,In-store,2023-09-18
5825,TXN_5452210,Tea,5.0,1.5,7.5,Digital Wallet,In-store,2023-04-17
5826,TXN_5337566,Cookie,5.0,1.0,5.0,Cash,Takeaway,2023-03-08
5827,TXN_3341779,Tea,3.0,1.5,4.5,Cash,Takeaway,2023-07-30
5832,TXN_9086163,Cookie,2.0,1.0,2.0,Digital Wallet,ERROR,2023-07-31
5834,TXN_9987017,Cookie,5.0,1.0,5.0,Cash,Takeaway,2023-03-14
5835,TXN_6533576,Salad,5.0,5.0,25.0,Cash,In-store,2023-08-14
5836,TXN_5229351,Coffee,3.0,2.0,6.0,Digital Wallet,Takeaway,2023-08-14
5837,TXN_5318263,Smoothie,1.0,4.0,4.0,Credit Card,Takeaway,2023-06-12
5838,TXN_8866088,Tea,4.0,1.5,6.0,Digital Wallet,Takeaway,2023-07-11
5839,TXN_1193930,Coffee,1.0,2.0,2.0,Cash,,
5843,TXN_7434172,Cookie,2.0,1.0,2.0,Digital Wallet,Takeaway,2023-11-14
5844,TXN_1849406,Sandwich,5.0,4.0,20.0,Cash,In-store,2023-11-30
5846,TXN_6289180,Juice,1.0,3.0,3.0,Cash,In-store,2023-03-14
5847,TXN_3974663,Juice,3.0,3.0,9.0,Cash,Takeaway,2023-10-02
5852,TXN_3145515,Smoothie,4.0,4.0,16.0,Cash,,2023-03-31
5853,TXN_6711224,Juice,1.0,3.0,3.0,Digital Wallet,,2023-03-26
5855,TXN_1815061,Cake,3.0,3.0,9.0,Digital Wallet,In-store,2023-01-20
5856,TXN_9522690,Cookie,4.0,1.0,4.0,Credit Card,In-store,2023-07-23
5857,TXN_2858635,Sandwich,1.0,4.0,4.0,Digital Wallet,In-store,2023-09-28
5860,TXN_7030681,Juice,1.0,3.0,3.0,Cash,,2023-10-01
5863,TXN_4430474,Cake,2.0,3.0,6.0,Digital Wallet,,2023-06-08
5864,TXN_2329938,Sandwich,3.0,4.0,12.0,Credit Card,,2023-03-29
5867,TXN_6655913,Cookie,1.0,1.0,1.0,Credit Card,In-store,2023-04-02
5868,TXN_1409029,Sandwich,1.0,4.0,4.0,Cash,,
5869,TXN_1617594,Sandwich,1.0,4.0,4.0,UNKNOWN,In-store,2023-04-23
5870,TXN_7136372,Juice,3.0,3.0,9.0,Credit Card,Takeaway,2023-09-22
5874,TXN_5790695,Tea,5.0,1.5,7.5,Credit Card,Takeaway,2023-04-24
5876,TXN_3277936,Tea,2.0,1.5,3.0,Digital Wallet,Takeaway,2023-06-21
5880,TXN_6728574,Juice,3.0,3.0,9.0,Cash,,2023-05-24
5882,TXN_5968705,Sandwich,3.0,4.0,12.0,Credit Card,Takeaway,2023-12-16
5883,TXN_9657902,Juice,1.0,3.0,3.0,Digital Wallet,,2023-10-30
5888,TXN_6543164,Tea,2.0,1.5,3.0,Digital Wallet,ERROR,2023-07-10
5889,TXN_3209025,Salad,2.0,5.0,10.0,Cash,,2023-10-12
5890,TXN_9975079,Smoothie,2.0,4.0,8.0,Cash,,2023-08-26
5897,TXN_7592199,Tea,3.0,1.5,4.5,Digital Wallet,ERROR,2023-09-14
5900,TXN_7749759,Tea,1.0,1.5,1.5,Digital Wallet,In-store,2023-12-26
5902,TXN_9360886,Sandwich,1.0,4.0,4.0,UNKNOWN,,2023-07-25
5903,TXN_5303464,Juice,4.0,3.0,12.0,Cash,Takeaway,2023-10-26
5904,TXN_5324330,Salad,3.0,5.0,15.0,Digital Wallet,Takeaway,2023-11-20
5905,TXN_5862289,Juice,4.0,3.0,12.0,Digital Wallet,Takeaway,2023-01-05
5907,TXN_9699948,Coffee,5.0,2.0,10.0,Cash,In-store,2023-04-18
5908,TXN_8187087,Coffee,3.0,2.0,6.0,Digital Wallet,Takeaway,2023-01-31
5909,TXN_5409141,Coffee,5.0,2.0,10.0,Cash,Takeaway,2023-02-02
5910,TXN_9928409,Sandwich,4.0,4.0,16.0,Credit Card,,2023-06-17
5911,TXN_9882485,Salad,5.0,5.0,25.0,Cash,ERROR,
5912,TXN_9952479,Sandwich,1.0,4.0,4.0,Digital Wallet,Takeaway,2023-12-06
5913,TXN_7207901,Smoothie,2.0,4.0,8.0,Digital Wallet,In-store,2023-12-11
5915,TXN_4321091,Smoothie,2.0,4.0,8.0,Cash,In-store,2023-06-15
5920,TXN_2790608,Juice,1.0,3.0,3.0,Cash,In-store,2023-12-18
5924,TXN_5241723,Coffee,3.0,2.0,6.0,Cash,,2023-07-18
5926,TXN_6231475,Salad,2.0,5.0,10.0,Credit Card,In-store,2023-03-18
5929,TXN_2631423,Cookie,3.0,1.0,3.0,Cash,Takeaway,2023-01-07
5932,TXN_1958614,Smoothie,2.0,4.0,8.0,Digital Wallet,,2023-07-02
5935,TXN_5649204,Smoothie,1.0,4.0,4.0,Cash,In-store,2023-03-05
5937,TXN_2066115,Salad,4.0,5.0,20.0,Credit Card,In-store,2023-08-18
5939,TXN_7986904,Cookie,3.0,1.0,3.0,Credit Card,Takeaway,2023-08-11
5940,TXN_4633457,Salad,1.0,5.0,5.0,Credit Card,Takeaway,2023-05-21
5941,TXN_9368550,Cake,3.0,3.0,9.0,Digital Wallet,Takeaway,2023-09-26
5942,TXN_8049058,Cake,2.0,3.0,6.0,Cash,ERROR,2023-04-08
5943,TXN_5131404,Sandwich,4.0,4.0,16.0,Credit Card,Takeaway,2023-06-18
5945,TXN_6219454,Tea,1.0,1.5,1.5,Cash,In-store,2023-11-14
5947,TXN_9024388,Salad,1.0,5.0,5.0,Cash,,2023-02-27
5948,TXN_3478329,Tea,3.0,1.5,4.5,Digital Wallet,In-store,2023-10-29
5950,TXN_5571904,Salad,5.0,5.0,25.0,Digital Wallet,Takeaway,2023-08-05
5953,TXN_5537621,Juice,4.0,3.0,12.0,Digital Wallet,Takeaway,2023-02-28
5955,TXN_8626720,Juice,4.0,3.0,12.0,Cash,Takeaway,2023-06-02
5957,TXN_5908362,Sandwich,5.0,4.0,20.0,Digital Wallet,,2023-10-03
5958,TXN_2086841,Salad,4.0,5.0,20.0,Credit Card,In-store,2023-03-16
5959,TXN_9944141,Juice,5.0,3.0,15.0,Credit Card,Takeaway,2023-07-18
5960,TXN_2438638,Cake,2.0,3.0,6.0,Credit Card,Takeaway,2023-08-12
5963,TXN_8308356,Smoothie,1.0,4.0,4.0,Digital Wallet,,2023-11-21
5967,TXN_7563589,Smoothie,5.0,4.0,20.0,Cash,,2023-09-19
5968,TXN_7864482,Sandwich,1.0,4.0,4.0,Credit Card,Takeaway,2023-01-28
5969,TXN_7942343,Cookie,4.0,1.0,4.0,Digital Wallet,,2023-06-15
5970,TXN_1585329,Smoothie,4.0,4.0,16.0,Credit Card,,2023-07-16
5972,TXN_3416466,Juice,2.0,3.0,6.0,Digital Wallet,,2023-09-13
5973,TXN_5125759,Coffee,3.0,2.0,6.0,Digital Wallet,Takeaway,2023-06-15
5974,TXN_7321946,Cake,3.0,3.0,9.0,Cash,Takeaway,2023-02-12
5975,TXN_4336291,Salad,5.0,5.0,25.0,Cash,In-store,2023-03-25
5977,TXN_7854253,Coffee,4.0,2.0,8.0,Cash,,2023-07-26
5978,TXN_1971201,Smoothie,2.0,4.0,8.0,Digital Wallet,,2023-11-07
5980,TXN_7479695,Smoothie,5.0,4.0,20.0,Credit Card,,2023-12-12
5981,TXN_1084222,Coffee,4.0,2.0,8.0,Digital Wallet,In-store,2023-06-03
5984,TXN_8025478,Sandwich,4.0,4.0,16.0,Cash,Takeaway,2023-01-24
5987,TXN_7872478,Juice,4.0,3.0,12.0,Credit Card,In-store,2023-04-25
5988,TXN_9464398,Cake,4.0,3.0,12.0,Credit Card,,2023-09-25
5990,TXN_9212052,Salad,4.0,5.0,20.0,Cash,,2023-10-15
5992,TXN_2550923,Cake,2.0,3.0,6.0,Cash,Takeaway,2023-08-26
5994,TXN_2682803,Cake,5.0,3.0,15.0,Credit Card,Takeaway,2023-04-09
5999,TXN_9264301,Coffee,1.0,2.0,2.0,UNKNOWN,In-store,2023-10-24
6001,TXN_2414686,Cake,1.0,3.0,3.0,Cash,,
6002,TXN_9868114,Smoothie,2.0,4.0,8.0,Credit Card,In-store,2023-11-12
6004,TXN_5549557,Cake,2.0,3.0,6.0,Cash,In-store,2023-02-27
6005,TXN_4668762,Smoothie,3.0,4.0,12.0,Digital Wallet,,2023-03-10
6006,TXN_1058466,Cookie,3.0,1.0,3.0,Digital Wallet,Takeaway,2023-12-07
6009,TXN_9596023,Coffee,5.0,2.0,10.0,Digital Wallet,Takeaway,2023-11-30
6012,TXN_4846406,Cookie,3.0,1.0,3.0,Cash,In-store,2023-05-22
6013,TXN_8917300,Cookie,1.0,1.0,1.0,Cash,Takeaway,2023-03-04
6015,TXN_8131533,Cake,1.0,3.0,3.0,Cash,In-store,2023-07-18
6016,TXN_1836754,Tea,1.0,1.5,1.5,Credit Card,In-store,2023-09-10
6019,TXN_4522292,Cookie,1.0,1.0,1.0,Digital Wallet,In-store,2023-07-12
6020,TXN_2896162,Cookie,2.0,1.0,2.0,Credit Card,In-store,
6022,TXN_9097321,Juice,2.0,3.0,6.0,Credit Card,,2023-10-02
6025,TXN_2389110,Sandwich,2.0,4.0,8.0,Cash,In-store,2023-05-30
6026,TXN_2704452,Salad,2.0,5.0,10.0,Credit Card,Takeaway,2023-09-05
6027,TXN_4892165,Juice,3.0,3.0,9.0,Cash,In-store,2023-07-27
6029,TXN_4721830,Sandwich,3.0,4.0,12.0,UNKNOWN,,2023-11-15
6032,TXN_3635874,Sandwich,2.0,4.0,8.0,Cash,UNKNOWN,2023-03-16
6033,TXN_1721910,Juice,4.0,3.0,12.0,Digital Wallet,,2023-03-21
6035,TXN_1120969,Coffee,2.0,2.0,4.0,Credit Card,,2023-04-15
6036,TXN_4246000,Cookie,2.0,1.0,2.0,Credit Card,Takeaway,2023-07-09
6039,TXN_6036409,Tea,5.0,1.5,7.5,Cash,Takeaway,2023-02-16
6041,TXN_6027031,Juice,5.0,3.0,15.0,Credit Card,In-store,2023-11-15
6044,TXN_1900906,Coffee,5.0,2.0,10.0,Cash,,2023-01-31
6045,TXN_7171590,Coffee,3.0,2.0,6.0,Credit Card,In-store,2023-04-24
6046,TXN_5746203,Tea,5.0,1.5,7.5,Cash,,2023-07-08
6047,TXN_1696300,Cookie,1.0,1.0,1.0,Digital Wallet,In-store,2023-05-28
6050,TXN_4476539,Salad,2.0,5.0,10.0,Cash,,2023-04-19
6052,TXN_8473362,Juice,3.0,3.0,9.0,Digital Wallet,,2023-11-22
6054,TXN_6857799,Cookie,4.0,1.0,4.0,Cash,ERROR,2023-01-08
6055,TXN_9362993,Coffee,3.0,2.0,6.0,Cash,In-store,2023-10-22
6056,TXN_7458568,Smoothie,5.0,4.0,20.0,Digital Wallet,,2023-05-09
6057,TXN_7474617,Salad,3.0,5.0,15.0,Credit Card,Takeaway,
6058,TXN_1959082,Juice,5.0,3.0,15.0,Credit Card,,2023-06-08
6061,TXN_4561296,Salad,5.0,5.0,25.0,Cash,In-store,2023-11-22
6062,TXN_6422545,Juice,2.0,3.0,6.0,Credit Card,Takeaway,2023-11-03
6063,TXN_6012728,Cake,4.0,3.0,12.0,Credit Card,In-store,2023-05-09
6064,TXN_8886678,Tea,5.0,1.5,7.5,Cash,,2023-03-27
6067,TXN_1885495,Coffee,4.0,2.0,8.0,Cash,,2023-03-04
6068,TXN_3646359,Salad,2.0,5.0,10.0,Credit Card,,2023-07-23
6071,TXN_3046567,Salad,2.0,5.0,10.0,Credit Card,In-store,2023-01-07
6072,TXN_3594827,Juice,5.0,3.0,15.0,Digital Wallet,In-store,2023-03-09
6073,TXN_2883054,Cake,4.0,3.0,12.0,Cash,In-store,2023-11-17
6074,TXN_1744319,Smoothie,3.0,4.0,12.0,Cash,,2023-03-24
6075,TXN_6182856,Cake,4.0,3.0,12.0,Credit Card,Takeaway,2023-04-02
6076,TXN_7341998,Cake,3.0,3.0,9.0,Digital Wallet,,2023-02-18
6081,TXN_8946752,Tea,4.0,1.5,6.0,Cash,,2023-06-08
6082,TXN_5453217,Coffee,1.0,2.0,2.0,Credit Card,In-store,2023-07-11
6083,TXN_9340973,Cookie,4.0,1.0,4.0,Cash,,2023-03-07
6086,TXN_2030078,Smoothie,1.0,4.0,4.0,Digital Wallet,Takeaway,2023-04-10
6089,TXN_7077961,Tea,4.0,1.5,6.0,Digital Wallet,Takeaway,2023-09-19
6090,TXN_3343585,Cake,1.0,3.0,3.0,Cash,In-store,2023-09-17
6091,TXN_7896831,Coffee,5.0,2.0,10.0,Cash,Takeaway,2023-04-01
6093,TXN_3541337,Cookie,4.0,1.0,4.0,Digital Wallet,Takeaway,2023-09-01
6094,TXN_2140056,Cookie,1.0,1.0,1.0,Digital Wallet,Takeaway,2023-12-07
6095,TXN_9629256,Cake,4.0,3.0,12.0,Digital Wallet,In-store,2023-11-07
6097,TXN_6349916,Salad,1.0,5.0,5.0,Cash,,2023-07-09
6098,TXN_6568254,Salad,2.0,5.0,10.0,Credit Card,In-store,2023-02-09
6099,TXN_1730385,Cake,2.0,3.0,6.0,Credit Card,,2023-03-01
6101,TXN_6935600,Coffee,3.0,2.0,6.0,UNKNOWN,,2023-01-02
6102,TXN_1851725,Cake,5.0,3.0,15.0,Cash,Takeaway,2023-02-19
6103,TXN_5691112,Juice,5.0,3.0,15.0,UNKNOWN,ERROR,2023-03-24
6105,TXN_4172649,Salad,4.0,5.0,20.0,Digital Wallet,,2023-05-19
6106,TXN_6504096,Salad,5.0,5.0,25.0,Cash,,2023-09-10
6107,TXN_9921708,Cake,1.0,3.0,3.0,Cash,Takeaway,2023-07-20
6108,TXN_6361661,Smoothie,2.0,4.0,8.0,Cash,,2023-11-05
6109,TXN_4329116,Cake,3.0,3.0,9.0,Credit Card,In-store,2023-09-29
6110,TXN_4142781,Sandwich,5.0,4.0,20.0,Digital Wallet,Takeaway,2023-01-30
6111,TXN_6055428,Salad,5.0,5.0,25.0,Cash,Takeaway,2023-02-25
6112,TXN_4359885,Cookie,2.0,1.0,2.0,Credit Card,In-store,2023-01-16
6113,TXN_4255116,Juice,4.0,3.0,12.0,Credit Card,In-store,2023-12-24
6114,TXN_6511482,Tea,3.0,1.5,4.5,Credit Card,ERROR,2023-03-17
6116,TXN_1514364,Coffee,5.0,2.0,10.0,Digital Wallet,In-store,2023-01-21
6118,TXN_2252586,Tea,3.0,1.5,4.5,Cash,Takeaway,2023-09-08
6119,TXN_8853027,Smoothie,5.0,4.0,20.0,Credit Card,In-store,2023-06-21
6126,TXN_3371429,Salad,2.0,5.0,10.0,Credit Card,,2023-11-01
6128,TXN_5722175,Tea,2.0,1.5,3.0,Digital Wallet,Takeaway,2023-03-01
6129,TXN_4075198,Salad,5.0,5.0,25.0,Cash,,2023-08-27
6132,TXN_2920551,Sandwich,4.0,4.0,16.0,Credit Card,Takeaway,2023-11-27
6135,TXN_8107970,Coffee,2.0,2.0,4.0,Credit Card,Takeaway,2023-06-03
6138,TXN_2135358,Cake,5.0,3.0,15.0,Credit Card,,2023-05-28
6140,TXN_4035669,Juice,3.0,3.0,9.0,Cash,ERROR,2023-04-21
6143,TXN_6879752,Tea,1.0,1.5,1.5,Digital Wallet,In-store,2023-10-07
6145,TXN_5535579,Coffee,5.0,2.0,10.0,Cash,In-store,2023-12-21
6146,TXN_2449402,Smoothie,5.0,4.0,20.0,Cash,,2023-01-29
6147,TXN_6097759,Smoothie,4.0,4.0,16.0,Cash,In-store,2023-06-18
6148,TXN_9579740,Cake,3.0,3.0,9.0,Digital Wallet,,2023-03-05
6150,TXN_2532519,Cake,2.0,3.0,6.0,Digital Wallet,,2023-04-10
6151,TXN_9959765,Juice,4.0,3.0,12.0,Cash,,2023-02-19
6152,TXN_9514996,Sandwich,2.0,4.0,8.0,Credit Card,Takeaway,2023-07-25
6153,TXN_6757560,Cake,4.0,3.0,12.0,Cash,,2023-08-12
6155,TXN_4346607,Salad,2.0,5.0,10.0,Digital Wallet,,2023-03-17
6156,TXN_2586830,Juice,1.0,3.0,3.0,UNKNOWN,In-store,2023-02-12
6157,TXN_2706461,Salad,3.0,5.0,15.0,Credit Card,ERROR,2023-12-13
6158,TXN_1829391,Juice,4.0,3.0,12.0,Credit Card,,2023-10-06
6159,TXN_5022805,Sandwich,1.0,4.0,4.0,Credit Card,Takeaway,2023-12-17
6160,TXN_6815801,Cookie,1.0,1.0,1.0,Digital Wallet,Takeaway,2023-03-15
6161,TXN_2541441,Cake,1.0,3.0,3.0,Cash,Takeaway,2023-09-21
6163,TXN_1217810,Cookie,1.0,1.0,1.0,Digital Wallet,,2023-07-06
6164,TXN_4894647,Salad,2.0,5.0,10.0,Cash,Takeaway,2023-12-26
6165,TXN_7622855,Sandwich,2.0,4.0,8.0,Credit Card,,2023-07-10
6167,TXN_9931637,Cake,2.0,3.0,6.0,Cash,Takeaway,2023-09-17
6168,TXN_6625294,Sandwich,2.0,4.0,8.0,Digital Wallet,,2023-03-05
6169,TXN_4577368,Cake,4.0,3.0,12.0,Cash,,2023-05-29
6170,TXN_4158904,Juice,2.0,3.0,6.0,Digital Wallet,In-store,2023-01-31
6172,TXN_1208926,Cookie,4.0,1.0,4.0,Credit Card,In-store,2023-12-07
6174,TXN_8363628,Salad,1.0,5.0,5.0,Digital Wallet,,2023-04-07
6175,TXN_4761088,Cake,4.0,3.0,12.0,Digital Wallet,,2023-08-27
6179,TXN_2453194,Cake,4.0,3.0,12.0,Digital Wallet,ERROR,2023-11-18
6182,TXN_1606273,Coffee,1.0,2.0,2.0,Digital Wallet,Takeaway,2023-11-02
6184,TXN_7963189,Cookie,4.0,1.0,4.0,Digital Wallet,Takeaway,2023-03-24
6185,TXN_9151273,Tea,2.0,1.5,3.0,Cash,,2023-04-09
6186,TXN_4702345,Salad,4.0,5.0,20.0,Digital Wallet,,2023-01-08
6188,TXN_4832452,Tea,5.0,1.5,7.5,Cash,,2023-02-05
6189,TXN_9314690,Salad,2.0,5.0,10.0,Credit Card,UNKNOWN,2023-12-11
6190,TXN_3852141,Cake,5.0,3.0,15.0,Credit Card,In-store,2023-08-04
6193,TXN_6039321,Salad,2.0,5.0,10.0,Credit Card,,2023-02-15
6195,TXN_4832566,Sandwich,4.0,4.0,16.0,Digital Wallet,In-store,
6196,TXN_2262398,Tea,1.0,1.5,1.5,Credit Card,Takeaway,2023-09-12
6197,TXN_9813095,Juice,2.0,3.0,6.0,Cash,,2023-06-12
6200,TXN_6729852,Cookie,4.0,1.0,4.0,UNKNOWN,,2023-06-29
6201,TXN_9300618,Tea,3.0,1.5,4.5,Credit Card,,2023-03-06
6202,TXN_7832527,Cake,3.0,3.0,9.0,Cash,In-store,2023-01-26
6206,TXN_2132434,Salad,4.0,5.0,20.0,Digital Wallet,In-store,2023-06-03
6208,TXN_9691955,Juice,3.0,3.0,9.0,Credit Card,In-store,2023-11-03
6209,TXN_4985415,Tea,4.0,1.5,6.0,Digital Wallet,,2023-08-01
6210,TXN_1172121,Coffee,5.0,2.0,10.0,Cash,Takeaway,2023-08-26
6211,TXN_2521185,Smoothie,2.0,4.0,8.0,Cash,Takeaway,2023-03-20
6212,TXN_6233021,Juice,5.0,3.0,15.0,Digital Wallet,Takeaway,2023-12-22
6213,TXN_7498795,Cookie,2.0,1.0,2.0,Cash,Takeaway,2023-03-11
6216,TXN_1599516,Juice,3.0,3.0,9.0,Cash,In-store,2023-05-11
6217,TXN_6888839,Tea,3.0,1.5,4.5,Digital Wallet,Takeaway,2023-11-19
6219,TXN_4559065,Juice,1.0,3.0,3.0,Cash,In-store,2023-05-03
6221,TXN_9685491,Coffee,4.0,2.0,8.0,Cash,,2023-09-20
6226,TXN_2696377,Juice,4.0,3.0,12.0,Digital Wallet,In-store,2023-04-11
6227,TXN_7754382,Sandwich,4.0,4.0,16.0,Credit Card,ERROR,2023-06-28
6228,TXN_4602865,Cookie,5.0,1.0,5.0,Digital Wallet,Takeaway,2023-09-27
6229,TXN_5966765,Cake,5.0,3.0,15.0,Credit Card,Takeaway,2023-11-09
6230,TXN_4328228,Sandwich,5.0,4.0,20.0,UNKNOWN,,2023-01-08
6231,TXN_2462604,Tea,5.0,1.5,7.5,Credit Card,,2023-07-13
6234,TXN_3283631,Sandwich,2.0,4.0,8.0,Credit Card,In-store,2023-03-15
6237,TXN_4852852,Smoothie,2.0,4.0,8.0,UNKNOWN,,2023-10-06
6238,TXN_4977954,Juice,4.0,3.0,12.0,Cash,,
6239,TXN_3344089,Sandwich,4.0,4.0,16.0,Cash,In-store,2023-08-10
6241,TXN_7551280,Cookie,4.0,1.0,4.0,Credit Card,Takeaway,2023-04-14
6243,TXN_8487216,Tea,1.0,1.5,1.5,Cash,,2023-07-01
6244,TXN_3863163,Cookie,3.0,1.0,3.0,Digital Wallet,Takeaway,2023-10-12
6246,TXN_7922471,Cake,3.0,3.0,9.0,Cash,,2023-04-18
6247,TXN_3701660,Sandwich,1.0,4.0,4.0,Digital Wallet,,
6248,TXN_3653560,Coffee,4.0,2.0,8.0,Digital Wallet,Takeaway,2023-07-01
6249,TXN_4075817,Cookie,2.0,1.0,2.0,Cash,,2023-03-18
6250,TXN_3715065,Salad,3.0,5.0,15.0,Credit Card,ERROR,2023-03-17
6251,TXN_9549208,Coffee,1.0,2.0,2.0,Digital Wallet,In-store,2023-10-30
6253,TXN_2670824,Juice,2.0,3.0,6.0,Digital Wallet,Takeaway,2023-03-03
6255,TXN_5926432,Smoothie,4.0,4.0,16.0,Cash,In-store,2023-06-29
6256,TXN_8235381,Cookie,3.0,1.0,3.0,Digital Wallet,In-store,2023-03-01
6258,TXN_2954630,Salad,2.0,5.0,10.0,Credit Card,,2023-09-30
6259,TXN_1402641,Tea,3.0,1.5,4.5,Credit Card,Takeaway,2023-09-12
6260,TXN_6405489,Sandwich,3.0,4.0,12.0,Credit Card,Takeaway,2023-05-04
6261,TXN_3003311,Cake,5.0,3.0,15.0,Digital Wallet,In-store,2023-08-01
6266,TXN_9436342,Juice,4.0,3.0,12.0,Digital Wallet,In-store,2023-11-26
6268,TXN_1999100,Smoothie,3.0,4.0,12.0,Digital Wallet,,2023-11-08
6270,TXN_2406283,Juice,4.0,3.0,12.0,Digital Wallet,In-store,2023-02-24
6271,TXN_8964166,Juice,5.0,3.0,15.0,Cash,,2023-11-10
6272,TXN_1354464,Cake,5.0,3.0,15.0,Digital Wallet,In-store,2023-03-18
6273,TXN_5582443,Salad,3.0,5.0,15.0,Credit Card,In-store,2023-04-13
6274,TXN_6204081,Cake,1.0,3.0,3.0,Digital Wallet,Takeaway,2023-07-12
6275,TXN_4428307,Salad,3.0,5.0,15.0,Cash,In-store,
6276,TXN_8647048,Sandwich,2.0,4.0,8.0,Credit Card,In-store,2023-11-03
6277,TXN_1689024,Coffee,5.0,2.0,10.0,Credit Card,In-store,2023-04-17
6278,TXN_5422928,Tea,4.0,1.5,6.0,Digital Wallet,Takeaway,2023-09-20
6279,TXN_9855567,Cookie,3.0,1.0,3.0,Credit Card,,2023-05-25
6280,TXN_3311860,Juice,1.0,3.0,3.0,Digital Wallet,In-store,2023-11-21
6281,TXN_4147675,Tea,2.0,1.5,3.0,Credit Card,In-store,2023-01-04
6282,TXN_7560178,Cookie,5.0,1.0,5.0,Digital Wallet,In-store,2023-08-17
6284,TXN_3930990,Tea,4.0,1.5,6.0,Digital Wallet,Takeaway,2023-02-27
6286,TXN_6621596,Salad,2.0,5.0,10.0,Credit Card,UNKNOWN,2023-09-25
6287,TXN_8076942,Cookie,2.0,1.0,2.0,Cash,Takeaway,2023-04-29
6288,TXN_4367689,Cookie,2.0,1.0,2.0,Cash,,2023-09-30
6289,TXN_2941800,Salad,5.0,5.0,25.0,Cash,,2023-04-25
6290,TXN_7072581,Cookie,2.0,1.0,2.0,Credit Card,,2023-08-12
6293,TXN_6864420,Cookie,2.0,1.0,2.0,Credit Card,Takeaway,2023-06-18
6294,TXN_3109057,Tea,4.0,1.5,6.0,Cash,,2023-11-26
6295,TXN_2257337,Cookie,4.0,1.0,4.0,Cash,ERROR,2023-07-24
6297,TXN_6503884,Juice,1.0,3.0,3.0,Cash,In-store,2023-05-28
6298,TXN_9868954,Smoothie,4.0,4.0,16.0,Credit Card,,
6299,TXN_2206639,Coffee,4.0,2.0,8.0,Cash,Takeaway,2023-06-29
6301,TXN_7068361,Juice,5.0,3.0,15.0,Credit Card,,2023-12-25
6304,TXN_5423024,Smoothie,1.0,4.0,4.0,Digital Wallet,In-store,2023-04-30
6306,TXN_3134595,Juice,3.0,3.0,9.0,Credit Card,Takeaway,2023-02-25
6307,TXN_2251128,Smoothie,3.0,4.0,12.0,Credit Card,In-store,2023-06-07
6309,TXN_6220280,Tea,1.0,1.5,1.5,Credit Card,,2023-02-15
6310,TXN_4832163,Cake,4.0,3.0,12.0,Cash,Takeaway,2023-11-17
6311,TXN_6663451,Cake,1.0,3.0,3.0,Cash,,2023-08-05
6312,TXN_1443928,Cake,4.0,3.0,12.0,Cash,Takeaway,2023-12-03
6313,TXN_1670597,Coffee,2.0,2.0,4.0,Cash,Takeaway,2023-05-21
6314,TXN_3854210,Smoothie,1.0,4.0,4.0,Cash,,2023-12-30
6315,TXN_2165745,Coffee,4.0,2.0,8.0,Credit Card,In-store,2023-01-31
6316,TXN_3082888,Tea,1.0,1.5,1.5,Cash,In-store,2023-09-20
6317,TXN_2294397,Coffee,5.0,2.0,10.0,Digital Wallet,In-store,2023-02-25
6319,TXN_7248594,Coffee,3.0,2.0,6.0,Credit Card,In-store,2023-03-26
6321,TXN_3059966,Smoothie,1.0,4.0,4.0,Digital Wallet,In-store,2023-12-24
6326,TXN_7880000,Salad,3.0,5.0,15.0,Credit Card,In-store,2023-01-28
6329,TXN_1419188,Cake,5.0,3.0,15.0,Credit Card,,2023-11-26
6334,TXN_9496791,Salad,4.0,5.0,20.0,Credit Card,In-store,2023-07-19
6337,TXN_8854471,Cake,5.0,3.0,15.0,Credit Card,,
6338,TXN_4216055,Cookie,5.0,1.0,5.0,Digital Wallet,,2023-12-27
6339,TXN_2320493,Smoothie,1.0,4.0,4.0,Digital Wallet,In-store,2023-03-22
6341,TXN_6755791,Coffee,2.0,2.0,4.0,Cash,,2023-04-01
6344,TXN_2005032,Cookie,2.0,1.0,2.0,Digital Wallet,,2023-11-30
6347,TXN_5714767,Salad,4.0,5.0,20.0,Digital Wallet,Takeaway,2023-03-02
6350,TXN_8141558,Cake,5.0,3.0,15.0,Credit Card,UNKNOWN,2023-12-05
6351,TXN_4314314,Cake,4.0,3.0,12.0,Cash,ERROR,2023-01-02
6353,TXN_1072678,Juice,2.0,3.0,6.0,Cash,,2023-05-30
6354,TXN_7981162,Cake,3.0,3.0,9.0,Credit Card,Takeaway,2023-05-30
6355,TXN_2316206,Cookie,1.0,1.0,1.0,Credit Card,In-store,2023-01-23
6356,TXN_7343342,Cookie,2.0,1.0,2.0,Cash,Takeaway,2023-12-21
6357,TXN_4573096,Coffee,1.0,2.0,2.0,Digital Wallet,In-store,2023-08-13
6359,TXN_6370625,Sandwich,3.0,4.0,12.0,Credit Card,In-store,2023-08-26
6360,TXN_7580803,Juice,4.0,3.0,12.0,Cash,In-store,2023-04-06
6362,TXN_7530692,Coffee,1.0,2.0,2.0,Credit Card,,2023-06-30
6364,TXN_2939069,Smoothie,5.0,4.0,20.0,Credit Card,Takeaway,2023-09-06
6366,TXN_5009924,Cake,3.0,3.0,9.0,Digital Wallet,,2023-09-08
6367,TXN_9988801,Smoothie,5.0,4.0,20.0,Cash,,2023-10-20
6369,TXN_8432045,Cake,3.0,3.0,9.0,Credit Card,,2023-11-09
6371,TXN_7640914,Salad,1.0,5.0,5.0,Credit Card,,2023-02-12
6372,TXN_4374963,Juice,1.0,3.0,3.0,Cash,In-store,2023-07-04
6374,TXN_7744874,Coffee,1.0,2.0,2.0,Cash,,2023-06-28
6375,TXN_7768350,Cookie,1.0,1.0,1.0,Cash,In-store,2023-08-19
6378,TXN_4401563,Juice,5.0,3.0,15.0,Digital Wallet,Takeaway,2023-09-20
6379,TXN_8502946,Smoothie,3.0,4.0,12.0,UNKNOWN,In-store,2023-09-15
6380,TXN_8687294,Smoothie,3.0,4.0,12.0,Credit Card,,2023-08-01
6383,TXN_8443384,Sandwich,5.0,4.0,20.0,Digital Wallet,In-store,2023-02-13
6385,TXN_7824739,Cookie,3.0,1.0,3.0,Digital Wallet,,2023-07-17
6386,TXN_7226406,Cake,1.0,3.0,3.0,Credit Card,,2023-02-11
6387,TXN_9793806,Tea,3.0,1.5,4.5,Digital Wallet,Takeaway,2023-04-25
6390,TXN_5438652,Sandwich,4.0,4.0,16.0,Cash,,2023-03-17
6391,TXN_8385625,Tea,4.0,1.5,6.0,Digital Wallet,Takeaway,2023-12-23
6392,TXN_7814715,Cookie,5.0,1.0,5.0,Cash,,2023-04-24
6393,TXN_6532452,Smoothie,5.0,4.0,20.0,Cash,Takeaway,2023-02-24
6394,TXN_9706608,Smoothie,1.0,4.0,4.0,Cash,UNKNOWN,2023-05-22
6395,TXN_5963749,Cake,1.0,3.0,3.0,Digital Wallet,In-store,2023-11-04
6398,TXN_5767392,Cake,5.0,3.0,15.0,Credit Card,,2023-10-24
6401,TXN_3205079,Cake,5.0,3.0,15.0,Credit Card,,2023-11-07
6402,TXN_1523626,Cake,4.0,3.0,12.0,UNKNOWN,Takeaway,2023-07-21
6403,TXN_8944202,Smoothie,3.0,4.0,12.0,Credit Card,Takeaway,2023-06-08
6404,TXN_2402993,Cookie,5.0,1.0,5.0,Cash,Takeaway,2023-06-11
6405,TXN_1340358,Sandwich,3.0,4.0,12.0,Cash,Takeaway,2023-06-09
6406,TXN_6959328,Sandwich,3.0,4.0,12.0,Credit Card,Takeaway,2023-04-23
6408,TXN_9285475,Tea,5.0,1.5,7.5,Digital Wallet,ERROR,2023-11-14
6409,TXN_8077929,Tea,3.0,1.5,4.5,Digital Wallet,Takeaway,2023-08-06
6411,TXN_9213505,Sandwich,2.0,4.0,8.0,UNKNOWN,,2023-11-01
6412,TXN_8724602,Juice,4.0,3.0,12.0,Credit Card,Takeaway,2023-06-26
6415,TXN_8987697,Cookie,5.0,1.0,5.0,Cash,,2023-12-19
6416,TXN_1940778,Tea,2.0,1.5,3.0,Cash,In-store,2023-02-01
6420,TXN_7860953,Sandwich,1.0,4.0,4.0,Digital Wallet,Takeaway,2023-09-10
6421,TXN_8164119,Tea,3.0,1.5,4.5,Credit Card,Takeaway,2023-01-07
6423,TXN_7809290,Cake,1.0,3.0,3.0,Cash,Takeaway,2023-10-14
6426,TXN_5675095,Sandwich,4.0,4.0,16.0,Digital Wallet,Takeaway,2023-05-18
6428,TXN_7931086,Sandwich,3.0,4.0,12.0,Credit Card,,2023-06-25
6431,TXN_9110336,Cookie,5.0,1.0,5.0,Digital Wallet,ERROR,2023-04-06
6432,TXN_3901665,Juice,1.0,3.0,3.0,Credit Card,Takeaway,2023-10-19
6435,TXN_4296023,Tea,5.0,1.5,7.5,Digital Wallet,In-store,2023-10-08
6438,TXN_4350854,Cookie,2.0,1.0,2.0,Cash,In-store,2023-01-31
6439,TXN_1867158,Cookie,4.0,1.0,4.0,Digital Wallet,Takeaway,2023-05-16
6440,TXN_2662711,Juice,1.0,3.0,3.0,UNKNOWN,,2023-11-02
6442,TXN_9417252,Sandwich,2.0,4.0,8.0,Credit Card,,2023-08-17
6444,TXN_8453282,Cookie,3.0,1.0,3.0,Cash,,2023-03-08
6446,TXN_7688029,Cake,5.0,3.0,15.0,Credit Card,In-store,2023-05-30
6448,TXN_3420633,Salad,4.0,5.0,20.0,Digital Wallet,Takeaway,2023-04-11
6450,TXN_5220527,Cookie,4.0,1.0,4.0,Digital Wallet,Takeaway,2023-08-06
6451,TXN_1205773,Salad,5.0,5.0,25.0,Cash,,2023-01-27
6453,TXN_8696857,Coffee,1.0,2.0,2.0,Digital Wallet,Takeaway,2023-10-01
6454,TXN_9668265,Cookie,3.0,1.0,3.0,Credit Card,,2023-06-20
6456,TXN_7463102,Smoothie,5.0,4.0,20.0,Cash,Takeaway,2023-11-27
6457,TXN_5569954,Cookie,4.0,1.0,4.0,Credit Card,In-store,
6459,TXN_8430882,Sandwich,2.0,4.0,8.0,Digital Wallet,Takeaway,2023-06-17
6460,TXN_9114647,Salad,5.0,5.0,25.0,Digital Wallet,In-store,2023-11-19
6461,TXN_9556442,Sandwich,1.0,4.0,4.0,Digital Wallet,Takeaway,
6462,TXN_5413433,Juice,4.0,3.0,12.0,Digital Wallet,In-store,2023-06-03
6463,TXN_9388222,Cookie,1.0,1.0,1.0,Digital Wallet,In-store,2023-04-21
6464,TXN_6618750,Smoothie,5.0,4.0,20.0,Credit Card,,2023-03-07
6467,TXN_6149800,Sandwich,4.0,4.0,16.0,Digital Wallet,,2023-05-05
6469,TXN_2642834,Salad,2.0,5.0,10.0,Cash,,2023-11-13
6471,TXN_5660949,Cookie,3.0,1.0,3.0,Credit Card,In-store,2023-01-10
6472,TXN_9540340,Sandwich,2.0,4.0,8.0,Cash,,2023-11-15
6474,TXN_4118960,Smoothie,5.0,4.0,20.0,Credit Card,Takeaway,2023-09-24
6477,TXN_1849597,Sandwich,2.0,4.0,8.0,Cash,,2023-11-01
6479,TXN_5107249,Smoothie,4.0,4.0,16.0,Cash,UNKNOWN,2023-03-20
6481,TXN_3228646,Cookie,5.0,1.0,5.0,Credit Card,,2023-09-19
6483,TXN_3717422,Salad,2.0,5.0,10.0,Cash,,2023-06-15
6484,TXN_5350735,Tea,2.0,1.5,3.0,Cash,UNKNOWN,2023-04-08
6485,TXN_1128577,Sandwich,1.0,4.0,4.0,Digital Wallet,In-store,2023-11-23
6486,TXN_6533267,Tea,3.0,1.5,4.5,Cash,In-store,2023-07-14
6491,TXN_5087453,Tea,3.0,1.5,4.5,Cash,Takeaway,2023-04-09
6495,TXN_9627891,Coffee,2.0,2.0,4.0,Credit Card,In-store,2023-01-09
6496,TXN_5584275,Smoothie,1.0,4.0,4.0,Credit Card,In-store,2023-07-10
6499,TXN_5528426,Smoothie,4.0,4.0,16.0,Cash,Takeaway,2023-06-01
6501,TXN_4432546,Coffee,2.0,2.0,4.0,Digital Wallet,UNKNOWN,2023-11-29
6502,TXN_6372031,Juice,3.0,3.0,9.0,Digital Wallet,In-store,2023-08-11
6505,TXN_8916446,Cookie,2.0,1.0,2.0,Cash,ERROR,2023-07-19
6506,TXN_1823906,Salad,3.0,5.0,15.0,Digital Wallet,In-store,2023-06-26
6509,TXN_7484638,Sandwich,3.0,4.0,12.0,Digital Wallet,In-store,2023-10-17
6511,TXN_1610137,Coffee,3.0,2.0,6.0,Cash,Takeaway,2023-04-02
6513,TXN_2262195,Smoothie,3.0,4.0,12.0,Cash,,2023-10-13
6514,TXN_8047234,Juice,3.0,3.0,9.0,Credit Card,ERROR,2023-08-29
6515,TXN_7108012,Tea,1.0,1.5,1.5,Digital Wallet,Takeaway,2023-12-31
6516,TXN_3272946,Salad,3.0,5.0,15.0,Credit Card,In-store,2023-09-06
6518,TXN_7308096,Tea,2.0,1.5,3.0,Cash,Takeaway,2023-08-13
6519,TXN_3607778,Smoothie,2.0,4.0,8.0,Cash,UNKNOWN,2023-11-20
6520,TXN_7105069,Coffee,1.0,2.0,2.0,Cash,Takeaway,2023-12-06
6521,TXN_7461544,Cookie,4.0,1.0,4.0,Credit Card,,2023-08-22
6523,TXN_5488764,Coffee,4.0,2.0,8.0,Digital Wallet,Takeaway,2023-06-30
6524,TXN_4268746,Cake,5.0,3.0,15.0,Credit Card,In-store,2023-01-12
6525,TXN_1767872,Salad,2.0,5.0,10.0,Credit Card,In-store,2023-01-05
6527,TXN_7208983,Salad,1.0,5.0,5.0,Digital Wallet,In-store,2023-09-28
6528,TXN_8704128,Juice,5.0,3.0,15.0,UNKNOWN,,2023-02-25
6529,TXN_7971660,Cookie,3.0,1.0,3.0,Cash,Takeaway,2023-10-02
6531,TXN_9271577,Cake,2.0,3.0,6.0,Credit Card,In-store,2023-04-13
6533,TXN_6440555,Smoothie,1.0,4.0,4.0,Cash,In-store,2023-07-11
6536,TXN_9839214,Juice,1.0,3.0,3.0,Digital Wallet,,2023-12-25
6537,TXN_7368194,Smoothie,2.0,4.0,8.0,Credit Card,In-store,2023-10-29
6538,TXN_1328230,Sandwich,5.0,4.0,20.0,Cash,,2023-02-03
6539,TXN_9789310,Sandwich,4.0,4.0,16.0,Credit Card,In-store,2023-05-09
6543,TXN_7137256,Sandwich,2.0,4.0,8.0,Cash,ERROR,2023-06-22
6545,TXN_3398611,Sandwich,5.0,4.0,20.0,Cash,,2023-10-01
6547,TXN_6259087,Sandwich,2.0,4.0,8.0,Digital Wallet,In-store,2023-12-27
6551,TXN_1199898,Smoothie,1.0,4.0,4.0,Credit Card,,2023-10-26
6552,TXN_4787990,Cookie,3.0,1.0,3.0,Digital Wallet,,2023-02-04
6553,TXN_9606045,Tea,2.0,1.5,3.0,Digital Wallet,,2023-10-14
6554,TXN_1569248,Tea,1.0,1.5,1.5,Credit Card,,2023-11-14
6555,TXN_1151605,Coffee,1.0,2.0,2.0,Digital Wallet,Takeaway,2023-05-02
6556,TXN_4602430,Sandwich,3.0,4.0,12.0,Credit Card,In-store,2023-01-31
6559,TXN_7412782,Cookie,2.0,1.0,2.0,Digital Wallet,Takeaway,2023-03-28
6561,TXN_5570967,Coffee,1.0,2.0,2.0,Credit Card,In-store,2023-12-12
6567,TXN_8046891,Coffee,1.0,2.0,2.0,Credit Card,Takeaway,2023-02-24
6568,TXN_7770487,Smoothie,1.0,4.0,4.0,Cash,In-store,2023-08-09
6570,TXN_9943050,Tea,1.0,1.5,1.5,Digital Wallet,Takeaway,2023-05-16
6571,TXN_2694605,Cookie,2.0,1.0,2.0,Credit Card,Takeaway,2023-11-09
6576,TXN_1927704,Salad,2.0,5.0,10.0,Digital Wallet,In-store,2023-01-05
6578,TXN_8076152,Tea,4.0,1.5,6.0,Digital Wallet,ERROR,2023-12-18
6581,TXN_1929398,Sandwich,1.0,4.0,4.0,Digital Wallet,In-store,2023-02-23
6582,TXN_2131494,Salad,2.0,5.0,10.0,Cash,,2023-02-27
6583,TXN_3093284,Coffee,4.0,2.0,8.0,Digital Wallet,In-store,2023-01-01
6585,TXN_2276426,Juice,5.0,3.0,15.0,Credit Card,In-store,2023-10-21
6586,TXN_9608095,Coffee,1.0,2.0,2.0,Credit Card,In-store,2023-12-07
6587,TXN_9587704,Juice,5.0,3.0,15.0,Cash,Takeaway,2023-07-29
6589,TXN_2372348,Cake,2.0,3.0,6.0,Digital Wallet,Takeaway,2023-01-05
6591,TXN_3386311,Juice,1.0,3.0,3.0,Cash,In-store,2023-11-30
6596,TXN_4187673,Juice,2.0,3.0,6.0,Digital Wallet,,2023-04-02
6597,TXN_3017494,Tea,1.0,1.5,1.5,UNKNOWN,Takeaway,2023-11-21
6599,TXN_5729112,Coffee,1.0,2.0,2.0,Credit Card,,2023-06-30
6600,TXN_4613595,Salad,3.0,5.0,15.0,Credit Card,Takeaway,2023-07-07
6601,TXN_4152991,Sandwich,5.0,4.0,20.0,Digital Wallet,Takeaway,2023-12-17
6602,TXN_1196324,Tea,4.0,1.5,6.0,Credit Card,In-store,2023-09-26
6603,TXN_5944318,Cookie,1.0,1.0,1.0,Cash,UNKNOWN,2023-01-23
6604,TXN_5148823,Juice,1.0,3.0,3.0,Digital Wallet,,2023-03-27
6606,TXN_7312736,Cookie,2.0,1.0,2.0,Digital Wallet,,2023-12-02
6608,TXN_4442095,Salad,4.0,5.0,20.0,Digital Wallet,,2023-02-18
6609,TXN_6621007,Cake,2.0,3.0,6.0,Digital Wallet,Takeaway,2023-03-05
6610,TXN_6740691,Tea,1.0,1.5,1.5,Cash,ERROR,2023-07-06
6611,TXN_2548742,Salad,5.0,5.0,25.0,Digital Wallet,,
6615,TXN_8181326,Tea,5.0,1.5,7.5,Cash,,2023-02-28
6616,TXN_8912589,Smoothie,3.0,4.0,12.0,Cash,ERROR,2023-10-19
6617,TXN_1234390,Cake,2.0,3.0,6.0,Digital Wallet,Takeaway,2023-06-02
6618,TXN_5336437,Tea,5.0,1.5,7.5,Credit Card,,2023-05-07
6619,TXN_6271633,Juice,2.0,3.0,6.0,Digital Wallet,In-store,2023-03-07
6620,TXN_4805204,Tea,5.0,1.5,7.5,Digital Wallet,In-store,2023-04-25
6621,TXN_3094786,Sandwich,4.0,4.0,16.0,Credit Card,Takeaway,2023-01-16
6623,TXN_4807049,Cookie,1.0,1.0,1.0,Credit Card,,2023-06-07
6624,TXN_1840584,Cake,5.0,3.0,15.0,Digital Wallet,,2023-05-28
6625,TXN_8030379,Salad,4.0,5.0,20.0,Cash,In-store,2023-07-21
6626,TXN_7746634,Cake,5.0,3.0,15.0,Digital Wallet,In-store,2023-07-04
6627,TXN_2361290,Salad,4.0,5.0,20.0,Cash,,2023-07-16
6628,TXN_7133645,Sandwich,5.0,4.0,20.0,Credit Card,Takeaway,
6631,TXN_8659963,Cake,4.0,3.0,12.0,Cash,Takeaway,2023-01-21
6632,TXN_3676131,Coffee,3.0,2.0,6.0,UNKNOWN,ERROR,2023-09-11
6633,TXN_2935758,Smoothie,1.0,4.0,4.0,Credit Card,In-store,2023-09-03
6634,TXN_1711730,Juice,5.0,3.0,15.0,UNKNOWN,Takeaway,2023-06-01
6636,TXN_5360210,Tea,5.0,1.5,7.5,Cash,Takeaway,2023-06-29
6639,TXN_5473680,Coffee,3.0,2.0,6.0,Credit Card,Takeaway,2023-12-24
6642,TXN_6677631,Tea,5.0,1.5,7.5,Digital Wallet,In-store,2023-12-14
6643,TXN_9775900,Juice,4.0,3.0,12.0,Digital Wallet,In-store,2023-08-29
6644,TXN_2097072,Tea,4.0,1.5,6.0,UNKNOWN,In-store,
6645,TXN_2408143,Coffee,2.0,2.0,4.0,Digital Wallet,,2023-11-15
6647,TXN_1342359,Cake,4.0,3.0,12.0,Cash,Takeaway,2023-07-14
6648,TXN_6975499,Coffee,1.0,2.0,2.0,Digital Wallet,In-store,2023-07-03
6649,TXN_9861083,Sandwich,5.0,4.0,20.0,Credit Card,In-store,2023-01-21
6652,TXN_4548698,Salad,2.0,5.0,10.0,Cash,Takeaway,2023-03-04
6653,TXN_8735820,Tea,2.0,1.5,3.0,Credit Card,Takeaway,2023-12-08
6655,TXN_1950008,Smoothie,4.0,4.0,16.0,Digital Wallet,In-store,2023-07-24
6656,TXN_3894173,Sandwich,5.0,4.0,20.0,Digital Wallet,Takeaway,2023-10-07
6662,TXN_5929797,Sandwich,1.0,4.0,4.0,Credit Card,In-store,2023-05-12
6663,TXN_1228927,Tea,2.0,1.5,3.0,Credit Card,,2023-11-28
6665,TXN_3447069,Juice,2.0,3.0,6.0,Credit Card,,2023-03-11
6666,TXN_8219298,Juice,5.0,3.0,15.0,Credit Card,,2023-09-01
6669,TXN_1897783,Smoothie,3.0,4.0,12.0,Cash,,2023-02-02
6671,TXN_2767034,Salad,4.0,5.0,20.0,Cash,,2023-08-12
6672,TXN_9365766,Cake,4.0,3.0,12.0,Digital Wallet,In-store,2023-02-13
6673,TXN_5680396,Sandwich,2.0,4.0,8.0,Digital Wallet,,2023-12-21
6675,TXN_6205234,Cake,5.0,3.0,15.0,Digital Wallet,,2023-04-09
6676,TXN_4489757,Smoothie,5.0,4.0,20.0,Credit Card,,2023-05-03
6678,TXN_2422584,Tea,1.0,1.5,1.5,Cash,In-store,2023-11-28
6679,TXN_3966911,Tea,3.0,1.5,4.5,Credit Card,,2023-07-16
6680,TXN_6880338,Cake,3.0,3.0,9.0,Digital Wallet,Takeaway,2023-11-06
6681,TXN_9362958,Juice,1.0,3.0,3.0,Cash,In-store,2023-07-19
6683,TXN_4032956,Coffee,5.0,2.0,10.0,Credit Card,,2023-03-15
6684,TXN_7894069,Juice,2.0,3.0,6.0,Digital Wallet,In-store,2023-11-20
6685,TXN_5296578,Coffee,1.0,2.0,2.0,Credit Card,Takeaway,2023-04-15
6689,TXN_2435025,Juice,1.0,3.0,3.0,Cash,In-store,2023-10-08
6691,TXN_4197090,Juice,3.0,3.0,9.0,Credit Card,Takeaway,2023-11-17
6695,TXN_5706734,Juice,1.0,3.0,3.0,Cash,UNKNOWN,2023-09-09
6696,TXN_6228847,Smoothie,3.0,4.0,12.0,Cash,,2023-01-13
6697,TXN_6479368,Smoothie,2.0,4.0,8.0,Credit Card,Takeaway,2023-09-08
6698,TXN_6991528,Cookie,3.0,1.0,3.0,Digital Wallet,Takeaway,2023-08-17
6699,TXN_2154866,Tea,2.0,1.5,3.0,Credit Card,Takeaway,2023-08-11
6700,TXN_1333524,Cake,2.0,3.0,6.0,Credit Card,,2023-05-05
6703,TXN_5762828,Tea,2.0,1.5,3.0,Digital Wallet,UNKNOWN,2023-03-23
6705,TXN_5679935,Coffee,2.0,2.0,4.0,Credit Card,,2023-07-19
6706,TXN_5236861,Coffee,4.0,2.0,8.0,Cash,Takeaway,2023-10-27
6707,TXN_9433035,Sandwich,1.0,4.0,4.0,Cash,In-store,2023-03-26
6708,TXN_4239051,Juice,2.0,3.0,6.0,Cash,,2023-09-30
6709,TXN_2970600,Salad,1.0,5.0,5.0,Credit Card,In-store,2023-08-18
6712,TXN_7543525,Tea,4.0,1.5,6.0,Credit Card,Takeaway,
6714,TXN_5376589,Coffee,5.0,2.0,10.0,Cash,Takeaway,
6715,TXN_3984842,Tea,4.0,1.5,6.0,Credit Card,Takeaway,2023-03-22
6718,TXN_2897727,Smoothie,5.0,4.0,20.0,Credit Card,Takeaway,2023-02-15
6719,TXN_3801179,Juice,2.0,3.0,6.0,Cash,In-store,2023-12-07
6720,TXN_7116267,Smoothie,4.0,4.0,16.0,UNKNOWN,,2023-07-29
6721,TXN_9878237,Cake,1.0,3.0,3.0,Credit Card,,2023-10-06
6722,TXN_2153838,Tea,4.0,1.5,6.0,Digital Wallet,In-store,2023-12-19
6723,TXN_7835785,Salad,1.0,5.0,5.0,Cash,In-store,2023-10-12
6724,TXN_5335079,Cake,1.0,3.0,3.0,Cash,In-store,2023-02-20
6727,TXN_5951573,Salad,3.0,5.0,15.0,Cash,,2023-12-22
6728,TXN_4612146,Cake,3.0,3.0,9.0,Cash,ERROR,2023-12-31
6729,TXN_7954368,Cake,3.0,3.0,9.0,Credit Card,,2023-10-06
6730,TXN_7898391,Salad,4.0,5.0,20.0,Credit Card,UNKNOWN,2023-02-26
6731,TXN_5746800,Coffee,4.0,2.0,8.0,Credit Card,Takeaway,2023-07-04
6732,TXN_4630658,Smoothie,1.0,4.0,4.0,Cash,Takeaway,2023-07-10
6733,TXN_6096492,Sandwich,5.0,4.0,20.0,UNKNOWN,Takeaway,2023-12-23
6734,TXN_8918905,Cookie,5.0,1.0,5.0,Digital Wallet,In-store,2023-06-05
6737,TXN_6610487,Coffee,5.0,2.0,10.0,Digital Wallet,Takeaway,2023-09-18
6738,TXN_1381818,Juice,4.0,3.0,12.0,Credit Card,,
6740,TXN_6396940,Cookie,2.0,1.0,2.0,Credit Card,Takeaway,2023-02-26
6741,TXN_2556368,Smoothie,1.0,4.0,4.0,Digital Wallet,,2023-10-26
6742,TXN_7655838,Juice,3.0,3.0,9.0,Digital Wallet,,2023-01-22
6744,TXN_2807590,Smoothie,4.0,4.0,16.0,Cash,Takeaway,2023-09-05
6747,TXN_1474329,Smoothie,2.0,4.0,8.0,Digital Wallet,Takeaway,2023-03-02
6748,TXN_5935394,Coffee,4.0,2.0,8.0,Digital Wallet,,2023-04-16
6750,TXN_7964661,Cake,3.0,3.0,9.0,Cash,ERROR,2023-04-01
6751,TXN_2798736,Sandwich,2.0,4.0,8.0,Digital Wallet,In-store,2023-01-15
6752,TXN_5007051,Salad,2.0,5.0,10.0,Digital Wallet,,2023-12-26
6753,TXN_2325141,Tea,3.0,1.5,4.5,Digital Wallet,,2023-08-26
6754,TXN_1489194,Coffee,3.0,2.0,6.0,Digital Wallet,Takeaway,2023-07-18
6756,TXN_7627772,Sandwich,4.0,4.0,16.0,Credit Card,Takeaway,2023-10-22
6757,TXN_4349970,Cookie,5.0,1.0,5.0,UNKNOWN,In-store,2023-05-25
6758,TXN_3936883,Coffee,2.0,2.0,4.0,Digital Wallet,In-store,2023-09-08
6759,TXN_1817275,Salad,2.0,5.0,10.0,Cash,In-store,2023-09-02
6761,TXN_3617989,Sandwich,3.0,4.0,12.0,Credit Card,Takeaway,2023-09-29
6762,TXN_1566564,Cookie,3.0,1.0,3.0,Credit Card,Takeaway,2023-09-08
6763,TXN_5170047,Salad,4.0,5.0,20.0,Cash,,2023-12-15
6764,TXN_6513163,Cake,2.0,3.0,6.0,Digital Wallet,Takeaway,2023-04-01
6765,TXN_7014478,Smoothie,5.0,4.0,20.0,Cash,,2023-04-26
6766,TXN_9929732,Sandwich,4.0,4.0,16.0,Credit Card,,2023-10-04
6770,TXN_7440057,Juice,1.0,3.0,3.0,Credit Card,,2023-07-05
6772,TXN_2911863,Sandwich,2.0,4.0,8.0,Credit Card,Takeaway,2023-07-09
6773,TXN_1991987,Cake,3.0,3.0,9.0,Credit Card,In-store,2023-10-22
6774,TXN_7232524,Cookie,3.0,1.0,3.0,Cash,In-store,2023-12-23
6775,TXN_5315665,Tea,3.0,1.5,4.5,Credit Card,,
6780,TXN_4234636,Smoothie,1.0,4.0,4.0,Credit Card,In-store,2023-01-30
6781,TXN_4750383,Coffee,2.0,2.0,4.0,Cash,,2023-06-30
6783,TXN_1701465,Cake,1.0,3.0,3.0,Cash,,2023-06-15
6787,TXN_2480488,Juice,2.0,3.0,6.0,Cash,Takeaway,2023-03-01
6788,TXN_6158834,Coffee,2.0,2.0,4.0,Credit Card,ERROR,2023-09-23
6791,TXN_9773646,Cake,4.0,3.0,12.0,Credit Card,Takeaway,2023-04-01
6792,TXN_1442096,Cookie,3.0,1.0,3.0,Credit Card,In-store,2023-06-27
6793,TXN_2337888,Coffee,1.0,2.0,2.0,Credit Card,In-store,2023-02-10
6794,TXN_8297751,Salad,3.0,5.0,15.0,Cash,Takeaway,2023-04-08
6795,TXN_9675838,Cake,2.0,3.0,6.0,Digital Wallet,,2023-02-06
6796,TXN_9241048,Cake,4.0,3.0,12.0,Credit Card,In-store,2023-08-27
6798,TXN_7548260,Juice,2.0,3.0,6.0,Cash,Takeaway,2023-02-27
6799,TXN_7047040,Salad,2.0,5.0,10.0,UNKNOWN,,2023-02-16
6800,TXN_1234907,Juice,1.0,3.0,3.0,Credit Card,In-store,2023-05-02
6803,TXN_7317475,Salad,4.0,5.0,20.0,Cash,Takeaway,2023-06-21
6808,TXN_1317114,Cookie,2.0,1.0,2.0,Digital Wallet,Takeaway,2023-11-06
6811,TXN_6655017,Smoothie,4.0,4.0,16.0,Cash,Takeaway,2023-12-04
6813,TXN_7478306,Tea,2.0,1.5,3.0,Digital Wallet,In-store,2023-06-14
6814,TXN_3163567,Salad,2.0,5.0,10.0,Digital Wallet,Takeaway,2023-06-01
6817,TXN_3954378,Tea,4.0,1.5,6.0,Cash,ERROR,2023-08-21
6818,TXN_5138053,Sandwich,5.0,4.0,20.0,UNKNOWN,Takeaway,2023-02-16
6824,TXN_7763212,Sandwich,1.0,4.0,4.0,Credit Card,,2023-01-10
6825,TXN_6889357,Salad,1.0,5.0,5.0,Cash,Takeaway,2023-03-08
6826,TXN_8565218,Cake,1.0,3.0,3.0,Digital Wallet,UNKNOWN,2023-05-03
6827,TXN_8235675,Tea,1.0,1.5,1.5,Credit Card,,2023-08-08
6828,TXN_6323915,Tea,3.0,1.5,4.5,Credit Card,In-store,2023-02-09
6829,TXN_4704321,Cake,3.0,3.0,9.0,Cash,,
6831,TXN_2931403,Juice,2.0,3.0,6.0,Credit Card,In-store,2023-05-29
6832,TXN_8036247,Coffee,1.0,2.0,2.0,Credit Card,Takeaway,2023-09-29
6833,TXN_4143264,Salad,1.0,5.0,5.0,Credit Card,Takeaway,2023-08-17
6834,TXN_3709117,Smoothie,5.0,4.0,20.0,Cash,,2023-02-04
6835,TXN_5124519,Smoothie,3.0,4.0,12.0,Credit Card,In-store,2023-09-07
6836,TXN_1529845,Juice,3.0,3.0,9.0,Credit Card,In-store,2023-01-25
6839,TXN_2674372,Cookie,4.0,1.0,4.0,Credit Card,Takeaway,2023-11-14
6840,TXN_7215900,Coffee,3.0,2.0,6.0,Cash,Takeaway,2023-08-26
6842,TXN_6622980,Salad,4.0,5.0,20.0,Digital Wallet,Takeaway,2023-09-26
6846,TXN_3447575,Sandwich,4.0,4.0,16.0,Credit Card,Takeaway,2023-01-17
6847,TXN_1131785,Sandwich,1.0,4.0,4.0,Cash,,2023-12-19
6851,TXN_9819697,Smoothie,3.0,4.0,12.0,Digital Wallet,In-store,2023-05-16
6852,TXN_1731476,Sandwich,1.0,4.0,4.0,Digital Wallet,Takeaway,2023-04-19
6854,TXN_1721342,Smoothie,5.0,4.0,20.0,Digital Wallet,In-store,2023-08-23
6855,TXN_7278328,Smoothie,1.0,4.0,4.0,Credit Card,ERROR,2023-01-29
6858,TXN_7979028,Sandwich,3.0,4.0,12.0,Cash,Takeaway,2023-07-12
6859,TXN_2474395,Smoothie,4.0,4.0,16.0,Digital Wallet,Takeaway,2023-12-28
6860,TXN_9168898,Juice,2.0,3.0,6.0,Cash,Takeaway,2023-09-28
6861,TXN_9675940,Juice,5.0,3.0,15.0,Credit Card,In-store,2023-06-02
6862,TXN_3618603,Salad,4.0,5.0,20.0,Cash,,2023-03-19
6864,TXN_1326993,Cookie,3.0,1.0,3.0,UNKNOWN,In-store,2023-12-30
6865,TXN_7427357,Cake,4.0,3.0,12.0,Digital Wallet,In-store,2023-10-31
6866,TXN_5806624,Cookie,5.0,1.0,5.0,Credit Card,In-store,2023-07-09
6868,TXN_6670371,Tea,3.0,1.5,4.5,Credit Card,Takeaway,2023-05-01
6869,TXN_8708588,Coffee,5.0,2.0,10.0,Digital Wallet,,2023-06-03
6874,TXN_8698717,Coffee,4.0,2.0,8.0,Digital Wallet,,2023-05-11
6875,TXN_2302259,Juice,3.0,3.0,9.0,Credit Card,Takeaway,2023-09-20
6879,TXN_4921865,Tea,2.0,1.5,3.0,Digital Wallet,In-store,2023-02-06
6881,TXN_7218134,Cake,5.0,3.0,15.0,Cash,,2023-01-14
6882,TXN_2897794,Cookie,4.0,1.0,4.0,Credit Card,Takeaway,2023-01-29
6884,TXN_4623642,Sandwich,1.0,4.0,4.0,Cash,Takeaway,2023-09-12
6886,TXN_2813872,Salad,1.0,5.0,5.0,Credit Card,Takeaway,2023-05-01
6887,TXN_1891978,Salad,4.0,5.0,20.0,Digital Wallet,In-store,2023-09-13
6889,TXN_6320502,Juice,4.0,3.0,12.0,Credit Card,,2023-08-16
6890,TXN_1797690,Cake,5.0,3.0,15.0,Credit Card,Takeaway,2023-08-10
6893,TXN_9831537,Cake,4.0,3.0,12.0,Credit Card,,2023-08-07
6894,TXN_7866805,Sandwich,3.0,4.0,12.0,Digital Wallet,In-store,2023-03-14
6895,TXN_1760092,Coffee,1.0,2.0,2.0,Credit Card,Takeaway,2023-04-15
6896,TXN_1887555,Juice,2.0,3.0,6.0,Cash,In-store,2023-01-08
6897,TXN_9872258,Juice,4.0,3.0,12.0,Cash,Takeaway,2023-07-24
6898,TXN_2437725,Sandwich,4.0,4.0,16.0,Credit Card,Takeaway,2023-01-27
6901,TXN_6440109,Cake,2.0,3.0,6.0,UNKNOWN,In-store,2023-09-09
6902,TXN_8790282,Coffee,3.0,2.0,6.0,UNKNOWN,,2023-10-18
6904,TXN_2903973,Cake,2.0,3.0,6.0,Credit Card,Takeaway,2023-12-26
6906,TXN_8306630,Sandwich,2.0,4.0,8.0,Credit Card,In-store,2023-04-26
6908,TXN_4612207,Juice,5.0,3.0,15.0,Digital Wallet,,2023-01-21
6909,TXN_1811216,Sandwich,1.0,4.0,4.0,Digital Wallet,Takeaway,2023-01-18
6911,TXN_9487384,Cake,1.0,3.0,3.0,Credit Card,,2023-11-27
6913,TXN_9219961,Coffee,5.0,2.0,10.0,Credit Card,ERROR,2023-04-04
6918,TXN_5549522,Juice,5.0,3.0,15.0,Digital Wallet,Takeaway,2023-12-16
6919,TXN_4234750,Juice,2.0,3.0,6.0,Cash,,2023-09-03
6920,TXN_9694799,Tea,3.0,1.5,4.5,Cash,Takeaway,2023-04-14
6921,TXN_6733436,Juice,2.0,3.0,6.0,Credit Card,Takeaway,2023-02-02
6923,TXN_8496788,Juice,4.0,3.0,12.0,Cash,,2023-06-14
6924,TXN_3131168,Sandwich,3.0,4.0,12.0,Cash,,2023-03-24
6927,TXN_9617269,Coffee,1.0,2.0,2.0,Digital Wallet,,
6931,TXN_4177796,Juice,4.0,3.0,12.0,Cash,Takeaway,2023-04-17
6933,TXN_2905118,Tea,5.0,1.5,7.5,Digital Wallet,Takeaway,2023-03-04
6934,TXN_8058105,Tea,3.0,1.5,4.5,Cash,,2023-03-07
6935,TXN_5005793,Sandwich,4.0,4.0,16.0,Credit Card,In-store,2023-01-21
6936,TXN_2840861,Tea,2.0,1.5,3.0,Digital Wallet,Takeaway,2023-05-31
6937,TXN_1088497,Sandwich,1.0,4.0,4.0,Digital Wallet,Takeaway,2023-07-05
6938,TXN_4083872,Salad,2.0,5.0,10.0,Digital Wallet,Takeaway,2023-08-05
6940,TXN_3052953,Coffee,5.0,2.0,10.0,Digital Wallet,,2023-02-28
6942,TXN_4064326,Cookie,2.0,1.0,2.0,Cash,Takeaway,2023-01-07
6943,TXN_8749775,Cake,5.0,3.0,15.0,Cash,Takeaway,2023-10-30
6944,TXN_6541284,Tea,4.0,1.5,6.0,Cash,Takeaway,2023-03-01
6946,TXN_1311519,Smoothie,5.0,4.0,20.0,Cash,,2023-01-28
6948,TXN_3413156,Juice,1.0,3.0,3.0,Credit Card,In-store,2023-10-16
6949,TXN_3130302,Smoothie,3.0,4.0,12.0,Credit Card,In-store,
6950,TXN_7418152,Cookie,4.0,1.0,4.0,Cash,Takeaway,2023-09-21
6952,TXN_2822949,Smoothie,2.0,4.0,8.0,Digital Wallet,,2023-11-19
6953,TXN_5868082,Coffee,5.0,2.0,10.0,Credit Card,In-store,2023-10-22
6956,TXN_2947622,Smoothie,5.0,4.0,20.0,UNKNOWN,,2023-08-06
6957,TXN_1413335,Salad,1.0,5.0,5.0,Digital Wallet,Takeaway,2023-05-17
6958,TXN_7086603,Cake,4.0,3.0,12.0,Credit Card,,2023-03-18
6959,TXN_6919325,Cake,3.0,3.0,9.0,Cash,UNKNOWN,2023-02-05
6960,TXN_7286934,Smoothie,2.0,4.0,8.0,Credit Card,In-store,2023-03-27
6961,TXN_5213014,Sandwich,3.0,4.0,12.0,Credit Card,,2023-05-09
6966,TXN_9250024,Cookie,2.0,1.0,2.0,Digital Wallet,,2023-03-21
6967,TXN_1353266,Smoothie,1.0,4.0,4.0,Digital Wallet,Takeaway,2023-08-30
6968,TXN_3950331,Tea,5.0,1.5,7.5,Digital Wallet,,2023-03-02
6969,TXN_3766657,Smoothie,5.0,4.0,20.0,UNKNOWN,,2023-08-16
6971,TXN_7233393,Juice,5.0,3.0,15.0,Credit Card,In-store,2023-11-22
6972,TXN_8273645,Juice,2.0,3.0,6.0,Cash,Takeaway,2023-11-02
6973,TXN_2474286,Juice,2.0,3.0,6.0,Digital Wallet,In-store,2023-12-09
6974,TXN_5145016,Sandwich,1.0,4.0,4.0,Cash,Takeaway,
6975,TXN_6700141,Sandwich,1.0,4.0,4.0,Cash,Takeaway,2023-04-12
6976,TXN_4006771,Cookie,3.0,1.0,3.0,Credit Card,UNKNOWN,2023-02-06
6978,TXN_2714524,Sandwich,4.0,4.0,16.0,Cash,Takeaway,2023-01-02
6980,TXN_5432582,Juice,3.0,3.0,9.0,UNKNOWN,,2023-08-30
6982,TXN_4030519,Smoothie,2.0,4.0,8.0,Digital Wallet,Takeaway,2023-01-22
6983,TXN_8716594,Salad,4.0,5.0,20.0,Credit Card,Takeaway,2023-08-26
6984,TXN_5159483,Juice,2.0,3.0,6.0,Digital Wallet,In-store,2023-05-24
6985,TXN_6347482,Tea,2.0,1.5,3.0,Digital Wallet,,2023-07-10
6986,TXN_4688236,Coffee,4.0,2.0,8.0,Cash,In-store,2023-07-05
6989,TXN_4878020,Cake,3.0,3.0,9.0,UNKNOWN,In-store,2023-03-17
6990,TXN_3158921,Sandwich,1.0,4.0,4.0,Digital Wallet,In-store,2023-04-16
6993,TXN_7476268,Juice,2.0,3.0,6.0,Credit Card,,2023-06-07
6994,TXN_2741928,Cake,1.0,3.0,3.0,Digital Wallet,In-store,2023-10-06
6996,TXN_2838958,Coffee,1.0,2.0,2.0,Cash,Takeaway,2023-03-10
6998,TXN_1293509,Juice,3.0,3.0,9.0,Cash,In-store,
6999,TXN_1124655,Salad,3.0,5.0,15.0,Cash,,2023-10-23
7000,TXN_1367723,Coffee,3.0,2.0,6.0,Cash,In-store,2023-10-25
7001,TXN_1710476,Juice,4.0,3.0,12.0,Digital Wallet,Takeaway,2023-05-22
7002,TXN_2248497,Salad,2.0,5.0,10.0,Cash,Takeaway,2023-03-07
7003,TXN_9403754,Cake,5.0,3.0,15.0,Credit Card,Takeaway,2023-06-19
7005,TXN_2495788,Cookie,2.0,1.0,2.0,Credit Card,Takeaway,2023-12-16
7006,TXN_7528294,Juice,3.0,3.0,9.0,Digital Wallet,,2023-09-27
7007,TXN_2844982,Cookie,1.0,1.0,1.0,Digital Wallet,Takeaway,2023-03-04
7008,TXN_9345439,Coffee,2.0,2.0,4.0,Cash,Takeaway,2023-08-07
7011,TXN_9710430,Sandwich,3.0,4.0,12.0,Credit Card,Takeaway,2023-01-10
7012,TXN_8859035,Cake,3.0,3.0,9.0,Digital Wallet,Takeaway,2023-01-19
7014,TXN_9577339,Cake,2.0,3.0,6.0,Digital Wallet,,2023-03-10
7015,TXN_9206049,Cookie,1.0,1.0,1.0,Credit Card,In-store,2023-09-17
7016,TXN_8748070,Cookie,2.0,1.0,2.0,Credit Card,In-store,2023-07-31
7017,TXN_1079241,Juice,3.0,3.0,9.0,Digital Wallet,Takeaway,2023-07-16
7018,TXN_8250845,Cookie,1.0,1.0,1.0,Cash,,2023-12-09
7019,TXN_7878520,Sandwich,3.0,4.0,12.0,Digital Wallet,Takeaway,2023-08-29
7024,TXN_7682621,Sandwich,4.0,4.0,16.0,Cash,Takeaway,2023-11-07
7026,TXN_3291900,Smoothie,4.0,4.0,16.0,Cash,Takeaway,2023-05-04
7027,TXN_1390917,Sandwich,1.0,4.0,4.0,Credit Card,,2023-01-16
7032,TXN_7334418,Cookie,2.0,1.0,2.0,Digital Wallet,UNKNOWN,2023-03-24
7033,TXN_7927109,Tea,1.0,1.5,1.5,Cash,,2023-04-18
7034,TXN_9352814,Tea,4.0,1.5,6.0,Cash,UNKNOWN,2023-09-10
7036,TXN_8305586,Coffee,4.0,2.0,8.0,Cash,,2023-01-06
7037,TXN_6501091,Juice,2.0,3.0,6.0,Digital Wallet,Takeaway,2023-05-07
7040,TXN_1721366,Smoothie,5.0,4.0,20.0,Digital Wallet,In-store,2023-04-09
7041,TXN_3924170,Tea,3.0,1.5,4.5,Credit Card,In-store,2023-08-07
7043,TXN_3740465,Cookie,4.0,1.0,4.0,Digital Wallet,,2023-03-08
7044,TXN_5227798,Salad,4.0,5.0,20.0,Cash,,2023-09-02
7045,TXN_9374286,Coffee,5.0,2.0,10.0,Cash,In-store,2023-08-07
7046,TXN_6577619,Salad,3.0,5.0,15.0,Credit Card,In-store,2023-07-22
7047,TXN_5154112,Cake,3.0,3.0,9.0,Credit Card,Takeaway,
7049,TXN_6412590,Salad,1.0,5.0,5.0,Digital Wallet,,2023-06-12
7050,TXN_1577802,Juice,2.0,3.0,6.0,Credit Card,In-store,2023-11-29
7052,TXN_2141924,Salad,5.0,5.0,25.0,Cash,In-store,2023-11-27
7053,TXN_6775972,Coffee,3.0,2.0,6.0,Credit Card,,2023-09-15
7054,TXN_8799599,Coffee,1.0,2.0,2.0,Credit Card,UNKNOWN,2023-09-10
7055,TXN_2866735,Cookie,4.0,1.0,4.0,Cash,Takeaway,2023-03-13
7056,TXN_2199500,Smoothie,1.0,4.0,4.0,Credit Card,,2023-04-04
7058,TXN_8279269,Smoothie,4.0,4.0,16.0,Digital Wallet,,2023-06-14
7059,TXN_2829951,Smoothie,4.0,4.0,16.0,Credit Card,,2023-06-28
7060,TXN_6748374,Salad,1.0,5.0,5.0,Credit Card,Takeaway,2023-07-24
7061,TXN_5056971,Tea,4.0,1.5,6.0,Cash,Takeaway,2023-08-22
7062,TXN_8675052,Cookie,3.0,1.0,3.0,Credit Card,,2023-11-23
7063,TXN_6481150,Salad,4.0,5.0,20.0,Digital Wallet,In-store,2023-03-30
7064,TXN_2371827,Cookie,5.0,1.0,5.0,Cash,In-store,2023-04-03
7065,TXN_3677109,Cake,5.0,3.0,15.0,Digital Wallet,,2023-12-02
7066,TXN_5457767,Cake,3.0,3.0,9.0,Cash,In-store,2023-08-14
7068,TXN_3661311,Juice,2.0,3.0,6.0,Digital Wallet,,2023-04-30
7070,TXN_6443522,Smoothie,4.0,4.0,16.0,Digital Wallet,In-store,2023-06-22
7074,TXN_1641000,Sandwich,2.0,4.0,8.0,Cash,,2023-08-19
7076,TXN_1228888,Cookie,1.0,1.0,1.0,Credit Card,In-store,2023-10-05
7081,TXN_3221795,Sandwich,5.0,4.0,20.0,Cash,,2023-10-01
7082,TXN_8432624,Juice,3.0,3.0,9.0,Cash,Takeaway,2023-06-24
7084,TXN_2490699,Coffee,1.0,2.0,2.0,Cash,,2023-10-05
7085,TXN_1898102,Cake,4.0,3.0,12.0,Credit Card,Takeaway,2023-10-17
7087,TXN_6142529,Tea,5.0,1.5,7.5,Credit Card,In-store,2023-07-21
7088,TXN_9279935,Coffee,2.0,2.0,4.0,Digital Wallet,In-store,2023-06-02
7092,TXN_2501656,Cake,5.0,3.0,15.0,Digital Wallet,Takeaway,2023-07-02
7094,TXN_8917809,Salad,5.0,5.0,25.0,Cash,,2023-07-29
7096,TXN_6959065,Coffee,5.0,2.0,10.0,Digital Wallet,Takeaway,2023-05-05
7099,TXN_4865947,Tea,2.0,1.5,3.0,Cash,Takeaway,
7100,TXN_5468350,Salad,4.0,5.0,20.0,Credit Card,In-store,
7101,TXN_6907555,Tea,2.0,1.5,3.0,Credit Card,,2023-09-21
7103,TXN_8285283,Juice,5.0,3.0,15.0,Digital Wallet,,2023-09-21
7106,TXN_6794035,Sandwich,1.0,4.0,4.0,Digital Wallet,,2023-11-04
7107,TXN_6265760,Cake,1.0,3.0,3.0,Credit Card,Takeaway,2023-06-21
7111,TXN_8882176,Cookie,4.0,1.0,4.0,Cash,Takeaway,2023-03-28
7113,TXN_3492861,Cookie,5.0,1.0,5.0,Cash,,2023-11-09
7114,TXN_3655322,Juice,3.0,3.0,9.0,Digital Wallet,Takeaway,2023-10-03
7116,TXN_5734319,Coffee,5.0,2.0,10.0,Cash,Takeaway,2023-06-01
7117,TXN_2535662,Juice,1.0,3.0,3.0,Cash,ERROR,2023-05-01
7119,TXN_1370465,Cookie,4.0,1.0,4.0,Digital Wallet,,2023-03-25
7120,TXN_7343660,Salad,5.0,5.0,25.0,Credit Card,In-store,2023-08-06
7121,TXN_7777602,Salad,1.0,5.0,5.0,Cash,,2023-04-26
7122,TXN_3430805,Juice,4.0,3.0,12.0,Credit Card,,2023-11-12
7123,TXN_3886176,Cookie,4.0,1.0,4.0,Cash,,
7124,TXN_8219472,Cookie,4.0,1.0,4.0,Credit Card,,2023-11-09
7126,TXN_2330694,Salad,3.0,5.0,15.0,Cash,In-store,2023-05-31
7127,TXN_4476076,Smoothie,2.0,4.0,8.0,Digital Wallet,Takeaway,2023-03-26
7128,TXN_4183749,Cake,4.0,3.0,12.0,Credit Card,Takeaway,2023-01-25
7129,TXN_8132145,Tea,1.0,1.5,1.5,Digital Wallet,,2023-08-04
7130,TXN_9286960,Cookie,3.0,1.0,3.0,Cash,,2023-12-26
7131,TXN_6901619,Tea,2.0,1.5,3.0,Digital Wallet,In-store,2023-10-16
7133,TXN_4461853,Cake,5.0,3.0,15.0,Credit Card,In-store,
7139,TXN_7847913,Smoothie,3.0,4.0,12.0,Digital Wallet,In-store,2023-05-17
7140,TXN_1792405,Tea,3.0,1.5,4.5,Digital Wallet,Takeaway,2023-07-06
7141,TXN_6101067,Smoothie,1.0,4.0,4.0,Credit Card,Takeaway,2023-09-05
7142,TXN_2260070,Salad,1.0,5.0,5.0,Cash,,2023-10-06
7144,TXN_3994585,Cake,3.0,3.0,9.0,Digital Wallet,In-store,2023-07-24
7145,TXN_5202752,Smoothie,5.0,4.0,20.0,Credit Card,Takeaway,2023-05-08
7146,TXN_8714850,Juice,5.0,3.0,15.0,Cash,In-store,2023-04-30
7147,TXN_3504925,Smoothie,5.0,4.0,20.0,Cash,,2023-09-21
7148,TXN_4919285,Coffee,4.0,2.0,8.0,Cash,Takeaway,2023-10-15
7149,TXN_4876398,Salad,2.0,5.0,10.0,Cash,,2023-04-21
7150,TXN_5456362,Smoothie,4.0,4.0,16.0,Credit Card,,2023-07-06
7151,TXN_4377249,Coffee,3.0,2.0,6.0,Digital Wallet,,2023-07-26
7153,TXN_1571824,Cookie,4.0,1.0,4.0,Cash,Takeaway,2023-10-16
7154,TXN_3920273,Smoothie,4.0,4.0,16.0,Digital Wallet,In-store,2023-09-05
7155,TXN_8222593,Sandwich,4.0,4.0,16.0,Credit Card,,2023-05-11
7156,TXN_5054719,Sandwich,2.0,4.0,8.0,Credit Card,UNKNOWN,2023-04-17
7157,TXN_2242015,Tea,2.0,1.5,3.0,Cash,ERROR,2023-08-26
7160,TXN_7268387,Juice,3.0,3.0,9.0,Credit Card,Takeaway,2023-04-09
7161,TXN_6268823,Smoothie,2.0,4.0,8.0,Digital Wallet,Takeaway,2023-04-18
7162,TXN_5578828,Cookie,4.0,1.0,4.0,Cash,In-store,2023-05-12
7163,TXN_5727550,Coffee,3.0,2.0,6.0,Digital Wallet,,2023-10-11
7164,TXN_9597063,Coffee,2.0,2.0,4.0,Digital Wallet,In-store,2023-07-20
7165,TXN_6867132,Cake,2.0,3.0,6.0,Cash,In-store,2023-02-01
7166,TXN_1971865,Cake,1.0,3.0,3.0,Digital Wallet,Takeaway,2023-04-11
7169,TXN_6724588,Juice,2.0,3.0,6.0,Digital Wallet,In-store,2023-10-16
7170,TXN_2929426,Salad,5.0,5.0,25.0,Cash,Takeaway,2023-01-29
7171,TXN_9669749,Salad,4.0,5.0,20.0,Credit Card,,2023-03-26
7172,TXN_9105374,Juice,4.0,3.0,12.0,Digital Wallet,In-store,2023-01-25
7173,TXN_6553641,Salad,1.0,5.0,5.0,Cash,In-store,
7175,TXN_5594043,Cake,4.0,3.0,12.0,Cash,,2023-06-22
7177,TXN_2882571,Cake,1.0,3.0,3.0,Credit Card,In-store,2023-05-24
7178,TXN_6640488,Tea,3.0,1.5,4.5,Credit Card,Takeaway,2023-04-01
7179,TXN_7621512,Salad,4.0,5.0,20.0,Digital Wallet,In-store,2023-07-24
7181,TXN_3338458,Cake,5.0,3.0,15.0,Cash,,2023-10-27
7182,TXN_3104867,Juice,3.0,3.0,9.0,Digital Wallet,,2023-03-28
7183,TXN_9286019,Smoothie,4.0,4.0,16.0,Cash,Takeaway,2023-05-28
7184,TXN_1923263,Sandwich,4.0,4.0,16.0,Digital Wallet,In-store,2023-03-12
7189,TXN_7629728,Coffee,4.0,2.0,8.0,Digital Wallet,In-store,2023-12-15
7191,TXN_8903958,Juice,2.0,3.0,6.0,Digital Wallet,Takeaway,2023-11-12
7197,TXN_6761273,Juice,5.0,3.0,15.0,Digital Wallet,UNKNOWN,2023-10-13
7198,TXN_6076602,Tea,4.0,1.5,6.0,Credit Card,In-store,2023-02-07
7202,TXN_2340643,Salad,5.0,5.0,25.0,Cash,In-store,2023-01-05
7203,TXN_4397349,Sandwich,2.0,4.0,8.0,UNKNOWN,,2023-06-08
7204,TXN_1072984,Tea,4.0,1.5,6.0,Digital Wallet,,2023-01-11
7205,TXN_3238759,Sandwich,5.0,4.0,20.0,Digital Wallet,In-store,2023-07-20
7207,TXN_3858607,Salad,5.0,5.0,25.0,Digital Wallet,,2023-12-02
7208,TXN_3585602,Juice,2.0,3.0,6.0,Cash,In-store,2023-04-17
7209,TXN_8096618,Coffee,4.0,2.0,8.0,Digital Wallet,In-store,2023-02-20
7211,TXN_2639283,Juice,5.0,3.0,15.0,Digital Wallet,Takeaway,2023-08-13
7212,TXN_1505837,Sandwich,3.0,4.0,12.0,Credit Card,In-store,2023-12-15
7213,TXN_2566299,Juice,2.0,3.0,6.0,Cash,,2023-08-20
7214,TXN_7292790,Cookie,4.0,1.0,4.0,Cash,In-store,2023-06-13
7215,TXN_7631496,Cookie,3.0,1.0,3.0,Digital Wallet,In-store,2023-11-05
7216,TXN_6251282,Juice,4.0,3.0,12.0,Cash,,2023-11-15
7217,TXN_6266750,Sandwich,1.0,4.0,4.0,Cash,,2023-04-21
7218,TXN_6770844,Juice,1.0,3.0,3.0,Digital Wallet,In-store,2023-05-08
7220,TXN_4699911,Coffee,2.0,2.0,4.0,Digital Wallet,Takeaway,2023-07-21
7221,TXN_3472433,Coffee,4.0,2.0,8.0,Credit Card,Takeaway,2023-10-29
7222,TXN_7179827,Juice,4.0,3.0,12.0,Credit Card,In-store,2023-06-28
7224,TXN_9800351,Tea,3.0,1.5,4.5,Cash,ERROR,2023-06-16
7229,TXN_9927220,Juice,5.0,3.0,15.0,Cash,,2023-09-14
7234,TXN_6046363,Smoothie,5.0,4.0,20.0,Digital Wallet,Takeaway,2023-03-20
7235,TXN_2920578,Smoothie,4.0,4.0,16.0,Cash,,2023-09-06
7236,TXN_7117210,Juice,4.0,3.0,12.0,Digital Wallet,In-store,2023-09-25
7237,TXN_5823330,Salad,3.0,5.0,15.0,Digital Wallet,In-store,2023-10-19
7238,TXN_8155540,Salad,5.0,5.0,25.0,Credit Card,Takeaway,2023-03-19
7239,TXN_2418609,Sandwich,2.0,4.0,8.0,Digital Wallet,In-store,2023-09-06
7240,TXN_8570149,Tea,1.0,1.5,1.5,Credit Card,,2023-06-03
7241,TXN_4382802,Sandwich,1.0,4.0,4.0,Digital Wallet,Takeaway,2023-07-17
7242,TXN_9970964,Smoothie,2.0,4.0,8.0,Credit Card,Takeaway,2023-07-07
7243,TXN_5946779,Sandwich,1.0,4.0,4.0,Cash,In-store,2023-05-25
7245,TXN_8982328,Juice,1.0,3.0,3.0,Credit Card,In-store,2023-10-20
7248,TXN_4624019,Cookie,1.0,1.0,1.0,Cash,UNKNOWN,2023-02-12
7250,TXN_6667083,Cake,1.0,3.0,3.0,Cash,,2023-03-19
7252,TXN_5144090,Coffee,5.0,2.0,10.0,Digital Wallet,UNKNOWN,2023-05-15
7253,TXN_1322421,Juice,4.0,3.0,12.0,Credit Card,Takeaway,2023-03-05
7254,TXN_4474441,Coffee,4.0,2.0,8.0,Credit Card,,2023-08-23
7257,TXN_4972634,Sandwich,5.0,4.0,20.0,Credit Card,In-store,2023-07-22
7259,TXN_8159772,Cake,1.0,3.0,3.0,Credit Card,In-store,2023-10-02
7261,TXN_4360970,Tea,3.0,1.5,4.5,Digital Wallet,Takeaway,2023-06-28
7263,TXN_3886583,Tea,3.0,1.5,4.5,Digital Wallet,In-store,2023-05-03
7266,TXN_4039864,Cake,2.0,3.0,6.0,Cash,In-store,2023-07-24
7268,TXN_8103754,Salad,5.0,5.0,25.0,Cash,Takeaway,2023-01-29
7269,TXN_6318017,Tea,3.0,1.5,4.5,Cash,In-store,2023-06-23
7271,TXN_4583009,Salad,5.0,5.0,25.0,Credit Card,In-store,2023-01-08
7279,TXN_3190538,Coffee,2.0,2.0,4.0,Digital Wallet,,2023-06-03
7280,TXN_8863649,Cookie,1.0,1.0,1.0,Credit Card,In-store,2023-03-05
7284,TXN_8942829,Salad,5.0,5.0,25.0,Cash,,2023-03-11
7287,TXN_1830432,Cookie,3.0,1.0,3.0,Digital Wallet,Takeaway,2023-11-02
7289,TXN_2880516,Tea,1.0,1.5,1.5,Cash,In-store,2023-03-26
7293,TXN_2294603,Tea,1.0,1.5,1.5,Credit Card,Takeaway,2023-09-02
7294,TXN_7097760,Coffee,3.0,2.0,6.0,Digital Wallet,,2023-10-24
7295,TXN_1998357,Cake,2.0,3.0,6.0,Digital Wallet,,
7296,TXN_1220061,Sandwich,3.0,4.0,12.0,Digital Wallet,In-store,2023-09-03
7299,TXN_3463337,Juice,5.0,3.0,15.0,Credit Card,In-store,2023-09-20
7300,TXN_8016623,Tea,2.0,1.5,3.0,Cash,Takeaway,2023-05-09
7302,TXN_2841233,Cookie,1.0,1.0,1.0,Cash,Takeaway,2023-12-01
7303,TXN_1458905,Sandwich,1.0,4.0,4.0,Digital Wallet,Takeaway,2023-02-19
7304,TXN_3977520,Coffee,5.0,2.0,10.0,UNKNOWN,,2023-08-08
7305,TXN_3330279,Cake,1.0,3.0,3.0,Credit Card,,2023-11-13
7306,TXN_6234882,Cookie,4.0,1.0,4.0,Credit Card,ERROR,2023-01-01
7309,TXN_6093955,Tea,5.0,1.5,7.5,UNKNOWN,Takeaway,2023-01-01
7311,TXN_7994903,Smoothie,4.0,4.0,16.0,Credit Card,In-store,2023-01-09
7312,TXN_3109161,Sandwich,3.0,4.0,12.0,Digital Wallet,ERROR,2023-09-11
7313,TXN_2185727,Salad,4.0,5.0,20.0,Digital Wallet,In-store,2023-10-08
7314,TXN_8971366,Juice,2.0,3.0,6.0,Digital Wallet,In-store,2023-08-24
7315,TXN_3669866,Tea,3.0,1.5,4.5,Digital Wallet,In-store,2023-05-10
7316,TXN_9395223,Cookie,4.0,1.0,4.0,Credit Card,In-store,2023-12-29
7318,TXN_6325639,Juice,3.0,3.0,9.0,UNKNOWN,In-store,2023-07-19
7320,TXN_4779192,Cookie,5.0,1.0,5.0,Digital Wallet,,2023-11-06
7321,TXN_4163126,Sandwich,3.0,4.0,12.0,Digital Wallet,Takeaway,
7322,TXN_5808719,Juice,1.0,3.0,3.0,Cash,In-store,2023-10-01
7324,TXN_1985396,Sandwich,3.0,4.0,12.0,Cash,In-store,2023-01-23
7326,TXN_1533652,Tea,3.0,1.5,4.5,Cash,In-store,2023-08-17
7327,TXN_6345619,Cake,5.0,3.0,15.0,Digital Wallet,Takeaway,2023-12-09
7328,TXN_3218971,Sandwich,5.0,4.0,20.0,Credit Card,ERROR,2023-06-13
7329,TXN_8127681,Smoothie,1.0,4.0,4.0,Credit Card,Takeaway,2023-09-02
7330,TXN_7328604,Salad,2.0,5.0,10.0,Credit Card,,2023-02-25
7334,TXN_7705153,Tea,1.0,1.5,1.5,Digital Wallet,In-store,2023-01-25
7335,TXN_7037557,Salad,4.0,5.0,20.0,Cash,,2023-05-02
7336,TXN_9517548,Coffee,3.0,2.0,6.0,Cash,Takeaway,2023-01-25
7337,TXN_4467046,Salad,4.0,5.0,20.0,Digital Wallet,Takeaway,2023-09-27
7338,TXN_5074212,Juice,5.0,3.0,15.0,UNKNOWN,,2023-05-14
7339,TXN_8167530,Cake,3.0,3.0,9.0,Cash,In-store,2023-03-08
7341,TXN_5492822,Coffee,4.0,2.0,8.0,Digital Wallet,Takeaway,2023-12-16
7342,TXN_8538125,Cake,5.0,3.0,15.0,Digital Wallet,,2023-05-30
7343,TXN_1091115,Sandwich,5.0,4.0,20.0,Cash,Takeaway,2023-11-04
7344,TXN_5350286,Sandwich,5.0,4.0,20.0,Credit Card,,2023-02-18
7345,TXN_1534223,Cake,3.0,3.0,9.0,Credit Card,,2023-01-30
7347,TXN_7961171,Juice,3.0,3.0,9.0,Cash,In-store,2023-01-27
7349,TXN_6177334,Juice,1.0,3.0,3.0,Credit Card,In-store,2023-02-15
7350,TXN_7466297,Cookie,1.0,1.0,1.0,Digital Wallet,,2023-07-13
7352,TXN_3561149,Juice,4.0,3.0,12.0,Digital Wallet,Takeaway,2023-05-20
7353,TXN_2227825,Sandwich,5.0,4.0,20.0,Credit Card,,2023-06-05
7354,TXN_9965686,Cake,4.0,3.0,12.0,Credit Card,Takeaway,2023-10-02
7355,TXN_5303413,Coffee,1.0,2.0,2.0,Digital Wallet,In-store,2023-06-21
7356,TXN_5328814,Tea,3.0,1.5,4.5,Cash,,2023-10-18
7363,TXN_8722491,Smoothie,4.0,4.0,16.0,Cash,,2023-04-24
7365,TXN_6018020,Cookie,2.0,1.0,2.0,Credit Card,Takeaway,2023-01-12
7366,TXN_3305132,Cake,4.0,3.0,12.0,Credit Card,Takeaway,2023-01-30
7367,TXN_7951885,Salad,3.0,5.0,15.0,Credit Card,,2023-12-08
7371,TXN_9845746,Cake,1.0,3.0,3.0,Digital Wallet,In-store,2023-09-23
7372,TXN_1547704,Coffee,5.0,2.0,10.0,Cash,In-store,2023-02-14
7374,TXN_8477415,Salad,2.0,5.0,10.0,Credit Card,UNKNOWN,2023-05-01
7375,TXN_1039367,Sandwich,3.0,4.0,12.0,Cash,,2023-03-12
7376,TXN_5433982,Salad,5.0,5.0,25.0,Digital Wallet,,2023-07-07
7379,TXN_6135727,Juice,4.0,3.0,12.0,Digital Wallet,Takeaway,2023-12-15
7380,TXN_3660227,Juice,4.0,3.0,12.0,Credit Card,Takeaway,2023-05-13
7382,TXN_4064310,Tea,4.0,1.5,6.0,Cash,Takeaway,2023-07-24
7384,TXN_2978326,Smoothie,3.0,4.0,12.0,Cash,,2023-12-02
7385,TXN_9616828,Coffee,2.0,2.0,4.0,Digital Wallet,Takeaway,2023-12-20
7386,TXN_1522122,Cookie,5.0,1.0,5.0,Credit Card,In-store,2023-02-14
7387,TXN_2360229,Sandwich,1.0,4.0,4.0,Digital Wallet,,2023-06-18
7389,TXN_5285666,Coffee,5.0,2.0,10.0,Cash,,2023-03-20
7390,TXN_5029453,Sandwich,2.0,4.0,8.0,Digital Wallet,In-store,2023-06-24
7391,TXN_6117421,Cake,2.0,3.0,6.0,Cash,,2023-05-04
7392,TXN_8759461,Tea,2.0,1.5,3.0,Cash,In-store,2023-01-31
7393,TXN_2962728,Salad,4.0,5.0,20.0,Credit Card,,2023-12-05
7394,TXN_6527482,Juice,1.0,3.0,3.0,UNKNOWN,Takeaway,2023-08-27
7396,TXN_6276679,Cookie,3.0,1.0,3.0,Digital Wallet,Takeaway,2023-11-08
7397,TXN_2507188,Coffee,1.0,2.0,2.0,Credit Card,,2023-02-04
7398,TXN_9386165,Sandwich,2.0,4.0,8.0,Digital Wallet,In-store,2023-06-01
7399,TXN_6064232,Tea,2.0,1.5,3.0,Credit Card,Takeaway,2023-04-09
7400,TXN_3604017,Cake,4.0,3.0,12.0,Digital Wallet,In-store,2023-09-21
7401,TXN_3486548,Tea,1.0,1.5,1.5,Digital Wallet,,2023-07-08
7402,TXN_1465584,Sandwich,1.0,4.0,4.0,Credit Card,In-store,2023-04-29
7405,TXN_3212505,Sandwich,3.0,4.0,12.0,Credit Card,,2023-07-15
7407,TXN_2311188,Cake,2.0,3.0,6.0,Digital Wallet,UNKNOWN,2023-09-07
7408,TXN_6344806,Juice,3.0,3.0,9.0,Credit Card,,2023-05-08
7411,TXN_7419274,Juice,2.0,3.0,6.0,Cash,Takeaway,2023-12-18
7413,TXN_2205071,Coffee,5.0,2.0,10.0,Credit Card,In-store,2023-11-23
7414,TXN_5790078,Juice,4.0,3.0,12.0,Digital Wallet,Takeaway,2023-04-16
7415,TXN_4119210,Tea,3.0,1.5,4.5,Cash,In-store,2023-05-02
7416,TXN_2349072,Smoothie,5.0,4.0,20.0,Cash,Takeaway,2023-09-06
7419,TXN_6444911,Juice,5.0,3.0,15.0,Credit Card,,2023-02-11
7420,TXN_4186842,Juice,5.0,3.0,15.0,UNKNOWN,Takeaway,2023-10-29
7421,TXN_2194305,Sandwich,2.0,4.0,8.0,Credit Card,Takeaway,2023-09-16
7423,TXN_4837447,Cake,2.0,3.0,6.0,Digital Wallet,Takeaway,2023-11-06
7424,TXN_5517185,Smoothie,3.0,4.0,12.0,Digital Wallet,,2023-11-05
7432,TXN_8063016,Cookie,1.0,1.0,1.0,Cash,,2023-02-27
7436,TXN_5560669,Salad,5.0,5.0,25.0,Credit Card,,2023-06-30
7437,TXN_4046095,Juice,2.0,3.0,6.0,Digital Wallet,Takeaway,2023-10-12
7438,TXN_6559598,Juice,1.0,3.0,3.0,Digital Wallet,,2023-05-08
7439,TXN_9707159,Cake,5.0,3.0,15.0,Credit Card,In-store,2023-11-10
7440,TXN_9983518,Tea,2.0,1.5,3.0,Credit Card,In-store,2023-07-18
7441,TXN_1714348,Sandwich,2.0,4.0,8.0,Cash,Takeaway,2023-12-31
7442,TXN_8211288,Smoothie,1.0,4.0,4.0,Cash,In-store,2023-04-23
7444,TXN_6335423,Coffee,2.0,2.0,4.0,Credit Card,In-store,2023-06-18
7445,TXN_9475783,Sandwich,5.0,4.0,20.0,Credit Card,Takeaway,2023-02-11
7449,TXN_1645743,Cookie,4.0,1.0,4.0,Digital Wallet,Takeaway,2023-07-02
7450,TXN_8167311,Salad,1.0,5.0,5.0,UNKNOWN,Takeaway,2023-10-09
7451,TXN_2377667,Smoothie,3.0,4.0,12.0,Digital Wallet,Takeaway,2023-10-27
7453,TXN_3312574,Cookie,2.0,1.0,2.0,UNKNOWN,,2023-11-03
7455,TXN_6846085,Cookie,4.0,1.0,4.0,Digital Wallet,,2023-02-26
7459,TXN_6716151,Sandwich,3.0,4.0,12.0,Digital Wallet,Takeaway,2023-01-26
7460,TXN_5303258,Sandwich,4.0,4.0,16.0,Digital Wallet,In-store,2023-09-28
7462,TXN_8831659,Sandwich,1.0,4.0,4.0,Credit Card,,2023-01-29
7465,TXN_2188342,Coffee,3.0,2.0,6.0,Cash,,2023-09-10
7468,TXN_9456357,Cake,3.0,3.0,9.0,Credit Card,,2023-02-21
7470,TXN_9263030,Sandwich,5.0,4.0,20.0,Cash,Takeaway,2023-07-03
7472,TXN_4129476,Coffee,2.0,2.0,4.0,Cash,,2023-10-24
7473,TXN_7060691,Salad,5.0,5.0,25.0,Credit Card,,2023-10-25
7475,TXN_5528787,Juice,2.0,3.0,6.0,Digital Wallet,,2023-10-22
7476,TXN_8952145,Cake,3.0,3.0,9.0,Credit Card,Takeaway,2023-01-28
7477,TXN_8062811,Coffee,2.0,2.0,4.0,Cash,Takeaway,2023-04-07
7479,TXN_2020445,Smoothie,2.0,4.0,8.0,Cash,,2023-03-06
7480,TXN_7855761,Cookie,1.0,1.0,1.0,Cash,In-store,2023-01-10
7481,TXN_9455977,Tea,1.0,1.5,1.5,Digital Wallet,Takeaway,2023-03-10
7484,TXN_4528522,Coffee,5.0,2.0,10.0,Digital Wallet,Takeaway,2023-12-04
7485,TXN_7049861,Cake,5.0,3.0,15.0,Cash,In-store,2023-01-20
7488,TXN_4982382,Salad,1.0,5.0,5.0,Cash,,2023-01-05
7489,TXN_9001844,Sandwich,1.0,4.0,4.0,Cash,Takeaway,2023-08-02
7490,TXN_9104710,Salad,5.0,5.0,25.0,Cash,Takeaway,2023-03-20
7491,TXN_8266662,Coffee,5.0,2.0,10.0,Credit Card,,2023-04-09
7494,TXN_2241162,Juice,3.0,3.0,9.0,UNKNOWN,,2023-08-09
7495,TXN_5757933,Tea,1.0,1.5,1.5,Cash,,2023-02-20
7496,TXN_8859144,Cake,1.0,3.0,3.0,Digital Wallet,Takeaway,2023-01-15
7497,TXN_8740257,Cake,5.0,3.0,15.0,Digital Wallet,,2023-06-09
7498,TXN_4271034,Smoothie,3.0,4.0,12.0,Digital Wallet,In-store,2023-02-28
7499,TXN_2741424,Tea,4.0,1.5,6.0,Credit Card,In-store,2023-05-03
7500,TXN_4709135,Sandwich,2.0,4.0,8.0,Credit Card,Takeaway,
7501,TXN_6676143,Sandwich,5.0,4.0,20.0,Cash,In-store,2023-05-21
7502,TXN_2199647,Salad,1.0,5.0,5.0,Cash,,2023-05-05
7503,TXN_3016079,Smoothie,3.0,4.0,12.0,Digital Wallet,Takeaway,2023-09-24
7504,TXN_3140950,Juice,5.0,3.0,15.0,Credit Card,,
7505,TXN_6881662,Salad,2.0,5.0,10.0,Digital Wallet,Takeaway,2023-07-10
7506,TXN_4238818,Coffee,2.0,2.0,4.0,Digital Wallet,UNKNOWN,2023-04-05
7507,TXN_2146829,Salad,4.0,5.0,20.0,Cash,,2023-12-26
7508,TXN_8131537,Smoothie,2.0,4.0,8.0,Credit Card,,2023-12-03
7509,TXN_9812021,Tea,5.0,1.5,7.5,Credit Card,In-store,2023-02-12
7510,TXN_7947711,Salad,3.0,5.0,15.0,Digital Wallet,Takeaway,2023-12-06
7511,TXN_6774688,Salad,1.0,5.0,5.0,Credit Card,UNKNOWN,2023-01-18
7512,TXN_3949676,Juice,4.0,3.0,12.0,Credit Card,In-store,2023-12-21
7513,TXN_4283693,Salad,2.0,5.0,10.0,Cash,In-store,2023-01-05
7514,TXN_2274945,Sandwich,4.0,4.0,16.0,Cash,In-store,2023-03-29
7516,TXN_6787259,Sandwich,2.0,4.0,8.0,Credit Card,In-store,2023-08-18
7517,TXN_7062893,Smoothie,2.0,4.0,8.0,Digital Wallet,In-store,2023-10-15
7519,TXN_8533584,Cookie,2.0,1.0,2.0,Cash,Takeaway,2023-03-11
7520,TXN_4311369,Smoothie,2.0,4.0,8.0,Digital Wallet,Takeaway,2023-08-18
7522,TXN_8230414,Sandwich,4.0,4.0,16.0,Cash,,2023-11-20
7525,TXN_7485706,Cookie,5.0,1.0,5.0,Credit Card,Takeaway,2023-11-15
7526,TXN_9908225,Smoothie,5.0,4.0,20.0,Credit Card,In-store,2023-01-04
7527,TXN_7163533,Smoothie,4.0,4.0,16.0,Credit Card,Takeaway,2023-08-17
7528,TXN_6867995,Cookie,3.0,1.0,3.0,Digital Wallet,In-store,2023-10-15
7529,TXN_9563685,Salad,1.0,5.0,5.0,Credit Card,,2023-07-28
7530,TXN_3345675,Cookie,4.0,1.0,4.0,UNKNOWN,,2023-09-23
7532,TXN_7697294,Smoothie,3.0,4.0,12.0,UNKNOWN,,2023-01-17
7533,TXN_5256055,Salad,5.0,5.0,25.0,Credit Card,Takeaway,2023-02-07
7535,TXN_6067979,Sandwich,1.0,4.0,4.0,Credit Card,In-store,2023-07-29
7537,TXN_6515226,Juice,1.0,3.0,3.0,Digital Wallet,,2023-01-05
7538,TXN_6069730,Juice,1.0,3.0,3.0,Cash,In-store,2023-02-05
7539,TXN_2396191,Juice,4.0,3.0,12.0,Credit Card,,2023-05-12
7540,TXN_5223162,Juice,3.0,3.0,9.0,Digital Wallet,,2023-10-29
7541,TXN_4224401,Salad,3.0,5.0,15.0,Digital Wallet,In-store,2023-12-18
7543,TXN_1048616,Tea,1.0,1.5,1.5,Cash,,2023-10-10
7545,TXN_8549341,Cake,5.0,3.0,15.0,Cash,Takeaway,
7547,TXN_1570632,Sandwich,5.0,4.0,20.0,Digital Wallet,,2023-02-28
7548,TXN_4650811,Tea,5.0,1.5,7.5,Cash,,2023-09-26
7549,TXN_9858152,Smoothie,2.0,4.0,8.0,Digital Wallet,In-store,2023-01-28
7550,TXN_2666773,Juice,3.0,3.0,9.0,Credit Card,,2023-06-29
7552,TXN_4060332,Smoothie,3.0,4.0,12.0,Credit Card,Takeaway,2023-07-10
7553,TXN_2780349,Coffee,5.0,2.0,10.0,Cash,,2023-11-12
7555,TXN_2905218,Smoothie,5.0,4.0,20.0,Cash,In-store,2023-09-03
7556,TXN_2041190,Juice,1.0,3.0,3.0,Digital Wallet,,2023-11-04
7558,TXN_8277583,Cookie,5.0,1.0,5.0,Digital Wallet,Takeaway,2023-08-15
7561,TXN_2078317,Tea,1.0,1.5,1.5,Cash,In-store,2023-09-21
7563,TXN_4442954,Coffee,2.0,2.0,4.0,Cash,,2023-12-15
7565,TXN_1560873,Cookie,2.0,1.0,2.0,UNKNOWN,Takeaway,2023-07-19
7566,TXN_7057481,Smoothie,3.0,4.0,12.0,Cash,In-store,2023-07-11
7567,TXN_6869767,Smoothie,2.0,4.0,8.0,Digital Wallet,Takeaway,2023-06-06
7571,TXN_1828494,Juice,2.0,3.0,6.0,Digital Wallet,Takeaway,2023-07-21
7572,TXN_5992635,Coffee,4.0,2.0,8.0,Digital Wallet,Takeaway,
7573,TXN_6011304,Cake,4.0,3.0,12.0,Cash,,2023-11-20
7576,TXN_3509609,Smoothie,3.0,4.0,12.0,Digital Wallet,Takeaway,2023-12-25
7577,TXN_4276442,Cake,4.0,3.0,12.0,Credit Card,In-store,2023-01-25
7579,TXN_7956243,Cake,4.0,3.0,12.0,Cash,Takeaway,2023-05-23
7582,TXN_5257169,Juice,4.0,3.0,12.0,Credit Card,,2023-01-12
7588,TXN_9087746,Coffee,4.0,2.0,8.0,Digital Wallet,,2023-04-03
7589,TXN_3709853,Smoothie,2.0,4.0,8.0,Credit Card,Takeaway,2023-08-21
7593,TXN_1408709,Smoothie,5.0,4.0,20.0,Cash,Takeaway,2023-04-14
7595,TXN_4003040,Cookie,4.0,1.0,4.0,Credit Card,In-store,2023-09-12
7599,TXN_1309653,Salad,2.0,5.0,10.0,Cash,In-store,
7600,TXN_9781679,Sandwich,2.0,4.0,8.0,Credit Card,Takeaway,2023-09-08
7602,TXN_5499117,Salad,4.0,5.0,20.0,Digital Wallet,UNKNOWN,2023-07-16
7605,TXN_9370771,Juice,5.0,3.0,15.0,Cash,In-store,2023-08-21
7606,TXN_5914284,Coffee,2.0,2.0,4.0,Credit Card,Takeaway,2023-06-25
7608,TXN_9878649,Smoothie,5.0,4.0,20.0,Cash,Takeaway,2023-09-18
7609,TXN_5909816,Juice,5.0,3.0,15.0,Cash,Takeaway,2023-09-19
7610,TXN_9461980,Salad,1.0,5.0,5.0,Credit Card,In-store,2023-04-14
7611,TXN_8090470,Sandwich,4.0,4.0,16.0,Digital Wallet,Takeaway,2023-11-18
7612,TXN_9041473,Smoothie,2.0,4.0,8.0,Digital Wallet,,
7613,TXN_6052534,Salad,4.0,5.0,20.0,Cash,,2023-02-19
7617,TXN_9067752,Smoothie,2.0,4.0,8.0,Digital Wallet,Takeaway,2023-04-24
7619,TXN_2331025,Cookie,2.0,1.0,2.0,Cash,,2023-04-28
7621,TXN_2640771,Cookie,2.0,1.0,2.0,Digital Wallet,Takeaway,2023-01-27
7622,TXN_1103883,Cookie,5.0,1.0,5.0,Credit Card,UNKNOWN,2023-08-09
7623,TXN_8593064,Smoothie,4.0,4.0,16.0,Cash,Takeaway,2023-03-12
7628,TXN_8659330,Tea,4.0,1.5,6.0,Credit Card,Takeaway,2023-08-20
7631,TXN_1584851,Smoothie,1.0,4.0,4.0,Credit Card,,2023-04-10
7633,TXN_9042309,Coffee,2.0,2.0,4.0,Cash,,2023-12-03
7634,TXN_4816652,Sandwich,1.0,4.0,4.0,UNKNOWN,UNKNOWN,2023-07-17
7637,TXN_2317867,Tea,5.0,1.5,7.5,Cash,In-store,2023-01-23
7638,TXN_4416436,Coffee,3.0,2.0,6.0,Digital Wallet,,2023-05-17
7639,TXN_7467621,Salad,4.0,5.0,20.0,Credit Card,Takeaway,2023-01-28
7640,TXN_5005999,Salad,4.0,5.0,20.0,Cash,,2023-01-09
7641,TXN_8664295,Smoothie,2.0,4.0,8.0,Credit Card,,2023-02-23
7644,TXN_4971093,Smoothie,4.0,4.0,16.0,UNKNOWN,Takeaway,2023-03-27
7645,TXN_3602272,Smoothie,3.0,4.0,12.0,Digital Wallet,Takeaway,2023-02-15
7646,TXN_4913329,Coffee,5.0,2.0,10.0,Credit Card,Takeaway,2023-10-30
7647,TXN_8830809,Sandwich,5.0,4.0,20.0,Digital Wallet,In-store,2023-07-31
7648,TXN_7223387,Juice,3.0,3.0,9.0,Cash,,2023-12-17
7649,TXN_1629092,Cookie,3.0,1.0,3.0,Credit Card,,2023-02-13
7650,TXN_4363360,Smoothie,1.0,4.0,4.0,Credit Card,,2023-12-22
7651,TXN_9689507,Salad,3.0,5.0,15.0,Cash,In-store,2023-06-10
7652,TXN_3317406,Sandwich,3.0,4.0,12.0,UNKNOWN,Takeaway,2023-01-04
7653,TXN_9662632,Salad,4.0,5.0,20.0,Digital Wallet,In-store,2023-08-10
7655,TXN_1102876,Cookie,1.0,1.0,1.0,Cash,,
7656,TXN_2673294,Coffee,3.0,2.0,6.0,Cash,,2023-11-11
7657,TXN_2112848,Cookie,4.0,1.0,4.0,Credit Card,In-store,2023-10-16
7660,TXN_7854162,Cake,5.0,3.0,15.0,Digital Wallet,,
7661,TXN_6923480,Coffee,3.0,2.0,6.0,Cash,Takeaway,2023-10-27
7664,TXN_8652632,Tea,1.0,1.5,1.5,Digital Wallet,,2023-01-12
7666,TXN_8180793,Cookie,4.0,1.0,4.0,Digital Wallet,,2023-11-17
7667,TXN_8875195,Sandwich,5.0,4.0,20.0,Credit Card,In-store,2023-08-21
7668,TXN_9928552,Sandwich,5.0,4.0,20.0,Credit Card,Takeaway,2023-06-13
7669,TXN_3456748,Juice,2.0,3.0,6.0,Cash,In-store,2023-01-30
7670,TXN_5680687,Salad,4.0,5.0,20.0,Credit Card,,2023-11-22
7671,TXN_9349736,Sandwich,5.0,4.0,20.0,Cash,,2023-03-18
7674,TXN_8540794,Cake,4.0,3.0,12.0,Cash,,2023-04-06
7680,TXN_7657615,Juice,3.0,3.0,9.0,Credit Card,,2023-07-17
7685,TXN_6218380,Cookie,4.0,1.0,4.0,Cash,In-store,2023-02-07
7687,TXN_3839691,Coffee,4.0,2.0,8.0,Credit Card,In-store,2023-02-13
7688,TXN_4866254,Salad,4.0,5.0,20.0,Cash,UNKNOWN,2023-03-18
7690,TXN_2559020,Cake,1.0,3.0,3.0,Digital Wallet,Takeaway,2023-07-20
7691,TXN_8607376,Coffee,5.0,2.0,10.0,Cash,In-store,2023-06-13
7692,TXN_5858713,Cookie,2.0,1.0,2.0,Credit Card,In-store,2023-03-05
7694,TXN_3312690,Cookie,3.0,1.0,3.0,Credit Card,In-store,2023-03-01
7696,TXN_8687088,Cookie,2.0,1.0,2.0,Credit Card,In-store,2023-05-11
7699,TXN_5139074,Cake,1.0,3.0,3.0,Digital Wallet,Takeaway,2023-11-16
7700,TXN_2799785,Juice,1.0,3.0,3.0,Cash,,2023-01-25
7704,TXN_5301926,Cake,1.0,3.0,3.0,Digital Wallet,Takeaway,2023-11-13
7705,TXN_3307518,Juice,5.0,3.0,15.0,Cash,Takeaway,
7708,TXN_3454881,Salad,1.0,5.0,5.0,Cash,In-store,2023-11-29
7709,TXN_4472969,Juice,1.0,3.0,3.0,Credit Card,,2023-09-15
7710,TXN_1905459,Smoothie,3.0,4.0,12.0,Digital Wallet,,2023-08-18
7713,TXN_1665056,Salad,5.0,5.0,25.0,Cash,,2023-01-05
7714,TXN_2904046,Smoothie,1.0,4.0,4.0,Credit Card,In-store,2023-12-11
7720,TXN_6540200,Tea,2.0,1.5,3.0,Digital Wallet,In-store,2023-10-23
7723,TXN_6271598,Juice,5.0,3.0,15.0,Cash,,2023-08-18
7725,TXN_9188774,Tea,1.0,1.5,1.5,Digital Wallet,Takeaway,2023-04-14
7726,TXN_9685716,Cookie,2.0,1.0,2.0,Digital Wallet,,2023-02-26
7727,TXN_7493800,Cake,5.0,3.0,15.0,Credit Card,Takeaway,2023-08-16
7730,TXN_8413251,Sandwich,3.0,4.0,12.0,Cash,Takeaway,2023-08-18
7731,TXN_6990331,Juice,1.0,3.0,3.0,Digital Wallet,,2023-07-30
7733,TXN_2107161,Cookie,4.0,1.0,4.0,Credit Card,,
7734,TXN_2715086,Juice,2.0,3.0,6.0,Cash,,2023-11-03
7735,TXN_1444932,Smoothie,1.0,4.0,4.0,Cash,In-store,2023-05-24
7737,TXN_6901094,Salad,1.0,5.0,5.0,Cash,In-store,
7738,TXN_5065748,Cake,5.0,3.0,15.0,Credit Card,In-store,2023-07-19
7739,TXN_8014645,Cake,2.0,3.0,6.0,Cash,Takeaway,2023-07-06
7740,TXN_2910247,Smoothie,4.0,4.0,16.0,Digital Wallet,,2023-12-02
7741,TXN_2111973,Tea,4.0,1.5,6.0,Digital Wallet,In-store,
7743,TXN_4549977,Cookie,1.0,1.0,1.0,Cash,,2023-08-21
7744,TXN_1736294,Coffee,3.0,2.0,6.0,Digital Wallet,,2023-09-06
7745,TXN_1698600,Salad,4.0,5.0,20.0,Cash,Takeaway,2023-07-31
7746,TXN_3463568,Salad,2.0,5.0,10.0,Digital Wallet,In-store,2023-04-12
7750,TXN_9968926,Juice,2.0,3.0,6.0,Digital Wallet,Takeaway,2023-03-15
7751,TXN_4719069,Juice,2.0,3.0,6.0,Digital Wallet,,2023-01-04
7752,TXN_3809941,Cookie,4.0,1.0,4.0,Credit Card,,2023-11-01
7753,TXN_1935119,Coffee,4.0,2.0,8.0,Credit Card,Takeaway,2023-07-15
7754,TXN_8246369,Juice,1.0,3.0,3.0,Credit Card,,2023-10-16
7755,TXN_2009782,Salad,5.0,5.0,25.0,Credit Card,ERROR,2023-05-11
7758,TXN_6784478,Cookie,2.0,1.0,2.0,Credit Card,Takeaway,2023-12-21
7759,TXN_9349471,Coffee,3.0,2.0,6.0,Digital Wallet,,
7760,TXN_3866162,Cake,5.0,3.0,15.0,Cash,Takeaway,2023-06-08
7761,TXN_7612056,Cookie,5.0,1.0,5.0,Credit Card,,2023-03-08
7763,TXN_9259900,Salad,4.0,5.0,20.0,Digital Wallet,,2023-08-07
7764,TXN_4650834,Salad,3.0,5.0,15.0,Digital Wallet,Takeaway,2023-07-14
7766,TXN_1192970,Coffee,2.0,2.0,4.0,Digital Wallet,Takeaway,2023-06-17
7767,TXN_7645464,Tea,5.0,1.5,7.5,Cash,Takeaway,2023-08-17
7769,TXN_9495855,Juice,2.0,3.0,6.0,Cash,In-store,2023-04-18
7772,TXN_4203885,Tea,3.0,1.5,4.5,Cash,,2023-05-11
7773,TXN_1887083,Juice,1.0,3.0,3.0,Digital Wallet,,2023-05-05
7775,TXN_8285410,Coffee,4.0,2.0,8.0,Credit Card,,2023-09-10
7777,TXN_6687699,Salad,4.0,5.0,20.0,Cash,In-store,2023-09-11
7782,TXN_6433362,Cookie,2.0,1.0,2.0,Cash,In-store,2023-12-07
7783,TXN_4991594,Smoothie,2.0,4.0,8.0,Credit Card,In-store,2023-12-08
7786,TXN_9464961,Sandwich,4.0,4.0,16.0,Cash,In-store,2023-11-23
7788,TXN_4463677,Salad,5.0,5.0,25.0,Digital Wallet,In-store,2023-02-27
7792,TXN_1687822,Salad,4.0,5.0,20.0,Credit Card,Takeaway,
7794,TXN_5297746,Coffee,3.0,2.0,6.0,Credit Card,In-store,2023-07-11
7795,TXN_5230719,Cake,5.0,3.0,15.0,Credit Card,,2023-03-23
7797,TXN_8145813,Juice,4.0,3.0,12.0,Digital Wallet,In-store,2023-02-10
7799,TXN_7485379,Juice,1.0,3.0,3.0,Credit Card,,2023-03-27
7801,TXN_7988991,Tea,4.0,1.5,6.0,Digital Wallet,In-store,
7802,TXN_3801485,Coffee,5.0,2.0,10.0,Credit Card,In-store,2023-11-10
7803,TXN_2312908,Coffee,3.0,2.0,6.0,Cash,In-store,2023-02-07
7805,TXN_3620213,Coffee,2.0,2.0,4.0,Credit Card,In-store,2023-09-09
7806,TXN_4030181,Smoothie,5.0,4.0,20.0,Credit Card,ERROR,2023-09-20
7807,TXN_1664563,Smoothie,3.0,4.0,12.0,Cash,,2023-04-28
7808,TXN_2002730,Smoothie,2.0,4.0,8.0,UNKNOWN,Takeaway,2023-09-27
7810,TXN_9579691,Cookie,5.0,1.0,5.0,Credit Card,In-store,2023-01-16
7811,TXN_4131020,Sandwich,2.0,4.0,8.0,Credit Card,,2023-06-15
7812,TXN_3462602,Cake,3.0,3.0,9.0,Credit Card,In-store,2023-08-27
7815,TXN_9152120,Sandwich,4.0,4.0,16.0,Cash,Takeaway,2023-03-28
7816,TXN_9018195,Cake,5.0,3.0,15.0,Cash,,2023-10-07
7821,TXN_3930313,Cookie,3.0,1.0,3.0,Credit Card,Takeaway,
7822,TXN_7511351,Tea,4.0,1.5,6.0,Cash,Takeaway,2023-10-07
7824,TXN_8276063,Coffee,1.0,2.0,2.0,Credit Card,,2023-01-06
7825,TXN_1020478,Coffee,1.0,2.0,2.0,Digital Wallet,Takeaway,2023-03-09
7828,TXN_4975029,Smoothie,4.0,4.0,16.0,Cash,In-store,2023-04-23
7829,TXN_9493077,Cake,4.0,3.0,12.0,Credit Card,,2023-01-10
7831,TXN_8640673,Juice,2.0,3.0,6.0,Cash,In-store,2023-09-11
7832,TXN_4793771,Cake,4.0,3.0,12.0,Cash,,2023-12-26
7834,TXN_7857126,Cookie,4.0,1.0,4.0,Cash,Takeaway,2023-08-21
7835,TXN_2940613,Juice,4.0,3.0,12.0,Cash,,2023-06-28
7836,TXN_2407379,Smoothie,4.0,4.0,16.0,Digital Wallet,,2023-03-13
7839,TXN_3635628,Sandwich,3.0,4.0,12.0,Digital Wallet,In-store,2023-10-28
7840,TXN_3554772,Tea,3.0,1.5,4.5,Credit Card,,2023-10-06
7841,TXN_9454387,Salad,2.0,5.0,10.0,Cash,Takeaway,2023-01-02
7842,TXN_9660362,Cake,2.0,3.0,6.0,Credit Card,Takeaway,2023-08-16
7844,TXN_2347248,Salad,1.0,5.0,5.0,Credit Card,ERROR,2023-11-11
7845,TXN_3732426,Sandwich,2.0,4.0,8.0,Digital Wallet,ERROR,2023-03-07
7848,TXN_6332405,Juice,3.0,3.0,9.0,Digital Wallet,Takeaway,2023-12-03
7850,TXN_1529961,Smoothie,4.0,4.0,16.0,Credit Card,UNKNOWN,2023-09-29
7851,TXN_8860052,Cake,5.0,3.0,15.0,Credit Card,Takeaway,2023-07-18
7852,TXN_6732833,Salad,1.0,5.0,5.0,Digital Wallet,In-store,2023-07-21
7854,TXN_6232398,Juice,2.0,3.0,6.0,Cash,In-store,2023-07-05
7856,TXN_7670296,Juice,2.0,3.0,6.0,Cash,Takeaway,2023-01-25
7859,TXN_4898346,Smoothie,2.0,4.0,8.0,Cash,,2023-05-07
7860,TXN_2807324,Sandwich,2.0,4.0,8.0,Cash,,2023-11-13
7861,TXN_4428486,Smoothie,1.0,4.0,4.0,UNKNOWN,,2023-07-28
7862,TXN_4430772,Coffee,5.0,2.0,10.0,Credit Card,,2023-01-11
7865,TXN_6658070,Juice,2.0,3.0,6.0,Cash,Takeaway,2023-11-03
7866,TXN_6007437,Juice,1.0,3.0,3.0,Credit Card,,2023-11-22
7868,TXN_4228838,Coffee,5.0,2.0,10.0,Credit Card,Takeaway,2023-09-22
7870,TXN_9719921,Salad,5.0,5.0,25.0,Credit Card,,2023-07-28
7871,TXN_1272118,Cookie,4.0,1.0,4.0,Credit Card,Takeaway,2023-04-21
7872,TXN_4060215,Salad,3.0,5.0,15.0,Credit Card,In-store,2023-01-12
7873,TXN_2569119,Juice,1.0,3.0,3.0,Credit Card,Takeaway,2023-08-04
7875,TXN_7992512,Sandwich,5.0,4.0,20.0,Credit Card,In-store,2023-07-17
7878,TXN_5728193,Sandwich,1.0,4.0,4.0,Credit Card,In-store,
7879,TXN_2417271,Tea,4.0,1.5,6.0,Credit Card,Takeaway,2023-02-01
7880,TXN_8156455,Cake,2.0,3.0,6.0,Cash,,2023-02-12
7882,TXN_9425096,Smoothie,5.0,4.0,20.0,Credit Card,In-store,2023-06-12
7883,TXN_6236737,Juice,5.0,3.0,15.0,Cash,In-store,2023-03-19
7884,TXN_9691364,Cookie,3.0,1.0,3.0,Credit Card,In-store,2023-03-02
7886,TXN_1770648,Sandwich,4.0,4.0,16.0,Credit Card,,2023-09-30
7888,TXN_5289658,Smoothie,2.0,4.0,8.0,Digital Wallet,Takeaway,
7889,TXN_2602732,Salad,4.0,5.0,20.0,Digital Wallet,UNKNOWN,2023-06-09
7890,TXN_5132482,Juice,2.0,3.0,6.0,Digital Wallet,In-store,2023-12-21
7892,TXN_9969836,Cookie,5.0,1.0,5.0,Digital Wallet,Takeaway,2023-04-06
7893,TXN_7938279,Tea,3.0,1.5,4.5,Cash,Takeaway,2023-03-17
7895,TXN_8595386,Cookie,4.0,1.0,4.0,Credit Card,ERROR,2023-08-04
7896,TXN_6398450,Tea,2.0,1.5,3.0,Digital Wallet,In-store,2023-11-19
7899,TXN_8384428,Cookie,1.0,1.0,1.0,Digital Wallet,In-store,2023-08-11
7900,TXN_6541329,Cookie,2.0,1.0,2.0,Cash,Takeaway,2023-09-28
7901,TXN_7667139,Sandwich,3.0,4.0,12.0,Credit Card,Takeaway,2023-12-05
7903,TXN_9190025,Tea,4.0,1.5,6.0,Digital Wallet,UNKNOWN,
7904,TXN_5056808,Juice,1.0,3.0,3.0,Credit Card,,2023-02-25
7905,TXN_9191048,Cake,5.0,3.0,15.0,Digital Wallet,ERROR,2023-09-18
7907,TXN_3272613,Cookie,2.0,1.0,2.0,Cash,,2023-03-30
7909,TXN_1938413,Smoothie,4.0,4.0,16.0,Digital Wallet,,2023-04-01
7910,TXN_1396019,Coffee,4.0,2.0,8.0,Cash,In-store,2023-12-03
7912,TXN_4811225,Tea,5.0,1.5,7.5,Cash,Takeaway,2023-11-01
7914,TXN_4564220,Tea,1.0,1.5,1.5,Digital Wallet,Takeaway,2023-05-09
7915,TXN_5414186,Smoothie,1.0,4.0,4.0,Credit Card,Takeaway,2023-04-24
7916,TXN_1740742,Tea,4.0,1.5,6.0,Digital Wallet,In-store,2023-10-06
7917,TXN_2547084,Sandwich,1.0,4.0,4.0,Cash,,2023-12-16
7922,TXN_1236759,Coffee,1.0,2.0,2.0,Credit Card,In-store,2023-01-26
7926,TXN_2152054,Cake,2.0,3.0,6.0,Digital Wallet,,2023-05-11
7929,TXN_9407636,Smoothie,4.0,4.0,16.0,Cash,,2023-10-01
7930,TXN_4755860,Juice,5.0,3.0,15.0,Digital Wallet,In-store,2023-10-28
7931,TXN_6118079,Coffee,1.0,2.0,2.0,UNKNOWN,Takeaway,2023-07-01
7933,TXN_1755817,Salad,5.0,5.0,25.0,Digital Wallet,Takeaway,2023-07-17
7934,TXN_4417326,Sandwich,3.0,4.0,12.0,Digital Wallet,,
7937,TXN_6714749,Sandwich,1.0,4.0,4.0,Credit Card,Takeaway,2023-08-02
7938,TXN_1103495,Juice,1.0,3.0,3.0,Cash,Takeaway,
7940,TXN_5103036,Juice,2.0,3.0,6.0,UNKNOWN,Takeaway,2023-12-04
7941,TXN_6013024,Juice,3.0,3.0,9.0,Credit Card,Takeaway,2023-09-06
7942,TXN_8065852,Sandwich,1.0,4.0,4.0,Credit Card,In-store,2023-07-17
7944,TXN_3695238,Salad,5.0,5.0,25.0,Cash,Takeaway,2023-04-20
7948,TXN_2678484,Coffee,1.0,2.0,2.0,UNKNOWN,,2023-03-27
7955,TXN_1349640,Juice,2.0,3.0,6.0,Credit Card,In-store,2023-06-17
7956,TXN_3719842,Cake,3.0,3.0,9.0,Cash,UNKNOWN,2023-05-05
7958,TXN_9660030,Cake,5.0,3.0,15.0,Credit Card,In-store,2023-11-24
7959,TXN_9649503,Cake,1.0,3.0,3.0,Credit Card,Takeaway,2023-01-02
7960,TXN_6618160,Tea,5.0,1.5,7.5,Cash,Takeaway,2023-03-13
7963,TXN_5639485,Cookie,3.0,1.0,3.0,Credit Card,,2023-07-02
7965,TXN_4590013,Tea,5.0,1.5,7.5,Cash,Takeaway,2023-04-19
7967,TXN_9240476,Coffee,5.0,2.0,10.0,UNKNOWN,,2023-04-29
7968,TXN_2457961,Coffee,2.0,2.0,4.0,Credit Card,In-store,2023-06-08
7969,TXN_6494145,Cookie,2.0,1.0,2.0,Cash,,2023-08-18
7970,TXN_2142941,Cookie,5.0,1.0,5.0,Digital Wallet,,2023-11-03
7975,TXN_2208949,Cake,4.0,3.0,12.0,Cash,Takeaway,2023-08-05
7976,TXN_9815454,Juice,5.0,3.0,15.0,Digital Wallet,,2023-12-05
7977,TXN_6806968,Cookie,4.0,1.0,4.0,Cash,Takeaway,2023-07-03
7980,TXN_5564198,Cake,4.0,3.0,12.0,Cash,,2023-06-06
7983,TXN_7328209,Sandwich,3.0,4.0,12.0,Credit Card,,2023-03-01
7984,TXN_4252608,Juice,3.0,3.0,9.0,Credit Card,In-store,2023-08-23
7985,TXN_7221831,Coffee,3.0,2.0,6.0,Credit Card,ERROR,2023-03-26
7989,TXN_1917336,Sandwich,3.0,4.0,12.0,Cash,In-store,2023-04-12
7990,TXN_5238755,Cookie,3.0,1.0,3.0,UNKNOWN,Takeaway,2023-06-01
7992,TXN_1342487,Juice,3.0,3.0,9.0,Credit Card,,2023-09-21
7994,TXN_5713298,Smoothie,2.0,4.0,8.0,Credit Card,,2023-07-14
7995,TXN_3045673,Smoothie,3.0,4.0,12.0,Digital Wallet,,2023-06-24
7999,TXN_8211198,Juice,3.0,3.0,9.0,Credit Card,,2023-01-24
8000,TXN_6476719,Juice,5.0,3.0,15.0,Cash,Takeaway,2023-06-04
8004,TXN_5504130,Cake,3.0,3.0,9.0,UNKNOWN,,2023-06-24
8005,TXN_7153455,Coffee,4.0,2.0,8.0,Digital Wallet,Takeaway,2023-07-02
8007,TXN_6873127,Cookie,1.0,1.0,1.0,UNKNOWN,In-store,2023-02-02
8009,TXN_7383137,Coffee,2.0,2.0,4.0,Credit Card,In-store,2023-12-02
8012,TXN_9334593,Sandwich,3.0,4.0,12.0,Cash,,2023-04-23
8013,TXN_2441029,Cake,5.0,3.0,15.0,Cash,In-store,2023-05-18
8015,TXN_4801947,Juice,1.0,3.0,3.0,Digital Wallet,Takeaway,2023-01-01
8018,TXN_9072628,Salad,4.0,5.0,20.0,Digital Wallet,ERROR,2023-12-29
8020,TXN_2547156,Cookie,3.0,1.0,3.0,Digital Wallet,Takeaway,2023-08-18
8022,TXN_8621278,Salad,2.0,5.0,10.0,Cash,Takeaway,2023-02-01
8023,TXN_2616353,Smoothie,3.0,4.0,12.0,Cash,Takeaway,2023-06-24
8025,TXN_3608237,Salad,1.0,5.0,5.0,Digital Wallet,Takeaway,2023-11-26
8026,TXN_2423167,Cake,3.0,3.0,9.0,Digital Wallet,Takeaway,2023-06-29
8027,TXN_5742202,Salad,2.0,5.0,10.0,Cash,Takeaway,
8028,TXN_6695451,Salad,1.0,5.0,5.0,Credit Card,ERROR,2023-07-28
8029,TXN_6098702,Coffee,3.0,2.0,6.0,Credit Card,ERROR,2023-10-15
8033,TXN_4925291,Smoothie,2.0,4.0,8.0,Digital Wallet,,2023-09-22
8035,TXN_3910293,Cake,4.0,3.0,12.0,Cash,In-store,2023-01-30
8036,TXN_4696969,Salad,1.0,5.0,5.0,Credit Card,,2023-09-29
8037,TXN_4568379,Cookie,3.0,1.0,3.0,Digital Wallet,In-store,2023-05-28
8038,TXN_8745942,Cookie,3.0,1.0,3.0,Cash,ERROR,2023-05-03
8040,TXN_2496907,Coffee,2.0,2.0,4.0,Credit Card,,2023-11-28
8041,TXN_3043371,Smoothie,1.0,4.0,4.0,UNKNOWN,,2023-12-04
8044,TXN_7223850,Salad,2.0,5.0,10.0,Credit Card,,2023-02-05
8047,TXN_8437195,Cake,1.0,3.0,3.0,Cash,,2023-12-10
8048,TXN_3880494,Sandwich,4.0,4.0,16.0,Cash,Takeaway,2023-12-17
8050,TXN_9320353,Salad,5.0,5.0,25.0,Cash,In-store,2023-01-10
8051,TXN_8837015,Juice,3.0,3.0,9.0,Credit Card,In-store,2023-06-11
8052,TXN_1856538,Coffee,3.0,2.0,6.0,Cash,,2023-11-01
8053,TXN_2933439,Salad,4.0,5.0,20.0,Digital Wallet,,2023-04-14
8054,TXN_2667131,Sandwich,2.0,4.0,8.0,Credit Card,Takeaway,2023-10-10
8055,TXN_5536056,Smoothie,3.0,4.0,12.0,Digital Wallet,Takeaway,2023-12-22
8057,TXN_9043894,Cake,1.0,3.0,3.0,Digital Wallet,,2023-07-28
8061,TXN_2332364,Cake,2.0,3.0,6.0,Credit Card,,2023-08-10
8062,TXN_5878649,Salad,3.0,5.0,15.0,UNKNOWN,Takeaway,2023-02-15
8064,TXN_2496249,Juice,4.0,3.0,12.0,Cash,Takeaway,
8065,TXN_9020641,Cake,4.0,3.0,12.0,Credit Card,In-store,2023-06-27
8072,TXN_7262554,Salad,3.0,5.0,15.0,Credit Card,,2023-07-08
8073,TXN_9705971,Juice,2.0,3.0,6.0,Credit Card,Takeaway,2023-09-02
8074,TXN_4809626,Coffee,5.0,2.0,10.0,Cash,Takeaway,2023-02-18
8075,TXN_5171248,Cake,5.0,3.0,15.0,Digital Wallet,In-store,2023-06-14
8076,TXN_2201235,Tea,1.0,1.5,1.5,Digital Wallet,,2023-12-17
8077,TXN_2907979,Juice,3.0,3.0,9.0,Cash,,2023-06-18
8079,TXN_5179245,Juice,3.0,3.0,9.0,Credit Card,,2023-04-17
8080,TXN_5010968,Smoothie,2.0,4.0,8.0,Digital Wallet,,2023-12-03
8081,TXN_6294315,Cookie,2.0,1.0,2.0,Digital Wallet,,2023-04-04
8083,TXN_8552898,Coffee,5.0,2.0,10.0,Credit Card,Takeaway,2023-11-06
8085,TXN_4787754,Juice,2.0,3.0,6.0,Digital Wallet,Takeaway,2023-08-31
8086,TXN_9176533,Cake,3.0,3.0,9.0,Credit Card,,2023-10-14
8090,TXN_6021363,Sandwich,2.0,4.0,8.0,Credit Card,Takeaway,2023-01-11
8093,TXN_3274591,Juice,5.0,3.0,15.0,UNKNOWN,Takeaway,2023-04-09
8094,TXN_2477650,Cookie,1.0,1.0,1.0,Cash,Takeaway,2023-10-24
8095,TXN_4987376,Tea,2.0,1.5,3.0,Digital Wallet,Takeaway,2023-08-20
8099,TXN_7362526,Juice,1.0,3.0,3.0,Credit Card,Takeaway,2023-09-16
8102,TXN_6324687,Smoothie,1.0,4.0,4.0,Credit Card,Takeaway,2023-03-03
8103,TXN_2716377,Juice,4.0,3.0,12.0,Cash,,2023-01-03
8106,TXN_4757873,Tea,1.0,1.5,1.5,Credit Card,In-store,2023-09-12
8107,TXN_6283718,Smoothie,3.0,4.0,12.0,Digital Wallet,Takeaway,2023-07-20
8108,TXN_2019127,Salad,1.0,5.0,5.0,Cash,,2023-08-03
8109,TXN_2007652,Juice,2.0,3.0,6.0,Digital Wallet,UNKNOWN,2023-12-09
8110,TXN_3048882,Juice,2.0,3.0,6.0,Cash,Takeaway,2023-12-30
8111,TXN_3241510,Tea,5.0,1.5,7.5,Credit Card,ERROR,2023-10-05
8113,TXN_3286168,Smoothie,5.0,4.0,20.0,Digital Wallet,,2023-06-25
8114,TXN_5922981,Salad,5.0,5.0,25.0,Digital Wallet,Takeaway,2023-11-10
8115,TXN_4108567,Coffee,2.0,2.0,4.0,Cash,Takeaway,2023-08-14
8119,TXN_9246986,Tea,4.0,1.5,6.0,Cash,Takeaway,2023-09-08
8120,TXN_3931393,Sandwich,2.0,4.0,8.0,Digital Wallet,,2023-11-18
8121,TXN_1429325,Smoothie,2.0,4.0,8.0,Cash,ERROR,2023-04-20
8124,TXN_5832513,Juice,4.0,3.0,12.0,Cash,In-store,2023-11-02
8125,TXN_6053755,Cookie,4.0,1.0,4.0,Digital Wallet,Takeaway,2023-01-18
8126,TXN_4437520,Smoothie,3.0,4.0,12.0,Credit Card,,2023-07-28
8127,TXN_4995281,Salad,4.0,5.0,20.0,Credit Card,,2023-02-25
8131,TXN_2566211,Tea,2.0,1.5,3.0,Cash,ERROR,2023-09-26
8135,TXN_6361593,Sandwich,4.0,4.0,16.0,Digital Wallet,Takeaway,2023-08-29
8138,TXN_1532390,Tea,5.0,1.5,7.5,Digital Wallet,ERROR,2023-04-08
8140,TXN_2729959,Smoothie,4.0,4.0,16.0,Digital Wallet,In-store,2023-02-01
8142,TXN_2134763,Juice,3.0,3.0,9.0,Credit Card,Takeaway,2023-03-28
8143,TXN_1633607,Juice,1.0,3.0,3.0,Cash,Takeaway,2023-03-13
8144,TXN_5124999,Coffee,5.0,2.0,10.0,Digital Wallet,,2023-04-11
8147,TXN_2921765,Tea,2.0,1.5,3.0,Credit Card,Takeaway,
8148,TXN_5845583,Tea,4.0,1.5,6.0,Cash,In-store,2023-10-19
8149,TXN_6692318,Tea,2.0,1.5,3.0,Cash,In-store,2023-08-20
8150,TXN_9571019,Coffee,2.0,2.0,4.0,Cash,In-store,2023-06-22
8151,TXN_6451595,Juice,2.0,3.0,6.0,Credit Card,Takeaway,2023-03-26
8152,TXN_4797429,Salad,5.0,5.0,25.0,Digital Wallet,In-store,2023-11-07
8154,TXN_6925284,Juice,5.0,3.0,15.0,Digital Wallet,Takeaway,2023-01-21
8155,TXN_2925996,Cake,3.0,3.0,9.0,Cash,Takeaway,2023-04-11
8156,TXN_3944582,Tea,5.0,1.5,7.5,UNKNOWN,In-store,2023-10-21
8157,TXN_7653452,Sandwich,1.0,4.0,4.0,Credit Card,,
8158,TXN_5750248,Salad,4.0,5.0,20.0,Digital Wallet,In-store,2023-07-20
8159,TXN_1020983,Juice,1.0,3.0,3.0,Digital Wallet,,2023-03-23
8162,TXN_7416196,Smoothie,2.0,4.0,8.0,Cash,In-store,2023-10-20
8163,TXN_7276452,Coffee,3.0,2.0,6.0,Digital Wallet,,2023-06-05
8165,TXN_7971761,Salad,1.0,5.0,5.0,Credit Card,In-store,
8166,TXN_9281392,Cookie,2.0,1.0,2.0,Digital Wallet,,2023-08-06
8167,TXN_8386253,Tea,4.0,1.5,6.0,Cash,,2023-05-11
8168,TXN_7995960,Juice,1.0,3.0,3.0,Digital Wallet,,2023-01-11
8169,TXN_7663739,Cookie,5.0,1.0,5.0,Credit Card,,2023-03-27
8172,TXN_7132021,Smoothie,2.0,4.0,8.0,Credit Card,In-store,
8173,TXN_6438980,Salad,2.0,5.0,10.0,Credit Card,Takeaway,2023-11-10
8174,TXN_2196926,Juice,2.0,3.0,6.0,Digital Wallet,UNKNOWN,2023-07-27
8175,TXN_9582506,Cookie,2.0,1.0,2.0,Credit Card,,2023-04-28
8176,TXN_2424839,Juice,4.0,3.0,12.0,Digital Wallet,In-store,2023-09-28
8177,TXN_5215704,Sandwich,5.0,4.0,20.0,Credit Card,,2023-10-31
8178,TXN_1982031,Cookie,4.0,1.0,4.0,Cash,Takeaway,2023-02-03
8179,TXN_3060286,Tea,2.0,1.5,3.0,Cash,Takeaway,2023-08-10
8183,TXN_2764625,Tea,1.0,1.5,1.5,Cash,In-store,2023-12-03
8184,TXN_6086123,Juice,3.0,3.0,9.0,Credit Card,Takeaway,2023-11-17
8186,TXN_4078284,Coffee,1.0,2.0,2.0,Credit Card,,2023-05-14
8187,TXN_4389662,Smoothie,1.0,4.0,4.0,Cash,Takeaway,2023-08-09
8189,TXN_9389300,Salad,3.0,5.0,15.0,Credit Card,Takeaway,2023-01-14
8191,TXN_2147448,Coffee,4.0,2.0,8.0,Credit Card,In-store,2023-11-27
8194,TXN_9857832,Tea,3.0,1.5,4.5,Cash,In-store,2023-03-31
8197,TXN_8830264,Salad,1.0,5.0,5.0,Cash,ERROR,2023-11-23
8199,TXN_9579637,Tea,4.0,1.5,6.0,Digital Wallet,,2023-06-26
8201,TXN_5316852,Coffee,2.0,2.0,4.0,Digital Wallet,,2023-04-08
8202,TXN_1292430,Smoothie,1.0,4.0,4.0,Credit Card,Takeaway,2023-03-09
8204,TXN_2470530,Cake,1.0,3.0,3.0,Digital Wallet,Takeaway,2023-03-21
8206,TXN_1602435,Smoothie,1.0,4.0,4.0,Cash,ERROR,2023-12-01
8207,TXN_1434598,Sandwich,5.0,4.0,20.0,Cash,Takeaway,2023-11-18
8209,TXN_2073001,Coffee,2.0,2.0,4.0,Digital Wallet,,2023-11-22
8211,TXN_7815076,Juice,5.0,3.0,15.0,Cash,,2023-12-16
8212,TXN_6897172,Coffee,4.0,2.0,8.0,Digital Wallet,,2023-12-08
8216,TXN_4375708,Sandwich,4.0,4.0,16.0,Credit Card,Takeaway,2023-08-01
8217,TXN_9775984,Juice,2.0,3.0,6.0,Credit Card,In-store,2023-10-09
8219,TXN_2352685,Cookie,1.0,1.0,1.0,Cash,Takeaway,
8220,TXN_1625754,Cake,5.0,3.0,15.0,Digital Wallet,In-store,2023-08-03
8221,TXN_9567915,Cake,1.0,3.0,3.0,Digital Wallet,Takeaway,2023-06-30
8222,TXN_4062634,Salad,2.0,5.0,10.0,Credit Card,In-store,2023-04-05
8223,TXN_6624397,Juice,4.0,3.0,12.0,Cash,Takeaway,2023-04-30
8224,TXN_2991733,Tea,5.0,1.5,7.5,Credit Card,,2023-04-13
8225,TXN_8978924,Salad,5.0,5.0,25.0,Cash,ERROR,2023-10-09
8226,TXN_2404800,Sandwich,5.0,4.0,20.0,Cash,In-store,2023-01-28
8227,TXN_4501915,Juice,4.0,3.0,12.0,Credit Card,Takeaway,2023-12-04
8231,TXN_9231480,Cookie,4.0,1.0,4.0,Cash,,2023-08-28
8232,TXN_4247105,Coffee,5.0,2.0,10.0,Cash,In-store,2023-04-14
8233,TXN_8732935,Cookie,4.0,1.0,4.0,Credit Card,Takeaway,2023-08-06
8235,TXN_3270584,Cake,3.0,3.0,9.0,Credit Card,Takeaway,2023-01-10
8237,TXN_7412012,Coffee,1.0,2.0,2.0,Cash,In-store,2023-08-02
8238,TXN_1927324,Sandwich,1.0,4.0,4.0,Digital Wallet,Takeaway,2023-08-29
8239,TXN_9159655,Cookie,5.0,1.0,5.0,Cash,UNKNOWN,2023-03-21
8240,TXN_1293057,Tea,2.0,1.5,3.0,Digital Wallet,,2023-07-03
8241,TXN_8829698,Cake,2.0,3.0,6.0,Cash,,2023-03-19
8244,TXN_7371782,Tea,3.0,1.5,4.5,Cash,In-store,2023-02-26
8245,TXN_7631505,Sandwich,4.0,4.0,16.0,Cash,In-store,2023-07-08
8247,TXN_2593909,Juice,2.0,3.0,6.0,Cash,In-store,2023-02-25
8248,TXN_9728062,Coffee,1.0,2.0,2.0,Cash,,2023-05-01
8249,TXN_7664606,Cookie,2.0,1.0,2.0,Digital Wallet,ERROR,2023-07-05
8251,TXN_3745153,Smoothie,4.0,4.0,16.0,Digital Wallet,In-store,2023-06-30
8252,TXN_2019258,Juice,4.0,3.0,12.0,Credit Card,,2023-02-03
8253,TXN_8153957,Coffee,1.0,2.0,2.0,Digital Wallet,Takeaway,2023-10-12
8254,TXN_3437948,Smoothie,2.0,4.0,8.0,Cash,,2023-11-02
8255,TXN_6874195,Juice,3.0,3.0,9.0,Cash,Takeaway,2023-04-22
8256,TXN_3234146,Juice,1.0,3.0,3.0,UNKNOWN,Takeaway,2023-11-14
8257,TXN_5172383,Juice,3.0,3.0,9.0,Cash,In-store,2023-03-28
8258,TXN_9288999,Cookie,3.0,1.0,3.0,Credit Card,In-store,2023-05-01
8259,TXN_4205407,Smoothie,5.0,4.0,20.0,Digital Wallet,,2023-04-27
8261,TXN_3050797,Sandwich,3.0,4.0,12.0,Credit Card,,2023-09-28
8263,TXN_7387416,Juice,3.0,3.0,9.0,Cash,,2023-12-15
8264,TXN_2244418,Salad,5.0,5.0,25.0,Cash,Takeaway,2023-10-15
8268,TXN_3888864,Sandwich,1.0,4.0,4.0,Credit Card,In-store,2023-10-13
8270,TXN_8886791,Tea,2.0,1.5,3.0,Cash,,2023-07-09
8271,TXN_4356114,Juice,2.0,3.0,6.0,Cash,Takeaway,2023-05-05
8272,TXN_2097023,Salad,3.0,5.0,15.0,Digital Wallet,Takeaway,2023-11-10
8275,TXN_3529354,Juice,2.0,3.0,6.0,Credit Card,Takeaway,2023-09-06
8276,TXN_9738339,Juice,1.0,3.0,3.0,UNKNOWN,In-store,2023-07-09
8280,TXN_2032049,Salad,2.0,5.0,10.0,Credit Card,UNKNOWN,2023-10-12
8282,TXN_7251037,Salad,3.0,5.0,15.0,Credit Card,In-store,2023-08-17
8283,TXN_9891576,Sandwich,3.0,4.0,12.0,Digital Wallet,Takeaway,2023-04-28
8284,TXN_5315818,Salad,1.0,5.0,5.0,Digital Wallet,,2023-02-06
8285,TXN_9830755,Cookie,5.0,1.0,5.0,Digital Wallet,Takeaway,2023-06-24
8287,TXN_4353750,Cake,2.0,3.0,6.0,Credit Card,,2023-03-02
8288,TXN_8809659,Juice,2.0,3.0,6.0,Cash,Takeaway,2023-01-16
8289,TXN_2104550,Coffee,4.0,2.0,8.0,Credit Card,In-store,2023-09-08
8290,TXN_7554731,Cake,1.0,3.0,3.0,Credit Card,In-store,2023-02-02
8291,TXN_8743142,Cookie,1.0,1.0,1.0,Digital Wallet,In-store,
8292,TXN_8652021,Cake,1.0,3.0,3.0,Credit Card,In-store,2023-09-23
8296,TXN_7797507,Sandwich,5.0,4.0,20.0,Digital Wallet,Takeaway,2023-06-06
8297,TXN_3121360,Cake,3.0,3.0,9.0,Digital Wallet,,2023-01-21
8298,TXN_5568416,Cake,5.0,3.0,15.0,Credit Card,UNKNOWN,2023-09-06
8300,TXN_5734186,Juice,3.0,3.0,9.0,Cash,,2023-04-03
8303,TXN_5209346,Smoothie,3.0,4.0,12.0,Credit Card,In-store,2023-02-22
8306,TXN_6571385,Tea,4.0,1.5,6.0,Cash,Takeaway,2023-01-06
8307,TXN_6430534,Tea,5.0,1.5,7.5,Cash,Takeaway,2023-01-29
8308,TXN_6467414,Tea,3.0,1.5,4.5,Cash,,2023-01-06
8311,TXN_9693344,Tea,4.0,1.5,6.0,Credit Card,Takeaway,2023-01-15
8312,TXN_9801552,Sandwich,4.0,4.0,16.0,Credit Card,Takeaway,2023-04-20
8314,TXN_8082317,Juice,3.0,3.0,9.0,Cash,Takeaway,2023-08-18
8315,TXN_1569729,Smoothie,5.0,4.0,20.0,Cash,Takeaway,2023-07-16
8317,TXN_2644962,Smoothie,2.0,4.0,8.0,UNKNOWN,,2023-04-09
8318,TXN_8991609,Salad,4.0,5.0,20.0,Digital Wallet,In-store,2023-06-19
8319,TXN_5000665,Cake,3.0,3.0,9.0,Digital Wallet,In-store,2023-11-28
8322,TXN_8833173,Smoothie,4.0,4.0,16.0,Digital Wallet,,2023-03-14
8324,TXN_7153321,Salad,5.0,5.0,25.0,Credit Card,Takeaway,2023-12-19
8325,TXN_2935761,Smoothie,4.0,4.0,16.0,Digital Wallet,,2023-04-01
8326,TXN_7328705,Cookie,4.0,1.0,4.0,Digital Wallet,Takeaway,2023-09-09
8328,TXN_8970187,Cake,1.0,3.0,3.0,Digital Wallet,Takeaway,2023-03-13
8330,TXN_4343133,Cookie,4.0,1.0,4.0,Digital Wallet,,2023-03-04
8332,TXN_6904952,Salad,4.0,5.0,20.0,Digital Wallet,Takeaway,2023-04-04
8333,TXN_4023091,Smoothie,3.0,4.0,12.0,Credit Card,,2023-07-24
8334,TXN_6005707,Juice,4.0,3.0,12.0,Cash,UNKNOWN,2023-02-06
8335,TXN_9824238,Tea,5.0,1.5,7.5,Cash,In-store,2023-07-14
8336,TXN_2867795,Cookie,1.0,1.0,1.0,Credit Card,UNKNOWN,2023-06-26
8337,TXN_8434259,Tea,2.0,1.5,3.0,Digital Wallet,,
8339,TXN_3440463,Cake,1.0,3.0,3.0,Credit Card,Takeaway,2023-04-04
8340,TXN_1242840,Smoothie,1.0,4.0,4.0,Credit Card,,2023-08-26
8341,TXN_2997717,Cake,4.0,3.0,12.0,Credit Card,,2023-10-19
8342,TXN_4440412,Sandwich,3.0,4.0,12.0,Cash,Takeaway,2023-04-15
8344,TXN_9772498,Cake,4.0,3.0,12.0,Cash,,2023-08-21
8345,TXN_7908929,Tea,2.0,1.5,3.0,Digital Wallet,,2023-11-18
8346,TXN_6411390,Juice,1.0,3.0,3.0,Cash,,2023-09-07
8347,TXN_5784400,Cake,4.0,3.0,12.0,Digital Wallet,,2023-11-25
8349,TXN_9719954,Tea,1.0,1.5,1.5,Digital Wallet,,
8352,TXN_6068074,Smoothie,2.0,4.0,8.0,Cash,In-store,2023-06-01
8353,TXN_2265329,Cake,5.0,3.0,15.0,Credit Card,,2023-12-23
8356,TXN_1701798,Coffee,2.0,2.0,4.0,Cash,Takeaway,2023-07-24
8357,TXN_4352950,Coffee,1.0,2.0,2.0,Digital Wallet,,2023-02-06
8358,TXN_4807899,Coffee,5.0,2.0,10.0,Digital Wallet,Takeaway,2023-07-03
8359,TXN_4916085,Juice,1.0,3.0,3.0,Digital Wallet,,2023-03-03
8361,TXN_2102950,Coffee,5.0,2.0,10.0,Digital Wallet,Takeaway,2023-12-07
8365,TXN_5282804,Sandwich,1.0,4.0,4.0,Credit Card,,2023-12-01
8366,TXN_6526078,Sandwich,5.0,4.0,20.0,Cash,,2023-11-07
8369,TXN_2210019,Sandwich,3.0,4.0,12.0,Cash,In-store,2023-12-05
8371,TXN_2617632,Smoothie,4.0,4.0,16.0,Digital Wallet,,2023-10-17
8373,TXN_8019306,Juice,1.0,3.0,3.0,Credit Card,,2023-05-21
8374,TXN_6469563,Juice,5.0,3.0,15.0,Credit Card,UNKNOWN,2023-03-04
8375,TXN_4059695,Salad,3.0,5.0,15.0,Cash,Takeaway,2023-12-30
8377,TXN_3799280,Coffee,5.0,2.0,10.0,Cash,,2023-09-23
8378,TXN_1454024,Cookie,5.0,1.0,5.0,Digital Wallet,,
8379,TXN_2749862,Salad,4.0,5.0,20.0,Digital Wallet,,2023-07-19
8381,TXN_2928676,Cookie,1.0,1.0,1.0,Credit Card,,2023-06-09
8382,TXN_4030763,Salad,2.0,5.0,10.0,UNKNOWN,Takeaway,2023-06-17
8384,TXN_3877643,Juice,4.0,3.0,12.0,Cash,In-store,2023-11-15
8386,TXN_3755657,Smoothie,2.0,4.0,8.0,Digital Wallet,In-store,2023-03-24
8387,TXN_6987232,Juice,5.0,3.0,15.0,Digital Wallet,,2023-06-02
8389,TXN_3288233,Juice,5.0,3.0,15.0,Cash,,2023-12-24
8394,TXN_7293600,Cake,3.0,3.0,9.0,Digital Wallet,,2023-10-28
8395,TXN_3147874,Cookie,1.0,1.0,1.0,Digital Wallet,Takeaway,
8396,TXN_5279293,Sandwich,3.0,4.0,12.0,Digital Wallet,Takeaway,2023-11-11
8397,TXN_3488082,Sandwich,1.0,4.0,4.0,Digital Wallet,In-store,2023-04-12
8398,TXN_3342106,Sandwich,1.0,4.0,4.0,Credit Card,In-store,2023-01-14
8400,TXN_1967032,Tea,1.0,1.5,1.5,Digital Wallet,Takeaway,2023-01-12
8402,TXN_2630698,Sandwich,2.0,4.0,8.0,UNKNOWN,Takeaway,2023-08-22
8406,TXN_3543930,Juice,2.0,3.0,6.0,Credit Card,Takeaway,2023-10-10
8410,TXN_5747509,Cookie,2.0,1.0,2.0,Cash,In-store,2023-10-30
8412,TXN_9012517,Coffee,2.0,2.0,4.0,Credit Card,In-store,2023-10-21
8414,TXN_5303092,Tea,2.0,1.5,3.0,Credit Card,In-store,2023-05-05
8416,TXN_3865641,Cake,5.0,3.0,15.0,Digital Wallet,In-store,2023-09-15
8419,TXN_6568307,Coffee,1.0,2.0,2.0,Cash,In-store,2023-07-16
8420,TXN_8281347,Juice,4.0,3.0,12.0,Credit Card,In-store,2023-08-11
8421,TXN_8353202,Sandwich,4.0,4.0,16.0,Digital Wallet,In-store,2023-06-14
8422,TXN_7377398,Juice,2.0,3.0,6.0,Cash,Takeaway,2023-02-26
8423,TXN_6915068,Juice,2.0,3.0,6.0,Cash,In-store,2023-11-26
8425,TXN_1983422,Cookie,2.0,1.0,2.0,Digital Wallet,In-store,2023-06-26
8426,TXN_1603186,Cake,3.0,3.0,9.0,Cash,Takeaway,2023-10-13
8427,TXN_5572520,Smoothie,5.0,4.0,20.0,Cash,Takeaway,2023-05-14
8430,TXN_6123007,Coffee,3.0,2.0,6.0,Digital Wallet,,2023-05-28
8431,TXN_2832660,Smoothie,2.0,4.0,8.0,Credit Card,,2023-01-08
8433,TXN_9802838,Tea,1.0,1.5,1.5,UNKNOWN,Takeaway,2023-02-15
8434,TXN_4011509,Smoothie,4.0,4.0,16.0,Digital Wallet,,2023-11-10
8435,TXN_6786730,Coffee,1.0,2.0,2.0,Credit Card,,2023-04-15
8437,TXN_8245502,Salad,1.0,5.0,5.0,Credit Card,,2023-03-16
8439,TXN_1318238,Sandwich,1.0,4.0,4.0,Digital Wallet,Takeaway,2023-09-23
8440,TXN_1970180,Cake,2.0,3.0,6.0,Digital Wallet,Takeaway,2023-08-02
8441,TXN_5415223,Tea,2.0,1.5,3.0,Cash,In-store,2023-09-02
8442,TXN_4777601,Tea,1.0,1.5,1.5,Credit Card,In-store,2023-08-18
8444,TXN_5110688,Salad,3.0,5.0,15.0,Digital Wallet,,2023-05-09
8445,TXN_7497122,Sandwich,5.0,4.0,20.0,Digital Wallet,Takeaway,2023-03-23
8448,TXN_3838923,Juice,4.0,3.0,12.0,UNKNOWN,Takeaway,2023-06-03
8450,TXN_2458782,Salad,1.0,5.0,5.0,Cash,,2023-04-15
8451,TXN_1256513,Coffee,4.0,2.0,8.0,Credit Card,In-store,2023-02-21
8452,TXN_6266187,Tea,5.0,1.5,7.5,Credit Card,In-store,
8453,TXN_9432758,Cookie,3.0,1.0,3.0,Cash,Takeaway,2023-10-02
8455,TXN_7174856,Sandwich,1.0,4.0,4.0,Cash,Takeaway,2023-05-03
8456,TXN_5548756,Cookie,4.0,1.0,4.0,Credit Card,ERROR,2023-09-09
8459,TXN_1990997,Salad,1.0,5.0,5.0,Digital Wallet,,2023-03-27
8461,TXN_7325508,Salad,4.0,5.0,20.0,Credit Card,Takeaway,2023-05-27
8462,TXN_5398134,Coffee,2.0,2.0,4.0,Credit Card,UNKNOWN,2023-10-01
8466,TXN_1936447,Cookie,2.0,1.0,2.0,Cash,,2023-10-28
8467,TXN_8469087,Salad,2.0,5.0,10.0,Digital Wallet,Takeaway,2023-11-06
8468,TXN_5556985,Juice,3.0,3.0,9.0,Digital Wallet,In-store,
8469,TXN_8621589,Juice,5.0,3.0,15.0,Digital Wallet,,2023-11-15
8470,TXN_9901097,Coffee,1.0,2.0,2.0,Cash,,2023-01-07
8471,TXN_8783484,Smoothie,1.0,4.0,4.0,Cash,In-store,2023-11-20
8472,TXN_9599703,Cake,2.0,3.0,6.0,Digital Wallet,In-store,2023-09-25
8473,TXN_1353248,Sandwich,3.0,4.0,12.0,Cash,UNKNOWN,2023-09-03
8475,TXN_1266598,Cake,4.0,3.0,12.0,Digital Wallet,,2023-04-05
8476,TXN_5445994,Juice,1.0,3.0,3.0,Credit Card,In-store,2023-06-11
8482,TXN_1932224,Coffee,1.0,2.0,2.0,Credit Card,,2023-09-09
8483,TXN_5468153,Smoothie,5.0,4.0,20.0,Digital Wallet,In-store,2023-12-15
8484,TXN_9363711,Coffee,5.0,2.0,10.0,Digital Wallet,Takeaway,2023-11-23
8485,TXN_6845073,Cookie,1.0,1.0,1.0,Credit Card,In-store,2023-04-05
8486,TXN_1621227,Coffee,2.0,2.0,4.0,Cash,,
8487,TXN_1691313,Sandwich,2.0,4.0,8.0,Digital Wallet,Takeaway,2023-03-17
8488,TXN_4007522,Cake,2.0,3.0,6.0,Cash,Takeaway,2023-12-20
8489,TXN_3175177,Juice,3.0,3.0,9.0,Credit Card,,2023-10-24
8490,TXN_9282265,Salad,2.0,5.0,10.0,Credit Card,,2023-03-20
8492,TXN_5425668,Cookie,5.0,1.0,5.0,Cash,Takeaway,2023-04-09
8493,TXN_7738455,Tea,3.0,1.5,4.5,Digital Wallet,,2023-06-05
8496,TXN_2101934,Smoothie,4.0,4.0,16.0,Cash,In-store,2023-11-27
8499,TXN_9205425,Sandwich,3.0,4.0,12.0,Digital Wallet,Takeaway,2023-09-16
8500,TXN_9306482,Smoothie,2.0,4.0,8.0,Digital Wallet,Takeaway,2023-01-16
8504,TXN_3182191,Cake,5.0,3.0,15.0,Digital Wallet,,2023-07-21
8505,TXN_4734366,Smoothie,1.0,4.0,4.0,Credit Card,Takeaway,2023-08-20
8506,TXN_4430006,Juice,5.0,3.0,15.0,UNKNOWN,,2023-01-14
8507,TXN_7341975,Juice,2.0,3.0,6.0,Digital Wallet,,2023-07-29
8509,TXN_4224284,Cookie,2.0,1.0,2.0,UNKNOWN,Takeaway,2023-09-04
8511,TXN_5097542,Cake,5.0,3.0,15.0,Cash,,2023-05-15
8514,TXN_4130343,Coffee,4.0,2.0,8.0,Credit Card,In-store,2023-12-08
8518,TXN_6849062,Coffee,5.0,2.0,10.0,Cash,,2023-07-30
8520,TXN_6090715,Juice,3.0,3.0,9.0,Credit Card,In-store,2023-11-14
8521,TXN_9162014,Cake,1.0,3.0,3.0,Cash,,2023-07-21
8522,TXN_4751689,Smoothie,5.0,4.0,20.0,Cash,In-store,2023-07-28
8523,TXN_2200163,Coffee,4.0,2.0,8.0,Cash,UNKNOWN,2023-03-13
8524,TXN_7310903,Smoothie,3.0,4.0,12.0,Credit Card,,2023-09-10
8525,TXN_7155957,Salad,5.0,5.0,25.0,Digital Wallet,In-store,2023-02-22
8526,TXN_4350828,Juice,2.0,3.0,6.0,Digital Wallet,In-store,2023-02-16
8530,TXN_4970127,Tea,1.0,1.5,1.5,Digital Wallet,In-store,2023-12-09
8531,TXN_9567719,Sandwich,5.0,4.0,20.0,Digital Wallet,In-store,2023-01-24
8532,TXN_2950265,Salad,3.0,5.0,15.0,Credit Card,,2023-08-23
8533,TXN_1556609,Sandwich,1.0,4.0,4.0,Digital Wallet,,2023-07-21
8535,TXN_1084010,Smoothie,2.0,4.0,8.0,Credit Card,In-store,2023-08-11
8536,TXN_4218637,Tea,5.0,1.5,7.5,Cash,,2023-08-31
8537,TXN_2245465,Salad,2.0,5.0,10.0,Digital Wallet,,2023-12-27
8538,TXN_4742049,Juice,1.0,3.0,3.0,Credit Card,Takeaway,2023-09-10
8539,TXN_9889005,Cake,3.0,3.0,9.0,UNKNOWN,,2023-12-16
8546,TXN_8984991,Smoothie,3.0,4.0,12.0,Credit Card,,2023-05-17
8548,TXN_6123633,Salad,3.0,5.0,15.0,UNKNOWN,,2023-01-16
8549,TXN_6769554,Coffee,5.0,2.0,10.0,Credit Card,Takeaway,2023-02-06
8550,TXN_5761414,Smoothie,1.0,4.0,4.0,Digital Wallet,,2023-10-02
8552,TXN_2614633,Coffee,4.0,2.0,8.0,Digital Wallet,In-store,2023-04-23
8555,TXN_2085081,Cake,2.0,3.0,6.0,Cash,,2023-03-14
8556,TXN_3399636,Juice,3.0,3.0,9.0,Digital Wallet,Takeaway,2023-08-07
8557,TXN_8587529,Cookie,2.0,1.0,2.0,Credit Card,Takeaway,2023-07-09
8558,TXN_1476775,Salad,3.0,5.0,15.0,Credit Card,,2023-11-01
8559,TXN_6945985,Tea,3.0,1.5,4.5,Digital Wallet,In-store,2023-02-13
8560,TXN_4117627,Cake,3.0,3.0,9.0,Credit Card,In-store,2023-06-22
8561,TXN_7530300,Coffee,3.0,2.0,6.0,Digital Wallet,,2023-05-08
8562,TXN_7071783,Cookie,4.0,1.0,4.0,Cash,,2023-07-04
8563,TXN_3676305,Salad,5.0,5.0,25.0,Credit Card,,2023-06-14
8564,TXN_8867827,Tea,1.0,1.5,1.5,Digital Wallet,,2023-01-14
8565,TXN_9061106,Cake,4.0,3.0,12.0,Digital Wallet,Takeaway,2023-11-04
8571,TXN_2381411,Coffee,5.0,2.0,10.0,Cash,In-store,2023-07-30
8575,TXN_4623468,Coffee,5.0,2.0,10.0,Credit Card,Takeaway,
8577,TXN_9178545,Juice,4.0,3.0,12.0,Cash,In-store,2023-01-24
8578,TXN_8535886,Tea,5.0,1.5,7.5,Credit Card,In-store,2023-05-13
8579,TXN_1037486,Salad,5.0,5.0,25.0,Digital Wallet,In-store,
8580,TXN_7978452,Cake,5.0,3.0,15.0,Digital Wallet,,2023-10-03
8581,TXN_8488163,Sandwich,4.0,4.0,16.0,UNKNOWN,,2023-01-19
8582,TXN_6926855,Sandwich,3.0,4.0,12.0,Cash,Takeaway,2023-01-12
8583,TXN_9869593,Cake,2.0,3.0,6.0,Digital Wallet,Takeaway,2023-10-03
8584,TXN_3055407,Tea,2.0,1.5,3.0,UNKNOWN,,2023-06-03
8586,TXN_5332773,Coffee,2.0,2.0,4.0,Digital Wallet,Takeaway,2023-05-04
8588,TXN_7508715,Smoothie,2.0,4.0,8.0,Cash,In-store,2023-12-11
8589,TXN_9728789,Cookie,3.0,1.0,3.0,Cash,In-store,2023-03-29
8590,TXN_8061866,Salad,4.0,5.0,20.0,Cash,Takeaway,2023-12-13
8592,TXN_1099119,Smoothie,4.0,4.0,16.0,Cash,,2023-02-09
8594,TXN_8627017,Tea,4.0,1.5,6.0,Cash,In-store,2023-01-28
8595,TXN_7468084,Coffee,5.0,2.0,10.0,Credit Card,,2023-06-14
8596,TXN_1185069,Salad,1.0,5.0,5.0,Digital Wallet,UNKNOWN,2023-02-21
8597,TXN_5100941,Cookie,5.0,1.0,5.0,Digital Wallet,,2023-07-11
8599,TXN_4096757,Salad,5.0,5.0,25.0,Credit Card,In-store,2023-07-20
8600,TXN_6057914,Smoothie,2.0,4.0,8.0,Digital Wallet,ERROR,2023-03-18
8602,TXN_2890321,Tea,3.0,1.5,4.5,Cash,In-store,2023-06-13
8603,TXN_4808812,Smoothie,4.0,4.0,16.0,UNKNOWN,,2023-05-31
8604,TXN_1866707,Smoothie,3.0,4.0,12.0,Cash,,2023-06-05
8606,TXN_8488298,Cake,3.0,3.0,9.0,Cash,,2023-11-03
8607,TXN_2515796,Tea,3.0,1.5,4.5,Credit Card,Takeaway,2023-02-06
8608,TXN_2369294,Sandwich,2.0,4.0,8.0,Cash,Takeaway,2023-09-07
8609,TXN_9444736,Tea,5.0,1.5,7.5,Credit Card,Takeaway,2023-04-23
8610,TXN_4764398,Sandwich,2.0,4.0,8.0,Credit Card,,2023-06-13
8612,TXN_1993675,Cookie,3.0,1.0,3.0,Cash,Takeaway,2023-01-09
8613,TXN_7754136,Cookie,1.0,1.0,1.0,Credit Card,In-store,2023-07-12
8614,TXN_4873173,Coffee,5.0,2.0,10.0,Cash,Takeaway,2023-10-08
8615,TXN_7221126,Tea,5.0,1.5,7.5,Digital Wallet,In-store,2023-10-11
8616,TXN_4537288,Cookie,1.0,1.0,1.0,Cash,,2023-02-25
8618,TXN_5079166,Salad,5.0,5.0,25.0,Credit Card,Takeaway,2023-04-15
8623,TXN_6419344,Juice,1.0,3.0,3.0,Cash,In-store,2023-05-26
8624,TXN_3669068,Cake,5.0,3.0,15.0,Cash,Takeaway,2023-01-17
8626,TXN_4432252,Smoothie,5.0,4.0,20.0,Credit Card,,2023-02-16
8630,TXN_4069354,Salad,1.0,5.0,5.0,UNKNOWN,,2023-08-18
8631,TXN_9737509,Tea,5.0,1.5,7.5,Digital Wallet,In-store,2023-11-27
8632,TXN_8749404,Coffee,4.0,2.0,8.0,Digital Wallet,In-store,2023-12-16
8635,TXN_6411385,Salad,4.0,5.0,20.0,Cash,Takeaway,2023-06-06
8637,TXN_4768744,Tea,5.0,1.5,7.5,Cash,In-store,2023-05-14
8638,TXN_5260646,Tea,4.0,1.5,6.0,Cash,Takeaway,2023-11-18
8639,TXN_2393219,Juice,4.0,3.0,12.0,Digital Wallet,In-store,2023-12-27
8640,TXN_4544172,Juice,1.0,3.0,3.0,Digital Wallet,Takeaway,2023-05-20
8642,TXN_8275137,Salad,4.0,5.0,20.0,Cash,ERROR,2023-11-16
8643,TXN_3758861,Smoothie,3.0,4.0,12.0,Credit Card,ERROR,2023-07-03
8645,TXN_8661276,Cookie,1.0,1.0,1.0,Digital Wallet,In-store,2023-01-07
8646,TXN_5974796,Sandwich,4.0,4.0,16.0,Cash,In-store,2023-11-09
8648,TXN_5452978,Salad,2.0,5.0,10.0,Cash,In-store,2023-04-10
8650,TXN_6455517,Cake,2.0,3.0,6.0,Cash,,2023-08-04
8653,TXN_9655661,Juice,1.0,3.0,3.0,Digital Wallet,,2023-06-07
8655,TXN_1931190,Cookie,3.0,1.0,3.0,UNKNOWN,Takeaway,2023-12-31
8657,TXN_4887189,Smoothie,3.0,4.0,12.0,Cash,Takeaway,2023-07-19
8658,TXN_7687146,Coffee,1.0,2.0,2.0,Digital Wallet,Takeaway,2023-12-02
8659,TXN_9728414,Tea,1.0,1.5,1.5,Credit Card,Takeaway,2023-01-11
8660,TXN_3081950,Cookie,1.0,1.0,1.0,Digital Wallet,ERROR,2023-05-01
8661,TXN_7589318,Cake,4.0,3.0,12.0,Cash,In-store,2023-09-21
8662,TXN_9452972,Sandwich,3.0,4.0,12.0,Digital Wallet,,2023-02-10
8663,TXN_9299563,Juice,5.0,3.0,15.0,Credit Card,,2023-03-27
8666,TXN_8732269,Cake,2.0,3.0,6.0,Credit Card,Takeaway,2023-01-11
8668,TXN_3758250,Salad,3.0,5.0,15.0,Cash,In-store,2023-09-08
8672,TXN_6027798,Cookie,2.0,1.0,2.0,Digital Wallet,,2023-05-26
8674,TXN_8196921,Coffee,4.0,2.0,8.0,Credit Card,Takeaway,2023-05-19
8675,TXN_9289408,Coffee,4.0,2.0,8.0,Digital Wallet,,2023-09-23
8679,TXN_6217375,Smoothie,5.0,4.0,20.0,Cash,UNKNOWN,2023-12-07
8680,TXN_3779320,Tea,4.0,1.5,6.0,Credit Card,In-store,2023-03-27
8682,TXN_9789876,Salad,4.0,5.0,20.0,Cash,Takeaway,2023-09-05
8683,TXN_9129403,Sandwich,3.0,4.0,12.0,Credit Card,,2023-12-05
8684,TXN_2944325,Sandwich,4.0,4.0,16.0,Cash,,2023-12-18
8686,TXN_6532832,Cookie,5.0,1.0,5.0,Cash,In-store,2023-06-23
8687,TXN_5992166,Juice,5.0,3.0,15.0,Cash,Takeaway,2023-10-01
8688,TXN_6895165,Coffee,3.0,2.0,6.0,Credit Card,Takeaway,2023-02-18
8690,TXN_6269306,Smoothie,5.0,4.0,20.0,Credit Card,,2023-08-29
8692,TXN_6241505,Smoothie,4.0,4.0,16.0,Cash,Takeaway,2023-11-20
8694,TXN_1950063,Salad,2.0,5.0,10.0,Cash,,2023-02-24
8695,TXN_4682737,Coffee,2.0,2.0,4.0,Cash,Takeaway,2023-02-03
8697,TXN_9061471,Cake,1.0,3.0,3.0,Digital Wallet,Takeaway,2023-07-13
8699,TXN_8410979,Smoothie,3.0,4.0,12.0,Digital Wallet,In-store,2023-05-02
8700,TXN_3710523,Sandwich,3.0,4.0,12.0,Digital Wallet,,2023-10-03
8701,TXN_8014289,Juice,5.0,3.0,15.0,Digital Wallet,In-store,2023-12-04
8702,TXN_1888294,Juice,3.0,3.0,9.0,Cash,,2023-07-03
8704,TXN_2648236,Smoothie,2.0,4.0,8.0,Credit Card,In-store,2023-09-10
8705,TXN_1837817,Tea,2.0,1.5,3.0,Cash,ERROR,2023-08-13
8707,TXN_4197575,Salad,2.0,5.0,10.0,Credit Card,,2023-01-21
8708,TXN_5863650,Tea,1.0,1.5,1.5,Digital Wallet,In-store,2023-08-09
8710,TXN_1292476,Juice,4.0,3.0,12.0,Digital Wallet,Takeaway,2023-09-07
8711,TXN_4872708,Coffee,5.0,2.0,10.0,Cash,,2023-11-16
8714,TXN_1311237,Cookie,4.0,1.0,4.0,Credit Card,,2023-11-11
8716,TXN_5808749,Salad,1.0,5.0,5.0,Cash,Takeaway,2023-01-25
8718,TXN_3894165,Smoothie,5.0,4.0,20.0,Credit Card,,2023-03-31
8719,TXN_5270067,Cake,3.0,3.0,9.0,Digital Wallet,UNKNOWN,2023-03-09
8721,TXN_2168513,Cake,1.0,3.0,3.0,Digital Wallet,In-store,2023-02-09
8723,TXN_7248722,Cake,3.0,3.0,9.0,Cash,Takeaway,2023-04-06
8724,TXN_9989458,Smoothie,3.0,4.0,12.0,Cash,,2023-02-16
8725,TXN_1850339,Cookie,5.0,1.0,5.0,Cash,Takeaway,2023-01-17
8727,TXN_4551353,Tea,5.0,1.5,7.5,Digital Wallet,In-store,2023-08-17
8734,TXN_8571432,Juice,2.0,3.0,6.0,Cash,,2023-12-07
8735,TXN_6744096,Coffee,1.0,2.0,2.0,Digital Wallet,In-store,2023-11-15
8738,TXN_5188843,Smoothie,2.0,4.0,8.0,Cash,In-store,2023-02-06
8739,TXN_4821343,Cookie,1.0,1.0,1.0,Credit Card,In-store,2023-09-16
8740,TXN_4988100,Coffee,1.0,2.0,2.0,Digital Wallet,In-store,
8743,TXN_8404563,Tea,1.0,1.5,1.5,Cash,In-store,2023-01-22
8744,TXN_8942133,Salad,3.0,5.0,15.0,Cash,Takeaway,2023-10-04
8746,TXN_9230208,Juice,3.0,3.0,9.0,Credit Card,,2023-05-13
8748,TXN_8980468,Smoothie,5.0,4.0,20.0,Cash,,2023-08-24
8749,TXN_4175635,Salad,3.0,5.0,15.0,UNKNOWN,Takeaway,2023-05-26
8751,TXN_8359693,Sandwich,2.0,4.0,8.0,Digital Wallet,In-store,2023-10-23
8753,TXN_2244902,Coffee,5.0,2.0,10.0,Credit Card,,2023-02-13
8754,TXN_5561958,Smoothie,4.0,4.0,16.0,Digital Wallet,,2023-07-24
8755,TXN_6963106,Sandwich,1.0,4.0,4.0,Cash,In-store,2023-06-01
8756,TXN_6008133,Coffee,3.0,2.0,6.0,Digital Wallet,UNKNOWN,2023-11-08
8758,TXN_2551074,Cookie,1.0,1.0,1.0,Cash,,2023-09-17
8759,TXN_1899827,Coffee,5.0,2.0,10.0,Credit Card,Takeaway,2023-06-24
8760,TXN_3046572,Salad,4.0,5.0,20.0,Cash,ERROR,2023-05-16
8763,TXN_9157625,Tea,5.0,1.5,7.5,Credit Card,Takeaway,2023-02-10
8764,TXN_7865037,Coffee,1.0,2.0,2.0,Digital Wallet,,2023-06-05
8765,TXN_8410376,Coffee,4.0,2.0,8.0,Digital Wallet,,2023-07-02
8766,TXN_4192665,Coffee,1.0,2.0,2.0,Cash,,2023-07-15
8767,TXN_5433077,Cake,4.0,3.0,12.0,Cash,In-store,2023-11-29
8768,TXN_1844925,Tea,5.0,1.5,7.5,Cash,,2023-10-21
8770,TXN_8003664,Sandwich,1.0,4.0,4.0,Credit Card,UNKNOWN,2023-11-26
8772,TXN_3659483,Smoothie,3.0,4.0,12.0,Cash,,2023-05-14
8773,TXN_1688499,Smoothie,2.0,4.0,8.0,Credit Card,,2023-03-23
8774,TXN_5632556,Juice,4.0,3.0,12.0,Digital Wallet,In-store,2023-05-16
8775,TXN_7954416,Coffee,1.0,2.0,2.0,Digital Wallet,In-store,2023-06-04
8776,TXN_7845656,Juice,3.0,3.0,9.0,Credit Card,Takeaway,
8777,TXN_7421687,Coffee,5.0,2.0,10.0,Credit Card,In-store,2023-11-18
8779,TXN_3793672,Cookie,5.0,1.0,5.0,Credit Card,,2023-01-14
8780,TXN_1903825,Salad,4.0,5.0,20.0,Digital Wallet,Takeaway,2023-04-01
8781,TXN_4267136,Tea,1.0,1.5,1.5,Credit Card,In-store,2023-08-02
8783,TXN_6567287,Cookie,4.0,1.0,4.0,Digital Wallet,Takeaway,
8784,TXN_3743107,Coffee,4.0,2.0,8.0,Cash,,2023-01-14
8785,TXN_6739664,Salad,3.0,5.0,15.0,Cash,,2023-09-12
8789,TXN_7187140,Juice,2.0,3.0,6.0,Credit Card,In-store,2023-05-25
8796,TXN_7568175,Salad,1.0,5.0,5.0,Cash,In-store,2023-11-06
8798,TXN_8843061,Smoothie,1.0,4.0,4.0,Cash,Takeaway,2023-11-10
8800,TXN_7079566,Juice,4.0,3.0,12.0,Digital Wallet,In-store,2023-10-20
8801,TXN_3937788,Smoothie,1.0,4.0,4.0,Cash,In-store,2023-06-27
8803,TXN_8343414,Salad,2.0,5.0,10.0,Credit Card,Takeaway,2023-02-28
8804,TXN_4204491,Smoothie,2.0,4.0,8.0,Digital Wallet,,2023-04-25
8805,TXN_4801327,Cake,5.0,3.0,15.0,Cash,In-store,2023-02-03
8807,TXN_6025054,Coffee,1.0,2.0,2.0,Credit Card,Takeaway,2023-03-10
8809,TXN_9929033,Coffee,2.0,2.0,4.0,Cash,Takeaway,2023-02-17
8811,TXN_7495804,Juice,3.0,3.0,9.0,Credit Card,Takeaway,2023-11-24
8822,TXN_8183734,Cookie,2.0,1.0,2.0,Digital Wallet,In-store,2023-08-25
8824,TXN_2785654,Tea,1.0,1.5,1.5,Credit Card,Takeaway,2023-02-21
8826,TXN_1121833,Coffee,4.0,2.0,8.0,Credit Card,In-store,2023-03-16
8830,TXN_1512159,Cake,2.0,3.0,6.0,Credit Card,In-store,2023-11-25
8832,TXN_4566950,Coffee,2.0,2.0,4.0,Cash,Takeaway,2023-09-29
8835,TXN_8154928,Tea,3.0,1.5,4.5,Credit Card,,2023-07-26
8836,TXN_6550707,Coffee,1.0,2.0,2.0,Digital Wallet,,2023-03-01
8837,TXN_3676019,Juice,4.0,3.0,12.0,Digital Wallet,,2023-11-07
8840,TXN_3219378,Salad,3.0,5.0,15.0,Digital Wallet,In-store,2023-12-04
8841,TXN_6372515,Cookie,1.0,1.0,1.0,Digital Wallet,In-store,2023-11-22
8844,TXN_4745933,Salad,1.0,5.0,5.0,Digital Wallet,In-store,2023-11-05
8846,TXN_6994245,Coffee,4.0,2.0,8.0,Digital Wallet,In-store,2023-12-30
8849,TXN_8103630,Cookie,1.0,1.0,1.0,Digital Wallet,Takeaway,2023-03-08
8852,TXN_3252542,Sandwich,5.0,4.0,20.0,Digital Wallet,In-store,2023-09-22
8854,TXN_4413197,Tea,4.0,1.5,6.0,Digital Wallet,,2023-09-06
8855,TXN_1283149,Salad,2.0,5.0,10.0,Credit Card,In-store,2023-01-23
8856,TXN_6822426,Cake,5.0,3.0,15.0,Digital Wallet,In-store,2023-05-27
8857,TXN_8210816,Salad,4.0,5.0,20.0,Digital Wallet,Takeaway,2023-08-12
8858,TXN_5896728,Juice,4.0,3.0,12.0,Digital Wallet,Takeaway,2023-10-06
8859,TXN_4407308,Tea,4.0,1.5,6.0,Digital Wallet,In-store,2023-09-19
8860,TXN_7710078,Juice,2.0,3.0,6.0,Credit Card,Takeaway,2023-12-05
8862,TXN_6016707,Juice,1.0,3.0,3.0,Cash,In-store,2023-06-27
8867,TXN_2971555,Cake,1.0,3.0,3.0,Cash,,2023-02-24
8868,TXN_1465364,Tea,4.0,1.5,6.0,Digital Wallet,In-store,
8872,TXN_3377626,Cookie,5.0,1.0,5.0,Cash,In-store,2023-07-23
8873,TXN_5753111,Salad,1.0,5.0,5.0,Credit Card,,2023-04-25
8877,TXN_1983842,Cake,5.0,3.0,15.0,Digital Wallet,ERROR,2023-03-16
8878,TXN_4982165,Tea,1.0,1.5,1.5,Credit Card,Takeaway,2023-04-12
8880,TXN_9194266,Salad,5.0,5.0,25.0,Cash,,2023-10-30
8881,TXN_1141920,Coffee,4.0,2.0,8.0,Digital Wallet,,2023-10-26
8885,TXN_1581562,Coffee,2.0,2.0,4.0,Cash,In-store,2023-01-01
8886,TXN_6762236,Juice,4.0,3.0,12.0,UNKNOWN,In-store,2023-01-17
8891,TXN_2716560,Sandwich,4.0,4.0,16.0,Credit Card,Takeaway,2023-08-29
8892,TXN_4141941,Coffee,2.0,2.0,4.0,Digital Wallet,In-store,2023-05-18
8894,TXN_5283053,Juice,4.0,3.0,12.0,Digital Wallet,,2023-04-30
8895,TXN_1054912,Sandwich,3.0,4.0,12.0,Cash,,2023-08-02
8896,TXN_9100081,Juice,1.0,3.0,3.0,Cash,,2023-08-18
8897,TXN_5129701,Smoothie,2.0,4.0,8.0,Credit Card,Takeaway,2023-11-09
8898,TXN_7021592,Salad,4.0,5.0,20.0,Credit Card,In-store,2023-07-01
8900,TXN_3041142,Smoothie,3.0,4.0,12.0,Digital Wallet,ERROR,2023-12-22
8901,TXN_5618631,Coffee,5.0,2.0,10.0,Credit Card,In-store,2023-12-21
8902,TXN_6496379,Sandwich,1.0,4.0,4.0,Cash,Takeaway,2023-12-24
8904,TXN_2386202,Salad,4.0,5.0,20.0,Cash,In-store,2023-01-22
8906,TXN_9190061,Salad,5.0,5.0,25.0,Cash,Takeaway,2023-06-14
8910,TXN_2495471,Salad,3.0,5.0,15.0,Credit Card,Takeaway,2023-10-22
8911,TXN_7708201,Salad,3.0,5.0,15.0,Cash,,2023-01-04
8913,TXN_7195393,Salad,2.0,5.0,10.0,Credit Card,In-store,2023-01-24
8914,TXN_8022892,Sandwich,4.0,4.0,16.0,Digital Wallet,In-store,2023-08-07
8915,TXN_4298189,Coffee,1.0,2.0,2.0,Digital Wallet,In-store,2023-10-13
8918,TXN_7353699,Tea,5.0,1.5,7.5,Digital Wallet,,2023-07-20
8920,TXN_3541304,Sandwich,3.0,4.0,12.0,Cash,In-store,2023-04-22
8922,TXN_9431971,Smoothie,1.0,4.0,4.0,Credit Card,ERROR,2023-07-17
8923,TXN_4543742,Coffee,3.0,2.0,6.0,Digital Wallet,,2023-03-28
8924,TXN_5961027,Cake,2.0,3.0,6.0,Cash,In-store,
8926,TXN_3007866,Juice,4.0,3.0,12.0,Credit Card,In-store,2023-04-14
8928,TXN_7053830,Coffee,3.0,2.0,6.0,Digital Wallet,,2023-02-14
8930,TXN_6522299,Tea,2.0,1.5,3.0,Cash,ERROR,2023-08-29
8932,TXN_2848421,Cookie,1.0,1.0,1.0,Digital Wallet,In-store,2023-08-07
8936,TXN_6053617,Sandwich,2.0,4.0,8.0,Credit Card,,2023-11-25
8937,TXN_8384372,Tea,4.0,1.5,6.0,Digital Wallet,,2023-08-07
8938,TXN_3426338,Salad,1.0,5.0,5.0,Cash,In-store,2023-07-31
8939,TXN_4581359,Juice,2.0,3.0,6.0,Credit Card,,2023-03-22
8940,TXN_3561451,Salad,4.0,5.0,20.0,Credit Card,,2023-05-31
8941,TXN_7768989,Sandwich,2.0,4.0,8.0,Cash,In-store,2023-10-02
8942,TXN_5963316,Tea,2.0,1.5,3.0,Credit Card,Takeaway,2023-06-25
8944,TXN_6014389,Cookie,5.0,1.0,5.0,Credit Card,In-store,2023-07-21
8945,TXN_7358729,Cookie,2.0,1.0,2.0,Cash,Takeaway,2023-02-25
8946,TXN_9815521,Sandwich,3.0,4.0,12.0,Credit Card,In-store,2023-05-26
8949,TXN_1950187,Tea,2.0,1.5,3.0,Credit Card,Takeaway,2023-04-13
8950,TXN_9518691,Salad,2.0,5.0,10.0,Credit Card,ERROR,2023-03-30
8952,TXN_5436816,Salad,3.0,5.0,15.0,Credit Card,,2023-08-04
8953,TXN_7896586,Sandwich,2.0,4.0,8.0,Credit Card,,2023-09-04
8954,TXN_5835004,Smoothie,5.0,4.0,20.0,Credit Card,In-store,2023-04-14
8956,TXN_5950951,Salad,1.0,5.0,5.0,Credit Card,In-store,2023-04-10
8958,TXN_2786231,Juice,1.0,3.0,3.0,Cash,Takeaway,2023-08-17
8960,TXN_4262451,Coffee,1.0,2.0,2.0,Digital Wallet,Takeaway,2023-10-16
8961,TXN_4773210,Coffee,1.0,2.0,2.0,Credit Card,,2023-11-29
8962,TXN_1231366,Sandwich,3.0,4.0,12.0,Digital Wallet,Takeaway,2023-11-28
8964,TXN_2713279,Cookie,4.0,1.0,4.0,Digital Wallet,In-store,2023-02-12
8965,TXN_4247602,Salad,5.0,5.0,25.0,Credit Card,Takeaway,2023-07-13
8969,TXN_6488040,Salad,1.0,5.0,5.0,Digital Wallet,Takeaway,2023-05-20
8971,TXN_7269738,Cookie,3.0,1.0,3.0,Cash,,2023-05-26
8972,TXN_2638760,Cake,5.0,3.0,15.0,Cash,,2023-02-09
8976,TXN_6643922,Coffee,5.0,2.0,10.0,Digital Wallet,In-store,2023-06-24
8977,TXN_8388056,Salad,1.0,5.0,5.0,Credit Card,,2023-06-23
8978,TXN_4728936,Juice,4.0,3.0,12.0,Digital Wallet,Takeaway,2023-02-27
8979,TXN_6386388,Tea,3.0,1.5,4.5,Credit Card,Takeaway,2023-05-21
8980,TXN_9443285,Cake,2.0,3.0,6.0,Credit Card,,2023-05-27
8981,TXN_6377838,Cake,2.0,3.0,6.0,Digital Wallet,Takeaway,2023-02-19
8983,TXN_7719510,Juice,3.0,3.0,9.0,Credit Card,Takeaway,2023-08-14
8984,TXN_7908153,Cookie,3.0,1.0,3.0,Cash,In-store,2023-01-19
8987,TXN_5391160,Juice,2.0,3.0,6.0,Cash,In-store,2023-03-09
8988,TXN_8324715,Sandwich,5.0,4.0,20.0,Credit Card,,2023-03-21
8990,TXN_1985223,Smoothie,3.0,4.0,12.0,Digital Wallet,Takeaway,2023-09-21
8991,TXN_2944460,Salad,1.0,5.0,5.0,Digital Wallet,In-store,2023-04-16
8994,TXN_2887257,Cookie,3.0,1.0,3.0,Credit Card,In-store,2023-08-27
8995,TXN_3986876,Cake,3.0,3.0,9.0,Cash,Takeaway,2023-11-06
8996,TXN_1066604,Sandwich,5.0,4.0,20.0,Credit Card,,2023-05-18
8997,TXN_2494494,Coffee,1.0,2.0,2.0,Cash,,2023-06-13
8998,TXN_4464373,Cookie,2.0,1.0,2.0,Digital Wallet,In-store,2023-04-22
8999,TXN_7844770,Cake,2.0,3.0,6.0,Digital Wallet,,2023-01-31
9000,TXN_9968943,Smoothie,1.0,4.0,4.0,Digital Wallet,ERROR,2023-07-25
9006,TXN_8795794,Sandwich,3.0,4.0,12.0,Cash,In-store,2023-02-13
9008,TXN_2352308,Cookie,2.0,1.0,2.0,Cash,,2023-11-10
9012,TXN_6683798,Cookie,1.0,1.0,1.0,Digital Wallet,Takeaway,2023-07-26
9013,TXN_7246683,Smoothie,1.0,4.0,4.0,Digital Wallet,Takeaway,2023-05-17
9015,TXN_3691228,Cake,3.0,3.0,9.0,Cash,Takeaway,2023-10-26
9016,TXN_7407946,Salad,3.0,5.0,15.0,Credit Card,,2023-03-26
9017,TXN_8635803,Tea,2.0,1.5,3.0,Cash,,2023-03-17
9019,TXN_8010562,Sandwich,1.0,4.0,4.0,Cash,,2023-07-23
9020,TXN_2501648,Cake,2.0,3.0,6.0,Credit Card,UNKNOWN,2023-12-05
9022,TXN_8105705,Juice,1.0,3.0,3.0,Digital Wallet,Takeaway,2023-10-17
9023,TXN_9676096,Cake,3.0,3.0,9.0,Digital Wallet,,2023-04-05
9026,TXN_2151258,Cake,3.0,3.0,9.0,Credit Card,UNKNOWN,2023-08-09
9027,TXN_3672345,Tea,3.0,1.5,4.5,Credit Card,,2023-10-17
9028,TXN_6793298,Tea,2.0,1.5,3.0,Credit Card,,2023-04-14
9033,TXN_5531648,Coffee,5.0,2.0,10.0,Cash,Takeaway,2023-01-23
9034,TXN_8789736,Coffee,2.0,2.0,4.0,Credit Card,,2023-05-06
9035,TXN_9938977,Cake,5.0,3.0,15.0,Cash,In-store,2023-12-18
9036,TXN_2730798,Tea,4.0,1.5,6.0,Credit Card,,2023-12-01
9037,TXN_3749801,Cake,5.0,3.0,15.0,Credit Card,Takeaway,2023-01-03
9038,TXN_3326626,Cake,2.0,3.0,6.0,Cash,Takeaway,2023-09-26
9039,TXN_4843989,Tea,4.0,1.5,6.0,Digital Wallet,Takeaway,2023-09-30
9040,TXN_6606514,Juice,1.0,3.0,3.0,Credit Card,In-store,2023-06-25
9043,TXN_9438576,Cookie,1.0,1.0,1.0,Credit Card,In-store,2023-05-05
9045,TXN_4978922,Cookie,4.0,1.0,4.0,Cash,,
9047,TXN_3916668,Juice,2.0,3.0,6.0,Digital Wallet,,2023-05-14
9048,TXN_4789941,Sandwich,3.0,4.0,12.0,Credit Card,,2023-04-17
9049,TXN_6957001,Tea,4.0,1.5,6.0,UNKNOWN,In-store,2023-08-08
9052,TXN_3269434,Juice,1.0,3.0,3.0,Cash,,2023-02-01
9053,TXN_3291988,Juice,2.0,3.0,6.0,Credit Card,,2023-07-03
9055,TXN_1875220,Tea,3.0,1.5,4.5,Cash,In-store,2023-03-07
9056,TXN_1926712,Coffee,5.0,2.0,10.0,Credit Card,,2023-01-31
9058,TXN_5672583,Juice,2.0,3.0,6.0,Cash,Takeaway,2023-04-09
9060,TXN_1899114,Tea,3.0,1.5,4.5,Digital Wallet,Takeaway,2023-04-05
9061,TXN_2625388,Coffee,5.0,2.0,10.0,Digital Wallet,In-store,2023-02-09
9062,TXN_7153665,Salad,5.0,5.0,25.0,Cash,In-store,2023-07-31
9063,TXN_9161256,Smoothie,2.0,4.0,8.0,Digital Wallet,In-store,2023-01-01
9067,TXN_3255254,Juice,4.0,3.0,12.0,Cash,,2023-03-23
9068,TXN_9275800,Smoothie,3.0,4.0,12.0,Cash,,2023-05-01
9070,TXN_1372003,Tea,4.0,1.5,6.0,Digital Wallet,Takeaway,2023-10-13
9071,TXN_7364110,Coffee,5.0,2.0,10.0,Cash,,
9074,TXN_2119809,Salad,5.0,5.0,25.0,Digital Wallet,In-store,2023-04-21
9076,TXN_6332132,Juice,3.0,3.0,9.0,UNKNOWN,Takeaway,
9077,TXN_2185661,Sandwich,4.0,4.0,16.0,Cash,,2023-03-16
9080,TXN_8977555,Cake,2.0,3.0,6.0,Cash,,2023-07-21
9082,TXN_5114283,Tea,1.0,1.5,1.5,Digital Wallet,In-store,2023-05-28
9084,TXN_5615114,Tea,4.0,1.5,6.0,Digital Wallet,ERROR,2023-10-31
9085,TXN_4968659,Tea,5.0,1.5,7.5,Credit Card,,2023-03-18
9086,TXN_4858666,Cake,3.0,3.0,9.0,Credit Card,,2023-03-18
9088,TXN_4754723,Coffee,2.0,2.0,4.0,Credit Card,,
9090,TXN_8492074,Tea,3.0,1.5,4.5,Digital Wallet,In-store,2023-11-12
9091,TXN_6355908,Sandwich,3.0,4.0,12.0,Credit Card,,2023-03-28
9092,TXN_6856530,Smoothie,5.0,4.0,20.0,Digital Wallet,,2023-11-11
9093,TXN_1180397,Smoothie,3.0,4.0,12.0,Credit Card,Takeaway,2023-04-05
9094,TXN_4747863,Cookie,2.0,1.0,2.0,Digital Wallet,In-store,2023-10-04
9096,TXN_5127984,Sandwich,3.0,4.0,12.0,Cash,In-store,2023-11-12
9100,TXN_1196223,Juice,3.0,3.0,9.0,Digital Wallet,In-store,2023-10-14
9101,TXN_2401073,Coffee,4.0,2.0,8.0,Credit Card,,2023-02-10
9102,TXN_9639089,Juice,4.0,3.0,12.0,Credit Card,In-store,2023-05-14
9103,TXN_8654093,Coffee,3.0,2.0,6.0,Digital Wallet,UNKNOWN,2023-11-29
9105,TXN_8872715,Cookie,2.0,1.0,2.0,Digital Wallet,Takeaway,
9108,TXN_9579984,Salad,5.0,5.0,25.0,Credit Card,,2023-12-25
9109,TXN_6087578,Tea,1.0,1.5,1.5,Credit Card,,2023-12-17
9111,TXN_7526174,Juice,3.0,3.0,9.0,Credit Card,,2023-08-06
9112,TXN_5401244,Salad,1.0,5.0,5.0,Credit Card,In-store,2023-07-08
9113,TXN_7470034,Smoothie,5.0,4.0,20.0,Digital Wallet,Takeaway,
9115,TXN_5820892,Juice,1.0,3.0,3.0,Digital Wallet,ERROR,2023-11-14
9116,TXN_3801338,Sandwich,3.0,4.0,12.0,Credit Card,,2023-11-03
9118,TXN_8365857,Smoothie,5.0,4.0,20.0,Digital Wallet,Takeaway,2023-10-06
9119,TXN_9349657,Cookie,2.0,1.0,2.0,Credit Card,In-store,2023-03-14
9122,TXN_1161606,Sandwich,5.0,4.0,20.0,Credit Card,Takeaway,2023-09-20
9123,TXN_5938359,Cookie,2.0,1.0,2.0,Credit Card,,2023-06-02
9124,TXN_7565894,Salad,1.0,5.0,5.0,Cash,Takeaway,2023-07-15
9126,TXN_4656387,Cookie,2.0,1.0,2.0,Digital Wallet,,2023-07-25
9127,TXN_9277276,Cake,4.0,3.0,12.0,Credit Card,Takeaway,2023-09-15
9128,TXN_1576076,Coffee,3.0,2.0,6.0,Cash,Takeaway,2023-10-07
9129,TXN_3676632,Smoothie,4.0,4.0,16.0,Credit Card,,2023-12-11
9130,TXN_9945457,Cookie,4.0,1.0,4.0,Cash,,2023-06-28
9132,TXN_4579086,Cake,2.0,3.0,6.0,Credit Card,In-store,2023-07-20
9133,TXN_2421873,Coffee,2.0,2.0,4.0,Credit Card,,2023-02-18
9135,TXN_2323650,Tea,4.0,1.5,6.0,Digital Wallet,,2023-10-09
9136,TXN_3587916,Salad,3.0,5.0,15.0,Cash,In-store,2023-07-09
9137,TXN_8914956,Cookie,2.0,1.0,2.0,Credit Card,,2023-05-13
9138,TXN_9080521,Coffee,2.0,2.0,4.0,Credit Card,In-store,2023-01-24
9140,TXN_9648941,Coffee,2.0,2.0,4.0,Cash,Takeaway,2023-06-30
9141,TXN_9989719,Smoothie,2.0,4.0,8.0,Credit Card,Takeaway,2023-11-26
9142,TXN_8409154,Cake,4.0,3.0,12.0,Digital Wallet,,2023-06-20
9143,TXN_4630633,Sandwich,1.0,4.0,4.0,UNKNOWN,Takeaway,2023-10-22
9145,TXN_5736595,Coffee,3.0,2.0,6.0,Credit Card,ERROR,2023-08-14
9146,TXN_2264883,Juice,2.0,3.0,6.0,Credit Card,Takeaway,2023-12-24
9149,TXN_7256205,Juice,4.0,3.0,12.0,Cash,,2023-04-08
9151,TXN_7591982,Salad,1.0,5.0,5.0,Cash,,2023-02-28
9152,TXN_5530273,Cake,3.0,3.0,9.0,Digital Wallet,ERROR,2023-01-13
9155,TXN_9705027,Cookie,2.0,1.0,2.0,Cash,,
9156,TXN_6367976,Juice,1.0,3.0,3.0,Digital Wallet,,2023-10-16
9158,TXN_4867316,Sandwich,1.0,4.0,4.0,Digital Wallet,,2023-11-28
9159,TXN_6704173,Smoothie,2.0,4.0,8.0,Credit Card,,2023-07-24
9160,TXN_9510130,Salad,4.0,5.0,20.0,Cash,,2023-03-06
9164,TXN_6862603,Salad,4.0,5.0,20.0,Credit Card,Takeaway,2023-04-17
9165,TXN_5761207,Smoothie,3.0,4.0,12.0,Credit Card,,2023-04-19
9166,TXN_9852820,Salad,2.0,5.0,10.0,Credit Card,In-store,2023-08-27
9168,TXN_2062604,Coffee,2.0,2.0,4.0,Cash,In-store,
9169,TXN_9531812,Sandwich,2.0,4.0,8.0,Digital Wallet,In-store,2023-02-04
9170,TXN_1423173,Smoothie,5.0,4.0,20.0,Credit Card,,2023-10-02
9171,TXN_9811007,Cookie,5.0,1.0,5.0,Credit Card,,2023-03-07
9175,TXN_6778796,Cake,5.0,3.0,15.0,Cash,,2023-11-29
9176,TXN_2119373,Salad,4.0,5.0,20.0,Credit Card,In-store,2023-06-30
9177,TXN_6803555,Tea,2.0,1.5,3.0,Digital Wallet,Takeaway,2023-05-31
9179,TXN_1707537,Cake,3.0,3.0,9.0,Digital Wallet,Takeaway,2023-10-17
9181,TXN_6087604,Sandwich,4.0,4.0,16.0,Digital Wallet,,2023-01-27
9182,TXN_9825905,Coffee,1.0,2.0,2.0,Digital Wallet,ERROR,2023-01-04
9183,TXN_2086557,Smoothie,2.0,4.0,8.0,Cash,In-store,2023-01-13
9185,TXN_7714902,Coffee,4.0,2.0,8.0,Cash,,2023-09-10
9188,TXN_8209124,Coffee,2.0,2.0,4.0,Cash,,2023-10-05
9193,TXN_3418612,Tea,3.0,1.5,4.5,Digital Wallet,,2023-01-31
9194,TXN_2539469,Cake,2.0,3.0,6.0,Credit Card,Takeaway,2023-09-24
9195,TXN_2764544,Juice,4.0,3.0,12.0,Cash,In-store,2023-04-02
9198,TXN_9930357,Juice,1.0,3.0,3.0,Credit Card,,
9199,TXN_7631216,Juice,5.0,3.0,15.0,Credit Card,,2023-02-16
9200,TXN_3116803,Coffee,1.0,2.0,2.0,Credit Card,In-store,2023-09-10
9202,TXN_7403963,Sandwich,4.0,4.0,16.0,Cash,In-store,2023-07-27
9203,TXN_2708387,Tea,4.0,1.5,6.0,Credit Card,,2023-11-12
9205,TXN_2944717,Cookie,2.0,1.0,2.0,Cash,,2023-12-11
9206,TXN_7571571,Sandwich,2.0,4.0,8.0,Credit Card,,2023-04-09
9209,TXN_7039529,Cookie,3.0,1.0,3.0,Digital Wallet,In-store,2023-01-19
9210,TXN_1452931,Tea,1.0,1.5,1.5,Digital Wallet,,2023-07-08
9211,TXN_5148201,Smoothie,5.0,4.0,20.0,UNKNOWN,,2023-11-18
9215,TXN_4966750,Cookie,3.0,1.0,3.0,Digital Wallet,In-store,2023-12-24
9219,TXN_7770188,Juice,5.0,3.0,15.0,Digital Wallet,In-store,2023-10-28
9220,TXN_5088167,Coffee,5.0,2.0,10.0,Credit Card,UNKNOWN,2023-09-02
9221,TXN_1865302,Cookie,5.0,1.0,5.0,Credit Card,In-store,2023-08-16
9222,TXN_4224423,Juice,3.0,3.0,9.0,Cash,Takeaway,2023-08-27
9225,TXN_3879052,Coffee,3.0,2.0,6.0,Credit Card,,2023-12-14
9228,TXN_5719592,Coffee,1.0,2.0,2.0,Credit Card,In-store,2023-08-07
9229,TXN_6121301,Smoothie,5.0,4.0,20.0,Digital Wallet,Takeaway,2023-01-07
9230,TXN_2097987,Sandwich,2.0,4.0,8.0,Digital Wallet,In-store,
9231,TXN_7514279,Salad,1.0,5.0,5.0,Credit Card,In-store,2023-02-04
9232,TXN_5153408,Smoothie,1.0,4.0,4.0,Credit Card,Takeaway,2023-08-22
9233,TXN_4678948,Juice,3.0,3.0,9.0,UNKNOWN,Takeaway,2023-07-02
9236,TXN_1209852,Cookie,2.0,1.0,2.0,Credit Card,In-store,2023-11-18
9239,TXN_2086325,Coffee,2.0,2.0,4.0,Credit Card,,2023-08-14
9240,TXN_4062032,Tea,5.0,1.5,7.5,Digital Wallet,,2023-10-28
9242,TXN_2029301,Tea,5.0,1.5,7.5,Digital Wallet,,2023-08-06
9243,TXN_4508067,Smoothie,5.0,4.0,20.0,Credit Card,Takeaway,2023-03-19
9244,TXN_6637315,Cake,3.0,3.0,9.0,Cash,,2023-12-02
9246,TXN_4251500,Cookie,4.0,1.0,4.0,Digital Wallet,Takeaway,2023-11-11
9247,TXN_1516961,Sandwich,3.0,4.0,12.0,Credit Card,Takeaway,2023-11-01
9250,TXN_6646684,Cookie,3.0,1.0,3.0,Cash,,2023-06-01
9252,TXN_7228322,Cookie,1.0,1.0,1.0,Credit Card,,2023-02-18
9253,TXN_3595118,Juice,2.0,3.0,6.0,Cash,In-store,2023-02-03
9254,TXN_4040941,Cookie,1.0,1.0,1.0,Cash,In-store,2023-02-20
9256,TXN_4738349,Smoothie,2.0,4.0,8.0,Digital Wallet,,2023-02-06
9257,TXN_9436284,Coffee,3.0,2.0,6.0,Credit Card,,2023-03-28
9261,TXN_4183705,Tea,2.0,1.5,3.0,Credit Card,In-store,2023-11-23
9262,TXN_5459138,Smoothie,2.0,4.0,8.0,Digital Wallet,In-store,
9265,TXN_3098503,Salad,1.0,5.0,5.0,Credit Card,Takeaway,2023-05-31
9266,TXN_1148060,Cookie,5.0,1.0,5.0,Cash,,2023-10-12
9267,TXN_5151780,Salad,4.0,5.0,20.0,Cash,Takeaway,2023-06-24
9268,TXN_3398955,Cookie,3.0,1.0,3.0,Cash,ERROR,2023-10-19
9269,TXN_8140360,Coffee,4.0,2.0,8.0,Digital Wallet,Takeaway,2023-05-05
9270,TXN_4448318,Coffee,4.0,2.0,8.0,Digital Wallet,UNKNOWN,2023-08-07
9273,TXN_2912934,Cookie,5.0,1.0,5.0,Credit Card,,2023-04-01
9274,TXN_7694996,Salad,4.0,5.0,20.0,UNKNOWN,In-store,2023-03-11
9275,TXN_5660244,Cake,5.0,3.0,15.0,Digital Wallet,,2023-10-04
9276,TXN_7873479,Cookie,1.0,1.0,1.0,Credit Card,Takeaway,2023-03-18
9277,TXN_7771516,Sandwich,3.0,4.0,12.0,UNKNOWN,,2023-05-26
9279,TXN_6775304,Tea,4.0,1.5,6.0,Cash,In-store,2023-03-08
9280,TXN_3801966,Sandwich,4.0,4.0,16.0,Digital Wallet,In-store,2023-01-14
9282,TXN_1749930,Salad,5.0,5.0,25.0,UNKNOWN,In-store,2023-07-01
9283,TXN_2210925,Juice,4.0,3.0,12.0,Cash,In-store,2023-07-06
9286,TXN_7750963,Tea,4.0,1.5,6.0,Credit Card,In-store,2023-06-09
9287,TXN_8134280,Cookie,1.0,1.0,1.0,Digital Wallet,Takeaway,2023-01-29
9289,TXN_2014042,Cookie,4.0,1.0,4.0,Digital Wallet,Takeaway,2023-10-27
9291,TXN_3550177,Salad,5.0,5.0,25.0,Cash,,2023-09-13
9293,TXN_1993503,Cookie,4.0,1.0,4.0,Credit Card,ERROR,2023-08-16
9294,TXN_4097922,Salad,3.0,5.0,15.0,Cash,,2023-01-16
9296,TXN_4648031,Tea,4.0,1.5,6.0,Digital Wallet,,2023-09-04
9300,TXN_7276478,Sandwich,5.0,4.0,20.0,Cash,Takeaway,2023-09-07
9301,TXN_6036240,Cake,4.0,3.0,12.0,Credit Card,In-store,2023-10-30
9302,TXN_1449866,Salad,4.0,5.0,20.0,Cash,,2023-09-21
9303,TXN_2882871,Salad,3.0,5.0,15.0,Credit Card,Takeaway,2023-08-30
9304,TXN_1047450,Coffee,2.0,2.0,4.0,Cash,In-store,2023-11-19
9305,TXN_9673685,Salad,1.0,5.0,5.0,Cash,In-store,2023-12-11
9306,TXN_3547569,Smoothie,4.0,4.0,16.0,Digital Wallet,In-store,2023-08-04
9307,TXN_2866587,Sandwich,3.0,4.0,12.0,Credit Card,,2023-09-16
9309,TXN_2964982,Sandwich,1.0,4.0,4.0,Digital Wallet,In-store,2023-04-15
9310,TXN_5974791,Cookie,2.0,1.0,2.0,Cash,,2023-10-22
9311,TXN_1005472,Coffee,4.0,2.0,8.0,Credit Card,,2023-04-21
9314,TXN_9896694,Sandwich,4.0,4.0,16.0,Cash,,2023-02-16
9318,TXN_5723229,Juice,5.0,3.0,15.0,Digital Wallet,Takeaway,2023-06-23
9319,TXN_1065721,Sandwich,4.0,4.0,16.0,Cash,Takeaway,2023-12-06
9320,TXN_4921791,Salad,4.0,5.0,20.0,Credit Card,,
9322,TXN_8155446,Salad,3.0,5.0,15.0,Digital Wallet,Takeaway,2023-12-20
9323,TXN_2253852,Cookie,2.0,1.0,2.0,Credit Card,Takeaway,2023-08-26
9326,TXN_6994752,Juice,4.0,3.0,12.0,Cash,Takeaway,2023-06-17
9327,TXN_7598654,Coffee,3.0,2.0,6.0,Credit Card,,2023-11-26
9330,TXN_8260297,Salad,2.0,5.0,10.0,Cash,In-store,2023-07-04
9331,TXN_7152012,Sandwich,3.0,4.0,12.0,Digital Wallet,In-store,2023-04-02
9332,TXN_7907366,Coffee,4.0,2.0,8.0,Digital Wallet,UNKNOWN,2023-01-13
9336,TXN_3645674,Tea,4.0,1.5,6.0,Cash,Takeaway,2023-07-18
9337,TXN_2464236,Cookie,5.0,1.0,5.0,Digital Wallet,,2023-04-02
9338,TXN_4543793,Sandwich,2.0,4.0,8.0,Cash,In-store,2023-10-12
9342,TXN_6960459,Coffee,1.0,2.0,2.0,Credit Card,In-store,2023-07-24
9344,TXN_3313534,Cookie,2.0,1.0,2.0,Digital Wallet,In-store,2023-01-05
9345,TXN_4969431,Salad,4.0,5.0,20.0,Credit Card,Takeaway,2023-04-11
9348,TXN_2147706,Juice,5.0,3.0,15.0,UNKNOWN,,2023-03-23
9350,TXN_4459351,Smoothie,5.0,4.0,20.0,Credit Card,,2023-12-08
9353,TXN_2575331,Cookie,5.0,1.0,5.0,Cash,In-store,2023-03-20
9354,TXN_4764236,Juice,1.0,3.0,3.0,Digital Wallet,,2023-05-29
9355,TXN_3544380,Juice,1.0,3.0,3.0,Credit Card,In-store,2023-09-13
9356,TXN_2104473,Cake,3.0,3.0,9.0,Digital Wallet,Takeaway,2023-01-01
9357,TXN_3819405,Juice,4.0,3.0,12.0,Digital Wallet,In-store,2023-02-16
9358,TXN_3512665,Salad,5.0,5.0,25.0,Credit Card,,2023-10-16
9359,TXN_1696813,Cookie,3.0,1.0,3.0,Cash,In-store,2023-04-02
9364,TXN_1984774,Tea,3.0,1.5,4.5,Cash,Takeaway,2023-11-13
9365,TXN_9886794,Cake,1.0,3.0,3.0,Cash,,2023-06-06
9367,TXN_1057760,Juice,4.0,3.0,12.0,Credit Card,Takeaway,2023-02-20
9369,TXN_6091431,Tea,3.0,1.5,4.5,Credit Card,,2023-11-16
9370,TXN_1728644,Coffee,1.0,2.0,2.0,Cash,Takeaway,2023-04-07
9371,TXN_6993624,Cake,4.0,3.0,12.0,Cash,,2023-05-09
9372,TXN_4003831,Cookie,1.0,1.0,1.0,Credit Card,,
9374,TXN_7708810,Smoothie,1.0,4.0,4.0,Cash,,2023-06-09
9376,TXN_4190431,Tea,3.0,1.5,4.5,Digital Wallet,,2023-09-23
9377,TXN_5201123,Salad,2.0,5.0,10.0,Digital Wallet,Takeaway,2023-07-12
9378,TXN_6172528,Smoothie,3.0,4.0,12.0,Credit Card,In-store,2023-05-18
9380,TXN_9877722,Sandwich,5.0,4.0,20.0,Digital Wallet,In-store,
9383,TXN_1256851,Sandwich,4.0,4.0,16.0,UNKNOWN,In-store,2023-07-29
9384,TXN_4146795,Tea,5.0,1.5,7.5,Cash,In-store,2023-10-29
9385,TXN_2203873,Tea,3.0,1.5,4.5,Digital Wallet,,2023-01-26
9386,TXN_5018462,Smoothie,5.0,4.0,20.0,Cash,In-store,2023-11-28
9387,TXN_6133971,Smoothie,5.0,4.0,20.0,Credit Card,,2023-04-18
9388,TXN_1417400,Cookie,2.0,1.0,2.0,Cash,In-store,2023-03-20
9393,TXN_8643596,Coffee,5.0,2.0,10.0,Credit Card,,2023-03-29
9395,TXN_4422898,Salad,2.0,5.0,10.0,Credit Card,In-store,2023-04-20
9396,TXN_4175191,Sandwich,2.0,4.0,8.0,Cash,ERROR,2023-11-20
9397,TXN_3196388,Salad,3.0,5.0,15.0,Cash,In-store,2023-03-04
9398,TXN_6960031,Sandwich,5.0,4.0,20.0,Digital Wallet,Takeaway,2023-04-25
9399,TXN_8963106,Coffee,5.0,2.0,10.0,Cash,In-store,2023-04-01
9402,TXN_3530118,Cake,5.0,3.0,15.0,Digital Wallet,UNKNOWN,2023-11-14
9403,TXN_7875743,Cake,5.0,3.0,15.0,Cash,Takeaway,2023-04-17
9404,TXN_1526920,Sandwich,5.0,4.0,20.0,Digital Wallet,Takeaway,
9405,TXN_1933315,Juice,2.0,3.0,6.0,Digital Wallet,In-store,2023-09-29
9407,TXN_5252187,Sandwich,1.0,4.0,4.0,Cash,,2023-01-20
9408,TXN_4668931,Juice,3.0,3.0,9.0,Cash,In-store,2023-07-09
9409,TXN_2504703,Smoothie,5.0,4.0,20.0,Digital Wallet,Takeaway,2023-01-09
9410,TXN_3113428,Juice,2.0,3.0,6.0,Cash,In-store,2023-10-30
9411,TXN_9663941,Juice,4.0,3.0,12.0,Cash,In-store,
9413,TXN_9034955,Cookie,1.0,1.0,1.0,Credit Card,In-store,2023-09-07
9416,TXN_9344399,Cookie,2.0,1.0,2.0,UNKNOWN,,2023-12-04
9419,TXN_3546303,Tea,2.0,1.5,3.0,Digital Wallet,Takeaway,2023-09-11
9422,TXN_7838802,Cookie,2.0,1.0,2.0,Credit Card,Takeaway,2023-11-20
9423,TXN_6736326,Salad,2.0,5.0,10.0,Credit Card,In-store,2023-04-14
9424,TXN_2536021,Cookie,5.0,1.0,5.0,UNKNOWN,Takeaway,2023-10-02
9428,TXN_4635386,Tea,1.0,1.5,1.5,Credit Card,Takeaway,
9429,TXN_5466291,Salad,1.0,5.0,5.0,Credit Card,ERROR,2023-09-19
9430,TXN_2643389,Sandwich,2.0,4.0,8.0,Credit Card,,2023-08-24
9431,TXN_9817135,Salad,1.0,5.0,5.0,Digital Wallet,ERROR,2023-03-25
9433,TXN_9327861,Tea,5.0,1.5,7.5,Credit Card,In-store,2023-07-17
9434,TXN_3971440,Cake,4.0,3.0,12.0,Digital Wallet,Takeaway,2023-10-22
9435,TXN_8494583,Cookie,5.0,1.0,5.0,Credit Card,In-store,2023-11-29
9436,TXN_8083377,Tea,4.0,1.5,6.0,Digital Wallet,In-store,2023-01-06
9438,TXN_8340038,Tea,1.0,1.5,1.5,Digital Wallet,In-store,2023-07-15
9439,TXN_2275799,Sandwich,3.0,4.0,12.0,Digital Wallet,In-store,2023-10-04
9440,TXN_3497691,Smoothie,4.0,4.0,16.0,Credit Card,,2023-09-06
9444,TXN_4618211,Smoothie,4.0,4.0,16.0,Cash,,2023-09-12
9446,TXN_4374260,Cookie,1.0,1.0,1.0,Cash,UNKNOWN,2023-04-20
9447,TXN_1946773,Sandwich,4.0,4.0,16.0,Cash,,2023-08-28
9449,TXN_7661094,Salad,4.0,5.0,20.0,Cash,,2023-07-21
9452,TXN_1861717,Tea,2.0,1.5,3.0,Cash,In-store,2023-11-10
9453,TXN_3421079,Smoothie,1.0,4.0,4.0,Credit Card,In-store,2023-12-18
9455,TXN_7636536,Cookie,2.0,1.0,2.0,Cash,,2023-05-06
9456,TXN_4971607,Smoothie,5.0,4.0,20.0,Cash,In-store,2023-03-30
9458,TXN_9701622,Cookie,5.0,1.0,5.0,Digital Wallet,,2023-09-24
9459,TXN_6966241,Juice,2.0,3.0,6.0,Digital Wallet,In-store,2023-04-13
9463,TXN_2226371,Cake,1.0,3.0,3.0,Cash,,2023-11-18
9465,TXN_5777164,Smoothie,1.0,4.0,4.0,Credit Card,Takeaway,2023-02-07
9467,TXN_3787234,Tea,2.0,1.5,3.0,Digital Wallet,In-store,2023-03-15
9468,TXN_4525646,Cake,3.0,3.0,9.0,Credit Card,,2023-07-07
9470,TXN_8649416,Cake,5.0,3.0,15.0,Credit Card,Takeaway,2023-09-21
9473,TXN_9237291,Juice,2.0,3.0,6.0,Credit Card,ERROR,2023-09-22
9475,TXN_4565080,Smoothie,4.0,4.0,16.0,Digital Wallet,In-store,2023-09-28
9476,TXN_8348710,Coffee,1.0,2.0,2.0,Cash,In-store,2023-12-27
9479,TXN_8495889,Cake,1.0,3.0,3.0,Cash,Takeaway,2023-06-26
9480,TXN_5064188,Sandwich,4.0,4.0,16.0,Credit Card,UNKNOWN,2023-12-08
9481,TXN_6104335,Smoothie,2.0,4.0,8.0,Credit Card,,2023-11-13
9482,TXN_5313435,Salad,4.0,5.0,20.0,Cash,,2023-02-18
9484,TXN_9897215,Cake,3.0,3.0,9.0,Credit Card,,2023-11-22
9485,TXN_7764175,Salad,3.0,5.0,15.0,Cash,In-store,2023-09-02
9488,TXN_2053125,Salad,1.0,5.0,5.0,Digital Wallet,,2023-07-26
9489,TXN_2522828,Smoothie,4.0,4.0,16.0,Credit Card,,2023-01-15
9491,TXN_6419317,Sandwich,4.0,4.0,16.0,Credit Card,ERROR,2023-02-25
9492,TXN_5939950,Sandwich,2.0,4.0,8.0,Cash,ERROR,2023-06-16
9494,TXN_8316135,Salad,3.0,5.0,15.0,Digital Wallet,Takeaway,2023-11-06
9495,TXN_7910956,Coffee,5.0,2.0,10.0,Digital Wallet,In-store,2023-07-21
9496,TXN_1142233,Tea,5.0,1.5,7.5,Digital Wallet,Takeaway,2023-09-01
9499,TXN_3786518,Salad,1.0,5.0,5.0,Credit Card,In-store,2023-09-16
9504,TXN_8532735,Coffee,2.0,2.0,4.0,Cash,Takeaway,2023-07-28
9505,TXN_1697299,Smoothie,3.0,4.0,12.0,Cash,In-store,2023-10-08
9506,TXN_5785639,Salad,1.0,5.0,5.0,Credit Card,,2023-04-10
9507,TXN_8445753,Tea,4.0,1.5,6.0,Cash,Takeaway,2023-04-07
9510,TXN_6612143,Tea,5.0,1.5,7.5,Cash,In-store,2023-11-07
9511,TXN_8352416,Salad,1.0,5.0,5.0,Digital Wallet,In-store,2023-07-26
9512,TXN_5498693,Cake,4.0,3.0,12.0,UNKNOWN,,2023-05-13
9515,TXN_8330837,Juice,3.0,3.0,9.0,Digital Wallet,,2023-10-13
9517,TXN_3455103,Salad,1.0,5.0,5.0,Digital Wallet,Takeaway,2023-04-22
9519,TXN_4216294,Tea,4.0,1.5,6.0,Cash,In-store,2023-10-19
9520,TXN_3002889,Coffee,3.0,2.0,6.0,Digital Wallet,UNKNOWN,2023-10-22
9523,TXN_4008135,Cookie,5.0,1.0,5.0,Cash,Takeaway,2023-11-25
9526,TXN_5654331,Coffee,4.0,2.0,8.0,Cash,In-store,2023-07-31
9527,TXN_1213938,Salad,5.0,5.0,25.0,Digital Wallet,Takeaway,2023-07-06
9528,TXN_2522182,Salad,2.0,5.0,10.0,Digital Wallet,In-store,2023-11-11
9529,TXN_5329431,Sandwich,3.0,4.0,12.0,Credit Card,In-store,2023-10-03
9531,TXN_8482887,Salad,1.0,5.0,5.0,Digital Wallet,Takeaway,2023-10-29
9532,TXN_3883425,Smoothie,5.0,4.0,20.0,Digital Wallet,UNKNOWN,2023-07-09
9534,TXN_7388851,Smoothie,1.0,4.0,4.0,Digital Wallet,,2023-09-30
9536,TXN_5471175,Cookie,4.0,1.0,4.0,Cash,,2023-04-16
9538,TXN_3641001,Smoothie,3.0,4.0,12.0,Digital Wallet,ERROR,2023-11-10
9539,TXN_6446441,Salad,3.0,5.0,15.0,Digital Wallet,,2023-02-18
9541,TXN_7391138,Tea,5.0,1.5,7.5,Cash,,2023-08-23
9542,TXN_9548077,Tea,2.0,1.5,3.0,Cash,In-store,2023-07-05
9543,TXN_9185022,Sandwich,3.0,4.0,12.0,Digital Wallet,In-store,2023-06-19
9544,TXN_6841993,Juice,3.0,3.0,9.0,Cash,Takeaway,2023-09-15
9546,TXN_9541057,Juice,4.0,3.0,12.0,Cash,In-store,2023-04-24
9548,TXN_2451247,Tea,4.0,1.5,6.0,Digital Wallet,Takeaway,2023-02-14
9549,TXN_6272908,Juice,3.0,3.0,9.0,Cash,Takeaway,2023-12-01
9551,TXN_7785034,Smoothie,4.0,4.0,16.0,UNKNOWN,Takeaway,2023-11-09
9552,TXN_4048690,Cake,3.0,3.0,9.0,Cash,In-store,2023-09-06
9555,TXN_3919995,Tea,3.0,1.5,4.5,Cash,Takeaway,2023-01-26
9556,TXN_3522385,Smoothie,4.0,4.0,16.0,Credit Card,Takeaway,2023-03-19
9558,TXN_9756401,Salad,3.0,5.0,15.0,Cash,In-store,2023-02-04
9559,TXN_1937081,Cake,2.0,3.0,6.0,Credit Card,,2023-06-07
9562,TXN_7260110,Salad,5.0,5.0,25.0,Credit Card,In-store,2023-03-07
9563,TXN_1588687,Coffee,2.0,2.0,4.0,Digital Wallet,Takeaway,2023-08-22
9565,TXN_3864453,Cookie,5.0,1.0,5.0,Digital Wallet,,2023-11-15
9567,TXN_3674876,Smoothie,5.0,4.0,20.0,Cash,Takeaway,
9570,TXN_3125699,Juice,1.0,3.0,3.0,Credit Card,Takeaway,2023-02-05
9571,TXN_5106316,Sandwich,5.0,4.0,20.0,Digital Wallet,Takeaway,2023-01-23
9572,TXN_5666369,Juice,2.0,3.0,6.0,Digital Wallet,In-store,2023-07-17
9573,TXN_7712807,Smoothie,4.0,4.0,16.0,Credit Card,,2023-02-17
9574,TXN_8199561,Cookie,4.0,1.0,4.0,UNKNOWN,,2023-07-31
9576,TXN_4082099,Juice,2.0,3.0,6.0,Credit Card,In-store,2023-06-01
9584,TXN_8955306,Coffee,3.0,2.0,6.0,Credit Card,In-store,2023-10-14
9585,TXN_7851403,Coffee,5.0,2.0,10.0,Credit Card,Takeaway,2023-03-06
9586,TXN_5288715,Juice,3.0,3.0,9.0,Digital Wallet,,2023-04-19
9587,TXN_7108056,Juice,3.0,3.0,9.0,Credit Card,,2023-01-25
9591,TXN_8807429,Cookie,4.0,1.0,4.0,Digital Wallet,,2023-07-21
9592,TXN_3340550,Juice,2.0,3.0,6.0,Digital Wallet,ERROR,2023-05-02
9594,TXN_6403012,Juice,5.0,3.0,15.0,Cash,In-store,2023-07-23
9595,TXN_4176272,Coffee,1.0,2.0,2.0,Digital Wallet,,2023-06-06
9598,TXN_2294776,Juice,4.0,3.0,12.0,Credit Card,Takeaway,2023-04-10
9599,TXN_8068515,Cookie,1.0,1.0,1.0,Cash,Takeaway,2023-06-16
9601,TXN_2556999,Tea,1.0,1.5,1.5,Credit Card,Takeaway,2023-08-14
9603,TXN_6564856,Tea,5.0,1.5,7.5,Digital Wallet,Takeaway,2023-02-16
9604,TXN_4822256,Smoothie,1.0,4.0,4.0,Credit Card,,2023-11-11
9606,TXN_4976485,Salad,5.0,5.0,25.0,UNKNOWN,Takeaway,2023-07-10
9607,TXN_4856060,Juice,1.0,3.0,3.0,Cash,,2023-07-29
9608,TXN_3967103,Coffee,5.0,2.0,10.0,Cash,,2023-11-14
9609,TXN_8746881,Cake,2.0,3.0,6.0,UNKNOWN,,2023-11-07
9611,TXN_8732682,Salad,5.0,5.0,25.0,Credit Card,In-store,2023-04-07
9612,TXN_3687257,Tea,4.0,1.5,6.0,Credit Card,Takeaway,2023-03-27
9613,TXN_3616839,Cake,4.0,3.0,12.0,Digital Wallet,,2023-04-01
9614,TXN_2875074,Cake,4.0,3.0,12.0,Credit Card,Takeaway,2023-02-06
9615,TXN_5470909,Cookie,4.0,1.0,4.0,Credit Card,In-store,2023-10-21
9617,TXN_3587915,Salad,2.0,5.0,10.0,Digital Wallet,Takeaway,2023-06-24
9619,TXN_9342366,Smoothie,3.0,4.0,12.0,Credit Card,,2023-02-18
9622,TXN_7226052,Sandwich,3.0,4.0,12.0,Cash,In-store,2023-02-21
9625,TXN_8112788,Smoothie,1.0,4.0,4.0,Credit Card,Takeaway,2023-08-07
9626,TXN_4179583,Smoothie,3.0,4.0,12.0,Digital Wallet,Takeaway,2023-06-13
9627,TXN_3787265,Salad,1.0,5.0,5.0,Credit Card,In-store,2023-12-16
9628,TXN_3577683,Cookie,2.0,1.0,2.0,Digital Wallet,In-store,2023-09-17
9631,TXN_4940237,Cake,2.0,3.0,6.0,Cash,Takeaway,2023-08-03
9632,TXN_8765822,Cake,1.0,3.0,3.0,Credit Card,Takeaway,2023-03-22
9633,TXN_3205813,Juice,3.0,3.0,9.0,Cash,In-store,2023-04-25
9635,TXN_5751040,Tea,5.0,1.5,7.5,Cash,ERROR,2023-02-27
9638,TXN_3454877,Sandwich,5.0,4.0,20.0,Credit Card,,2023-04-19
9639,TXN_1837764,Tea,3.0,1.5,4.5,Cash,In-store,2023-07-30
9642,TXN_1927404,Juice,1.0,3.0,3.0,Digital Wallet,,2023-12-22
9644,TXN_5012988,Salad,3.0,5.0,15.0,Credit Card,,2023-08-17
9645,TXN_1534763,Cookie,2.0,1.0,2.0,Cash,Takeaway,2023-09-17
9646,TXN_4485458,Sandwich,4.0,4.0,16.0,Cash,Takeaway,2023-12-08
9648,TXN_3964550,Tea,3.0,1.5,4.5,Credit Card,Takeaway,2023-06-09
9651,TXN_4529101,Cookie,2.0,1.0,2.0,Digital Wallet,In-store,2023-09-17
9652,TXN_2391534,Cookie,3.0,1.0,3.0,Credit Card,,2023-05-06
9653,TXN_8379919,Cookie,3.0,1.0,3.0,Digital Wallet,,2023-12-04
9655,TXN_6219977,Cookie,2.0,1.0,2.0,Credit Card,,2023-12-17
9656,TXN_5731238,Cake,2.0,3.0,6.0,Credit Card,,2023-03-27
9658,TXN_2375667,Salad,1.0,5.0,5.0,Cash,,2023-12-28
9659,TXN_5213761,Coffee,3.0,2.0,6.0,Digital Wallet,Takeaway,2023-08-18
9660,TXN_1427485,Coffee,3.0,2.0,6.0,Credit Card,,2023-07-19
9667,TXN_9535721,Cake,5.0,3.0,15.0,Digital Wallet,In-store,2023-08-03
9668,TXN_2161372,Juice,1.0,3.0,3.0,Credit Card,Takeaway,2023-12-17
9670,TXN_5478129,Juice,4.0,3.0,12.0,Credit Card,,2023-01-22
9671,TXN_7267366,Sandwich,3.0,4.0,12.0,Digital Wallet,Takeaway,2023-06-02
9674,TXN_8688603,Coffee,2.0,2.0,4.0,Cash,,2023-05-05
9675,TXN_6148811,Tea,5.0,1.5,7.5,Credit Card,Takeaway,2023-06-18
9676,TXN_2827259,Tea,3.0,1.5,4.5,Credit Card,Takeaway,
9678,TXN_5426507,Juice,2.0,3.0,6.0,Cash,Takeaway,2023-06-13
9679,TXN_3855408,Cookie,1.0,1.0,1.0,Cash,Takeaway,2023-06-02
9680,TXN_6992783,Tea,1.0,1.5,1.5,Digital Wallet,Takeaway,2023-01-29
9681,TXN_8801160,Salad,2.0,5.0,10.0,Cash,In-store,
9683,TXN_9158251,Salad,2.0,5.0,10.0,Credit Card,,2023-03-24
9687,TXN_2785262,Salad,3.0,5.0,15.0,Cash,Takeaway,2023-08-30
9688,TXN_9944730,Tea,1.0,1.5,1.5,Digital Wallet,,2023-04-10
9691,TXN_7316790,Coffee,1.0,2.0,2.0,Credit Card,In-store,2023-11-07
9692,TXN_4663529,Sandwich,5.0,4.0,20.0,Digital Wallet,ERROR,2023-12-24
9695,TXN_7229543,Cake,1.0,3.0,3.0,Credit Card,UNKNOWN,2023-07-10
9696,TXN_4330643,Cookie,3.0,1.0,3.0,Cash,Takeaway,2023-05-15
9701,TXN_5766532,Smoothie,5.0,4.0,20.0,Cash,In-store,2023-06-23
9702,TXN_5476485,Juice,2.0,3.0,6.0,Cash,In-store,2023-01-07
9704,TXN_2581559,Sandwich,1.0,4.0,4.0,Credit Card,Takeaway,2023-03-25
9705,TXN_9146123,Coffee,2.0,2.0,4.0,Digital Wallet,,2023-12-12
9707,TXN_5968921,Salad,5.0,5.0,25.0,Credit Card,Takeaway,2023-10-10
9708,TXN_6895558,Coffee,2.0,2.0,4.0,Credit Card,UNKNOWN,2023-04-10
9709,TXN_6428404,Salad,2.0,5.0,10.0,Digital Wallet,In-store,2023-02-06
9710,TXN_6762311,Juice,1.0,3.0,3.0,Credit Card,Takeaway,
9711,TXN_1190402,Cake,1.0,3.0,3.0,Credit Card,Takeaway,2023-12-01
9714,TXN_6349424,Sandwich,5.0,4.0,20.0,Cash,Takeaway,2023-02-24
9715,TXN_1401771,Sandwich,2.0,4.0,8.0,Cash,,2023-12-08
9718,TXN_3851928,Juice,3.0,3.0,9.0,Credit Card,In-store,2023-02-07
9722,TXN_7791293,Salad,3.0,5.0,15.0,Credit Card,Takeaway,2023-04-08
9724,TXN_2653224,Juice,3.0,3.0,9.0,Digital Wallet,,2023-03-27
9726,TXN_4693942,Sandwich,4.0,4.0,16.0,Cash,Takeaway,2023-12-16
9729,TXN_5563486,Juice,5.0,3.0,15.0,Digital Wallet,In-store,2023-03-13
9732,TXN_5697414,Cake,5.0,3.0,15.0,Credit Card,In-store,2023-02-16
9733,TXN_5434310,Smoothie,3.0,4.0,12.0,Cash,,2023-11-21
9735,TXN_5422843,Sandwich,2.0,4.0,8.0,Cash,In-store,2023-07-21
9736,TXN_1704041,Coffee,4.0,2.0,8.0,Credit Card,,2023-05-21
9737,TXN_9729178,Coffee,3.0,2.0,6.0,Credit Card,,2023-05-28
9739,TXN_6805057,Cookie,4.0,1.0,4.0,Credit Card,,2023-10-15
9740,TXN_8162690,Salad,2.0,5.0,10.0,Digital Wallet,,2023-05-08
9741,TXN_7089712,Cake,5.0,3.0,15.0,Cash,,2023-08-13
9743,TXN_4834450,Cake,2.0,3.0,6.0,Cash,,2023-06-26
9745,TXN_6650875,Cookie,5.0,1.0,5.0,Credit Card,Takeaway,2023-01-29
9746,TXN_2133223,Cake,3.0,3.0,9.0,Cash,,2023-11-17
9748,TXN_9575926,Sandwich,3.0,4.0,12.0,Credit Card,UNKNOWN,2023-12-12
9749,TXN_5425911,Smoothie,1.0,4.0,4.0,Digital Wallet,,2023-11-30
9751,TXN_9860308,Smoothie,2.0,4.0,8.0,Digital Wallet,,2023-02-20
9754,TXN_7896733,Cake,4.0,3.0,12.0,Digital Wallet,,2023-06-03
9757,TXN_3898445,Sandwich,3.0,4.0,12.0,Cash,Takeaway,2023-06-17
9758,TXN_8588758,Sandwich,4.0,4.0,16.0,Credit Card,In-store,
9759,TXN_7641606,Coffee,3.0,2.0,6.0,Credit Card,Takeaway,2023-12-26
9765,TXN_1805937,Juice,3.0,3.0,9.0,Credit Card,,2023-06-12
9767,TXN_4717715,Sandwich,3.0,4.0,12.0,Digital Wallet,,2023-07-27
9770,TXN_2672972,Sandwich,1.0,4.0,4.0,Digital Wallet,Takeaway,2023-06-15
9772,TXN_6970542,Sandwich,4.0,4.0,16.0,Credit Card,,2023-08-04
9773,TXN_6091542,Juice,5.0,3.0,15.0,Digital Wallet,Takeaway,2023-01-17
9774,TXN_4184461,Salad,2.0,5.0,10.0,Digital Wallet,In-store,2023-02-22
9775,TXN_3224397,Cookie,4.0,1.0,4.0,Digital Wallet,Takeaway,2023-05-15
9776,TXN_2772639,Tea,4.0,1.5,6.0,Credit Card,In-store,2023-08-30
9778,TXN_5109348,Cake,4.0,3.0,12.0,Digital Wallet,In-store,2023-02-10
9779,TXN_6137985,Coffee,5.0,2.0,10.0,Credit Card,In-store,2023-03-15
9781,TXN_3526255,Smoothie,4.0,4.0,16.0,UNKNOWN,Takeaway,2023-06-23
9782,TXN_7310356,Juice,4.0,3.0,12.0,Digital Wallet,,2023-10-20
9783,TXN_9054074,Cake,1.0,3.0,3.0,Credit Card,Takeaway,2023-10-15
9785,TXN_6715991,Juice,1.0,3.0,3.0,Cash,,2023-06-18
9786,TXN_2271725,Smoothie,5.0,4.0,20.0,Cash,,2023-12-21
9787,TXN_1488481,Coffee,4.0,2.0,8.0,Credit Card,Takeaway,2023-07-28
9790,TXN_2860281,Smoothie,4.0,4.0,16.0,Cash,,2023-09-19
9791,TXN_1232346,Salad,5.0,5.0,25.0,Digital Wallet,In-store,2023-01-04
9792,TXN_1911093,Tea,2.0,1.5,3.0,Digital Wallet,In-store,2023-10-07
9793,TXN_1672229,Cookie,2.0,1.0,2.0,Cash,,2023-11-12
9794,TXN_7056162,Smoothie,3.0,4.0,12.0,Digital Wallet,In-store,2023-03-04
9795,TXN_2064049,Salad,4.0,5.0,20.0,Credit Card,Takeaway,2023-09-21
9799,TXN_6826409,Sandwich,1.0,4.0,4.0,Credit Card,Takeaway,2023-10-21
9801,TXN_5309677,Coffee,4.0,2.0,8.0,Cash,In-store,2023-08-09
9802,TXN_6011106,Juice,2.0,3.0,6.0,Digital Wallet,,2023-09-07
9803,TXN_4714592,Tea,1.0,1.5,1.5,Cash,,2023-06-02
9804,TXN_6704284,Salad,2.0,5.0,10.0,Credit Card,Takeaway,2023-08-31
9806,TXN_2354394,Tea,4.0,1.5,6.0,Cash,In-store,2023-04-17
9808,TXN_7826516,Cake,4.0,3.0,12.0,Credit Card,,2023-06-21
9810,TXN_6097664,Salad,4.0,5.0,20.0,Digital Wallet,In-store,2023-11-27
9812,TXN_1272815,Juice,4.0,3.0,12.0,Credit Card,,2023-08-07
9813,TXN_4755623,Juice,3.0,3.0,9.0,Cash,,2023-11-23
9814,TXN_8261045,Tea,3.0,1.5,4.5,Cash,,2023-01-21
9816,TXN_1660104,Smoothie,2.0,4.0,8.0,Credit Card,Takeaway,2023-02-04
9817,TXN_6589078,Tea,3.0,1.5,4.5,Digital Wallet,,2023-08-03
9818,TXN_6306555,Smoothie,1.0,4.0,4.0,Digital Wallet,Takeaway,2023-04-12
9821,TXN_2079029,Cake,5.0,3.0,15.0,Cash,In-store,2023-05-11
9823,TXN_2845506,Tea,2.0,1.5,3.0,Digital Wallet,Takeaway,2023-12-30
9824,TXN_8565799,Smoothie,4.0,4.0,16.0,Credit Card,In-store,2023-04-22
9825,TXN_3052584,Salad,1.0,5.0,5.0,Cash,In-store,2023-01-21
9826,TXN_1530892,Juice,2.0,3.0,6.0,Digital Wallet,,2023-09-09
9827,TXN_3392953,Coffee,1.0,2.0,2.0,Digital Wallet,Takeaway,2023-01-06
9828,TXN_4606893,Juice,5.0,3.0,15.0,Digital Wallet,In-store,2023-05-24
9830,TXN_1759063,Cookie,2.0,1.0,2.0,Digital Wallet,Takeaway,2023-09-09
9831,TXN_1706896,Smoothie,3.0,4.0,12.0,Cash,,2023-07-15
9833,TXN_5536245,Smoothie,4.0,4.0,16.0,Cash,,
9834,TXN_1976619,Coffee,2.0,2.0,4.0,Digital Wallet,,2023-08-02
9835,TXN_7953750,Sandwich,5.0,4.0,20.0,Cash,In-store,2023-06-16
9837,TXN_8367194,Juice,1.0,3.0,3.0,Digital Wallet,Takeaway,2023-02-04
9838,TXN_6744733,Sandwich,1.0,4.0,4.0,Cash,Takeaway,
9839,TXN_4959078,Cake,2.0,3.0,6.0,Digital Wallet,Takeaway,2023-09-13
9842,TXN_7922350,Coffee,2.0,2.0,4.0,UNKNOWN,Takeaway,2023-05-09
9845,TXN_1928401,Sandwich,5.0,4.0,20.0,Digital Wallet,In-store,2023-06-15
9847,TXN_7861799,Cookie,2.0,1.0,2.0,Cash,Takeaway,2023-05-23
9849,TXN_9679675,Coffee,1.0,2.0,2.0,Cash,,2023-07-07
9850,TXN_2562041,Cake,5.0,3.0,15.0,Cash,Takeaway,2023-12-24
9851,TXN_2738904,Smoothie,4.0,4.0,16.0,Digital Wallet,,2023-11-23
9853,TXN_9266499,Cake,1.0,3.0,3.0,Digital Wallet,UNKNOWN,2023-02-16
9854,TXN_9196229,Sandwich,5.0,4.0,20.0,Credit Card,,2023-12-08
9856,TXN_4308634,Coffee,3.0,2.0,6.0,Cash,In-store,2023-02-14
9858,TXN_6838411,Coffee,1.0,2.0,2.0,Cash,,2023-07-04
9859,TXN_7548396,Tea,2.0,1.5,3.0,Digital Wallet,,2023-04-06
9860,TXN_8786286,Sandwich,5.0,4.0,20.0,Digital Wallet,,2023-05-28
9862,TXN_7461658,Coffee,3.0,2.0,6.0,Credit Card,,2023-08-13
9863,TXN_6017034,Cake,4.0,3.0,12.0,UNKNOWN,,2023-10-06
9864,TXN_3649492,Salad,4.0,5.0,20.0,Digital Wallet,,2023-12-01
9866,TXN_8150967,Smoothie,3.0,4.0,12.0,Cash,,2023-01-08
9867,TXN_3792683,Salad,4.0,5.0,20.0,Digital Wallet,In-store,2023-08-06
9868,TXN_4006067,Juice,4.0,3.0,12.0,Cash,Takeaway,2023-01-30
9870,TXN_3456242,Sandwich,5.0,4.0,20.0,Credit Card,,2023-04-28
9871,TXN_1928131,Smoothie,1.0,4.0,4.0,Credit Card,Takeaway,2023-04-17
9872,TXN_8318388,Cake,5.0,3.0,15.0,UNKNOWN,UNKNOWN,2023-11-26
9873,TXN_8270768,Juice,5.0,3.0,15.0,Digital Wallet,Takeaway,2023-02-28
9874,TXN_4157300,Tea,4.0,1.5,6.0,Cash,Takeaway,2023-09-23
9875,TXN_3224156,Cookie,1.0,1.0,1.0,Credit Card,In-store,2023-03-16
9879,TXN_6393305,Salad,5.0,5.0,25.0,Digital Wallet,In-store,2023-10-19
9881,TXN_3069563,Sandwich,2.0,4.0,8.0,Cash,UNKNOWN,2023-04-25
9882,TXN_1728427,Coffee,5.0,2.0,10.0,Cash,,2023-02-11
9883,TXN_9176288,Tea,2.0,1.5,3.0,Digital Wallet,In-store,2023-02-08
9884,TXN_9071439,Juice,3.0,3.0,9.0,Credit Card,,2023-02-05
9886,TXN_1841204,Salad,3.0,5.0,15.0,Digital Wallet,In-store,2023-04-18
9888,TXN_8330240,Sandwich,4.0,4.0,16.0,Digital Wallet,,2023-06-06
9889,TXN_3534588,Salad,1.0,5.0,5.0,Cash,ERROR,2023-07-05
9890,TXN_2749289,Smoothie,2.0,4.0,8.0,Digital Wallet,Takeaway,2023-05-05
9894,TXN_4339925,Cookie,1.0,1.0,1.0,Cash,Takeaway,2023-11-23
9897,TXN_9503145,Juice,5.0,3.0,15.0,Digital Wallet,,2023-09-21
9898,TXN_8999360,Juice,3.0,3.0,9.0,Cash,Takeaway,2023-09-27
9899,TXN_6188262,Juice,1.0,3.0,3.0,Cash,Takeaway,2023-10-24
9900,TXN_5967452,Juice,5.0,3.0,15.0,Credit Card,,2023-03-07
9901,TXN_9053365,Cookie,1.0,1.0,1.0,Digital Wallet,In-store,2023-07-15
9902,TXN_3706457,Tea,5.0,1.5,7.5,Credit Card,Takeaway,2023-07-18
9903,TXN_9612533,Cake,2.0,3.0,6.0,Digital Wallet,In-store,2023-01-26
9904,TXN_4948026,Tea,4.0,1.5,6.0,Digital Wallet,In-store,2023-07-02
9905,TXN_8741663,Smoothie,1.0,4.0,4.0,Credit Card,Takeaway,2023-01-21
9906,TXN_7249396,Cake,1.0,3.0,3.0,Cash,,2023-09-26
9908,TXN_8922585,Salad,5.0,5.0,25.0,Credit Card,UNKNOWN,2023-06-22
9909,TXN_2112522,Sandwich,5.0,4.0,20.0,Digital Wallet,Takeaway,2023-04-30
9913,TXN_8408353,Tea,1.0,1.5,1.5,Credit Card,UNKNOWN,2023-12-13
9914,TXN_6420902,Cake,3.0,3.0,9.0,Credit Card,Takeaway,2023-11-22
9916,TXN_4767609,Coffee,3.0,2.0,6.0,Digital Wallet,In-store,2023-10-15
9917,TXN_1425591,Smoothie,1.0,4.0,4.0,Cash,,2023-09-10
9920,TXN_4365321,Salad,4.0,5.0,20.0,Cash,In-store,2023-03-09
9921,TXN_4457299,Smoothie,3.0,4.0,12.0,Credit Card,In-store,2023-09-19
9925,TXN_9036527,Smoothie,4.0,4.0,16.0,Digital Wallet,,2023-06-27
9929,TXN_6049240,Juice,1.0,3.0,3.0,Cash,,2023-05-31
9934,TXN_1169615,Smoothie,5.0,4.0,20.0,Digital Wallet,In-store,2023-03-16
9936,TXN_1949093,Smoothie,2.0,4.0,8.0,Cash,,2023-02-05
9938,TXN_9357808,Sandwich,4.0,4.0,16.0,Cash,,2023-05-20
9939,TXN_9026468,Sandwich,2.0,4.0,8.0,Credit Card,ERROR,2023-08-23
9940,TXN_8273780,Salad,2.0,5.0,10.0,Digital Wallet,Takeaway,2023-10-15
9941,TXN_4224427,Juice,4.0,3.0,12.0,Cash,Takeaway,2023-01-23
9942,TXN_5344848,Salad,1.0,5.0,5.0,Digital Wallet,Takeaway,2023-09-27
9943,TXN_6411708,Coffee,4.0,2.0,8.0,Credit Card,In-store,2023-05-20
9945,TXN_8153550,Cookie,2.0,1.0,2.0,Cash,Takeaway,2023-10-12
9947,TXN_5921442,Smoothie,4.0,4.0,16.0,Cash,Takeaway,2023-02-04
9950,TXN_2818204,Cake,1.0,3.0,3.0,Digital Wallet,,2023-03-09
9952,TXN_9407169,Sandwich,1.0,4.0,4.0,Digital Wallet,,2023-01-28
9953,TXN_8966400,Cake,5.0,3.0,15.0,Credit Card,Takeaway,2023-11-29
9954,TXN_1191659,Coffee,4.0,2.0,8.0,Credit Card,In-store,2023-11-21
9959,TXN_4556831,Juice,2.0,3.0,6.0,Digital Wallet,In-store,2023-05-28
9962,TXN_4723089,Sandwich,4.0,4.0,16.0,Cash,In-store,2023-05-23
9965,TXN_5846013,Tea,2.0,1.5,3.0,Digital Wallet,,2023-12-20
9968,TXN_8866974,Smoothie,3.0,4.0,12.0,Digital Wallet,Takeaway,2023-03-14
9969,TXN_9954652,Coffee,2.0,2.0,4.0,Cash,In-store,2023-09-12
9970,TXN_5762440,Sandwich,5.0,4.0,20.0,Cash,In-store,2023-03-05
9971,TXN_6120851,Salad,5.0,5.0,25.0,Cash,Takeaway,2023-02-04
9972,TXN_3124078,Cake,4.0,3.0,12.0,UNKNOWN,In-store,2023-08-06
9973,TXN_7936002,Salad,2.0,5.0,10.0,Digital Wallet,,2023-01-26
9974,TXN_8076061,Tea,4.0,1.5,6.0,Cash,In-store,2023-04-01
9975,TXN_9668108,Cake,1.0,3.0,3.0,Cash,In-store,2023-01-20
9977,TXN_5548914,Juice,2.0,3.0,6.0,Digital Wallet,In-store,2023-11-04
9979,TXN_9933628,Smoothie,5.0,4.0,20.0,Cash,In-store,2023-07-20
9980,TXN_6796890,Tea,4.0,1.5,6.0,UNKNOWN,,2023-08-24
9983,TXN_9226047,Smoothie,3.0,4.0,12.0,Cash,,
9986,TXN_2858441,Sandwich,2.0,4.0,8.0,Credit Card,In-store,2023-12-14
9987,TXN_1784478,Juice,5.0,3.0,15.0,Cash,,2023-07-31
9989,TXN_1741685,Juice,5.0,3.0,15.0,Cash,,2023-08-18
9990,TXN_1538510,Coffee,5.0,2.0,10.0,Digital Wallet,,2023-05-22
9991,TXN_3897619,Sandwich,3.0,4.0,12.0,Cash,Takeaway,2023-02-24
9992,TXN_2739140,Smoothie,4.0,4.0,16.0,UNKNOWN,In-store,2023-07-05
9993,TXN_4766549,Smoothie,2.0,4.0,8.0,Cash,,2023-10-20
9997,TXN_5255387,Coffee,4.0,2.0,8.0,Digital Wallet,,2023-03-02
9999,TXN_6170729,Sandwich,3.0,4.0,12.0,Cash,In-store,2023-11-07
